


ARM Macro Assembler    Page 1 


    1 00000000                 AREA             |.text|, CODE, READONLY
    2 00000000                 THUMB
    3 00000000         
    4 00000000         
    5 00000000         
    6 00000000         ;  Rx_0scan 功能描述
    7 00000000         ;  将Rx翻转到 0xFFFFFFFF,0xFFFFFFFE
    8 00000000         ;             0x7FFFFFFF,0xBFFFFFFF,0xDFFFFFFF,0xEFFFFFF
                       F
    9 00000000         ;             0xF7FFFFFF,0xFBFFFFFF,0xFDFFFFFF,0xFEFFFFF
                       F
   10 00000000         ;             0xFF7FFFFF,0xFFBFFFFF,0xFFDFFFFF,0xFFEFFFF
                       F
   11 00000000         ;             ......    ,......    ,......    ,......
   12 00000000         ;             0xFFFFFFF7,0xFFFFFFFB,0xFFFFFFFD,循环结束
   13 00000000         ;   实现将Rx寄存器逐位有0变1的目的，检测寄存器各个位是否
                       正常从0变1
   14 00000000         
   15 00000000         r0_0scan
                               PROC
   16 00000000                 EXPORT           r0_0scan
   17 00000000         
   18 00000000 B412            PUSH             {R1,R4}
   19 00000002         
   20 00000002         ;0xFFFFFFFF assign
   21 00000002 2400            MOVS             R4, #0      ;R4 = 0 
   22 00000004 43E2            MVNS             R2, R4      ;R4的值取反后赋给R2
                                                            ,R2 = 0xFFFFFFFF
   23 00000006 4610            MOV              R0, R2      ;R0 = R2 = 0xFFFFFF
                                                            FF
   24 00000008 4290            CMP              R0, R2      ;比较R0和R2，如果不
                                                            相等R0检测fail
   25 0000000A D10E            BNE              R0_0ScanFail
   26 0000000C         
   27 0000000C 2401            MOVS             R4, #1      ;R4 = 1            
                                                                  
   28 0000000E 43E2            MVNS             R2, R4      ;R4取反后赋值给R2,R
                                                            2 = 0xFFFFFFFE
   29 00000010 43E3            MVNS             R3, R4      ;R4 = R3 = 0xFFFFFF
                                                            FE         
   30 00000012         
   31 00000012         R0_0ScanStart
   32 00000012         
   33 00000012         ;0 assignment
   34 00000012 4610            MOV              R0, R2      ;R0 = R2 = 0xFFFFFF
                                                            FE
   35 00000014 4290            CMP              R0, R2
   36 00000016 D108            BNE              R0_0ScanFail
   37 00000018         
   38 00000018         
   39 00000018 41E2            RORS             R2, R4      ;R2向右移1位，R2 = 
                                                            0x7FFFFFF
   40 0000001A 429A            CMP              R2, R3      ;比较R2和R3，不相同
                                                            执行R0_0ScanStart  
                                                                            
   41 0000001C D1F9            BNE              R0_0ScanStart
   42 0000001E         
   43 0000001E         ; R1 check
   44 0000001E 460A            MOV              R2, R1      ;测试相邻两个寄存器



ARM Macro Assembler    Page 2 


                                                            是否受影响
   45 00000020 BC12            POP              {R1, R4}
   46 00000022 4291            CMP              R1, R2
   47 00000024 D101            BNE              R0_0ScanFail
   48 00000026         
   49 00000026         R0_0ScanPass
   50 00000026 20CC            MOVS             R0, #0xCC
   51 00000028 E015            B                R0_1ScanEnd
   52 0000002A         
   53 0000002A         R0_0ScanFail
   54 0000002A 20DD            MOVS             R0, #0xDD
   55 0000002C         
   56 0000002C         R0_0ScanEnd
   57 0000002C         
   58 0000002C 4770            BX               LR
   59 0000002E                 ENDP
   60 0000002E         ;;;;;;;;;;;;;;;;;;;;;;;;;;;;;;;;;;;;;;;;;;;;;;;;;;;;;;;;
                       ;
   61 0000002E         ;   Specific cpu reg 1-scan: R0
   62 0000002E         ;   Cycles: 
   63 0000002E         ;   Return value:
   64 0000002E         ;       0xCC, Test passed
   65 0000002E         ;       0xDD, Test failed
   66 0000002E         ;;;;;;;;;;;;;;;;;;;;;;;;;;;;;;;;;;;;;;;;;;;;;;;;;;;;;;;;
                       ;
   67 0000002E         
   68 0000002E         ;  rx_1scan 功能描述
   69 0000002E         ;  将Rx翻转到 0x00000000
   70 0000002E         ;             0x80000000,0x40000000,0x20000000,0x1000000
                       0
   71 0000002E         ;             0x08000000,0x04000000,0x02000000,0x0100000
                       0
   72 0000002E         ;             0x00800000,0x00400000,0x00200000,0x0010000
                       0
   73 0000002E         ;             ......    ,......    ,......    ,......
   74 0000002E         ;             0x00000008,0x00000004,0x00000002,0x0000000
                       1,循环结束
   75 0000002E         ;   实现将Rx寄存器逐位有1变0的目的，检测寄存器各个位是否
                       正常从1变0
   76 0000002E         r0_1scan
                               PROC
   77 0000002E                 EXPORT           r0_1scan
   78 0000002E         
   79 0000002E B412            PUSH             {R1,R4}
   80 00000030         
   81 00000030         ;0x0000000
   82 00000030 2400            MOVS             R4, #0      ;R4 = 0
   83 00000032 4620            MOV              R0, R4      ;R0 = R4 = 0
   84 00000034 42A0            CMP              R0, R4      ;比较R0和R4，不相等
                                                            则fail         
   85 00000036 D10D            BNE              R0_1ScanFail
   86 00000038         
   87 00000038 2401            MOVS             R4, #1      ;R4 = 1            
                                                                  
   88 0000003A 07E4            LSLS             R4, R4, #31 ;R4向左移31位，R4 =
                                                             0x8000000
   89 0000003C         
   90 0000003C         R0_1ScanStart
   91 0000003C         ;1 assignment



ARM Macro Assembler    Page 3 


   92 0000003C 4620            MOV              R0, R4
   93 0000003E 42A0            CMP              R0, R4
   94 00000040 D108            BNE              R0_1ScanFail
   95 00000042         
   96 00000042 0864            LSRS             R4, R4, #1
   97 00000044 2C00            CMP              R4, #0
   98 00000046 D1F9            BNE              R0_1ScanStart
   99 00000048         
  100 00000048         ; R1 check
  101 00000048 460A            MOV              R2, R1      ;R2 = R1
  102 0000004A BC12            POP              {R1, R4}
  103 0000004C 4291            CMP              R1, R2
  104 0000004E D101            BNE              R0_1ScanFail
  105 00000050         
  106 00000050         R0_1ScanPass
  107 00000050 20CC            MOVS             R0, #0xCC
  108 00000052 E000            B                R0_1ScanEnd
  109 00000054         
  110 00000054         R0_1ScanFail
  111 00000054 20DD            MOVS             R0, #0xDD
  112 00000056         
  113 00000056         R0_1ScanEnd
  114 00000056 4770            BX               LR
  115 00000058                 ENDP
  116 00000058         
  117 00000058         ;;;;;;;;;;;;;;;;;;;;;;;;;;;;;;;;;;;;;;;;;;;;;;;;;;;;;;;;
                       ;
  118 00000058         ;   Specific cpu reg scan: APSR
  119 00000058         ;   Return value:
  120 00000058         ;       0xCC, Test passed
  121 00000058         ;       0xDD, Test failed
  122 00000058         ;;;;;;;;;;;;;;;;;;;;;;;;;;;;;;;;;;;;;;;;;;;;;;;;;;;;;;;;
                       ;
  123 00000058         APSR_scan
                               PROC
  124 00000058                 EXPORT           APSR_scan
  125 00000058         
  126 00000058 B407            PUSH             {R0,R1,R2}
  127 0000005A F3EF 8000       MRS              R0,APSR
  128 0000005E         
  129 0000005E         ;clr APSR 
  130 0000005E 2100            MOVS             R1, #0      ;               
  131 00000060 F381 8800       MSR              APSR,R1
  132 00000064 F3EF 8200       MRS              R2,APSR
  133 00000068 4291            CMP              R1, R2
  134 0000006A D118            BNE              APSR_ScanFail
  135 0000006C         
  136 0000006C         
  137 0000006C         ;set APSR 0101
  138 0000006C 2105            MOVS             R1, #5      ;                  
                                                             
  139 0000006E 0709            LSLS             R1, R1, #28 ;  R1向左移28位
  140 00000070 F381 8800       MSR              APSR,R1
  141 00000074 F3EF 8200       MRS              R2,APSR
  142 00000078 4291            CMP              R1, R2
  143 0000007A D110            BNE              APSR_ScanFail
  144 0000007C         
  145 0000007C         ;set APSR 1010
  146 0000007C 210A            MOVS             R1, #0xa    ;R1赋值为1         



ARM Macro Assembler    Page 4 


                                                                      
  147 0000007E 0709            LSLS             R1, R1, #28 ;R1 = 0x8000       
                                                            R1向左移28位
  148 00000080 F381 8800       MSR              APSR,R1
  149 00000084 F3EF 8200       MRS              R2,APSR
  150 00000088 4291            CMP              R1, R2
  151 0000008A D108            BNE              APSR_ScanFail
  152 0000008C         
  153 0000008C         ;Recover APSR
  154 0000008C F380 8800       MSR              APSR,R0
  155 00000090 F3EF 8200       MRS              R2,APSR
  156 00000094 4290            CMP              R0, R2
  157 00000096 D102            BNE              APSR_ScanFail
  158 00000098         
  159 00000098 BC07            POP              {R0,R1,R2}
  160 0000009A         
  161 0000009A         APSR_ScanPass
  162 0000009A 20CC            MOVS             R0, #0xCC
  163 0000009C E000            B                APSR_ScanEnd
  164 0000009E         
  165 0000009E         APSR_ScanFail
  166 0000009E 20DD            MOVS             R0, #0xDD
  167 000000A0         
  168 000000A0         APSR_ScanEnd
  169 000000A0 4770            BX               LR
  170 000000A2                 ENDP
  171 000000A2         
  172 000000A2         
  173 000000A2         ;;;;;;;;;;;;;;;;;;;;;;;;;;;;;;;;;;;;;;;;;;;;;;;;;;;;;;;;
                       ;
  174 000000A2         ;   Specific cpu reg scan: PRIMASK
  175 000000A2         ;   Return value:
  176 000000A2         ;       0xCC, Test passed
  177 000000A2         ;       0xDD, Test failed
  178 000000A2         ;;;;;;;;;;;;;;;;;;;;;;;;;;;;;;;;;;;;;;;;;;;;;;;;;;;;;;;;
                       ;
  179 000000A2         PRIMASK_scan
                               PROC
  180 000000A2                 EXPORT           PRIMASK_scan
  181 000000A2         
  182 000000A2 B407            PUSH             {R0,R1,R2}
  183 000000A4 F3EF 8010       MRS              R0,PRIMASK
  184 000000A8         
  185 000000A8         ;clr PRIMASK
  186 000000A8 2100            MOVS             R1, #0      ;               
  187 000000AA F381 8810       MSR              PRIMASK,R1
  188 000000AE F3EF 8210       MRS              R2,PRIMASK
  189 000000B2 4291            CMP              R1, R2
  190 000000B4 D10B            BNE              PRIMASK_ScanFail
  191 000000B6         
  192 000000B6         
  193 000000B6         ;set PRIMASK 0101
  194 000000B6 2101            MOVS             R1, #1      ;    
  195 000000B8 F381 8810       MSR              PRIMASK,R1
  196 000000BC F3EF 8210       MRS              R2,PRIMASK
  197 000000C0 4291            CMP              R1, R2
  198 000000C2 D104            BNE              PRIMASK_ScanFail
  199 000000C4         
  200 000000C4         



ARM Macro Assembler    Page 5 


  201 000000C4 F380 8810       MSR              PRIMASK,R0
  202 000000C8 BC07            POP              {R0,R1,R2}
  203 000000CA         
  204 000000CA         PRIMASK_ScanPass
  205 000000CA 20CC            MOVS             R0, #0xCC
  206 000000CC E000            B                PRIMASK_ScanEnd
  207 000000CE         
  208 000000CE         PRIMASK_ScanFail
  209 000000CE 20DD            MOVS             R0, #0xDD
  210 000000D0         
  211 000000D0         PRIMASK_ScanEnd
  212 000000D0 4770            BX               LR
  213 000000D2                 ENDP
  214 000000D2         ;;;;;;;;;;;;;;;;;;;;;;;;;;;;;;;;;;;;;;;;;;;;;;;;;;;;;;;;
                       ;
  215 000000D2         ;   Specific cpu reg 0-scan: R1
  216 000000D2         ;   Return value:
  217 000000D2         ;       0xCC, Test passed
  218 000000D2         ;       0xDD, Test failed
  219 000000D2         ;;;;;;;;;;;;;;;;;;;;;;;;;;;;;;;;;;;;;;;;;;;;;;;;;;;;;;;;
                       ;
  220 000000D2         r1_0scan
                               PROC
  221 000000D2                 EXPORT           r1_0scan
  222 000000D2         
  223 000000D2 B435            PUSH             {R0,R2,R4,R5}
  224 000000D4         
  225 000000D4         ;0xFFFFFFFF
  226 000000D4 2400            MOVS             R4, #0
  227 000000D6 43E5            MVNS             R5, R4
  228 000000D8 4629            MOV              R1, R5
  229 000000DA 42A9            CMP              R1, R5
  230 000000DC D111            BNE              R1_0ScanFail
  231 000000DE         
  232 000000DE 2401            MOVS             R4, #1
  233 000000E0 43E5            MVNS             R5, R4
  234 000000E2 43E3            MVNS             R3, R4
  235 000000E4         
  236 000000E4         R1_0ScanStart
  237 000000E4         ;0 assignment
  238 000000E4 4629            MOV              R1, R5
  239 000000E6 42A9            CMP              R1, R5
  240 000000E8 D10B            BNE              R1_0ScanFail
  241 000000EA         
  242 000000EA 41E5            RORS             R5, R4
  243 000000EC 429D            CMP              R5, R3
  244 000000EE D1F9            BNE              R1_0ScanStart
  245 000000F0         
  246 000000F0         ;R0 R2 check
  247 000000F0 4601            MOV              R1, R0
  248 000000F2 4613            MOV              R3, R2
  249 000000F4 BC35            POP              {R0,R2,R4,R5}
  250 000000F6 4288            CMP              R0,R1
  251 000000F8 D103            BNE              R1_0ScanFail
  252 000000FA 429A            CMP              R2,R3
  253 000000FC D101            BNE              R1_0ScanFail
  254 000000FE         
  255 000000FE         R1_0ScanPass
  256 000000FE 20CC            MOVS             R0, #0xCC



ARM Macro Assembler    Page 6 


  257 00000100 E000            B                R1_0ScanEnd
  258 00000102         
  259 00000102         R1_0ScanFail
  260 00000102 20DD            MOVS             R0, #0xDD
  261 00000104         
  262 00000104         R1_0ScanEnd
  263 00000104 4770            BX               LR
  264 00000106                 ENDP
  265 00000106         ;;;;;;;;;;;;;;;;;;;;;;;;;;;;;;;;;;;;;;;;;;;;;;;;;;;;;;;;
                       ;
  266 00000106         ;   Specific cpu reg 1-scan: R1
  267 00000106         ;   Return value:
  268 00000106         ;       0xCC, Test passed
  269 00000106         ;       0xDD, Test failed
  270 00000106         ;;;;;;;;;;;;;;;;;;;;;;;;;;;;;;;;;;;;;;;;;;;;;;;;;;;;;;;;
                       ;
  271 00000106         r1_1scan
                               PROC
  272 00000106                 EXPORT           r1_1scan
  273 00000106         
  274 00000106 B405            PUSH             {R0,R2}
  275 00000108         
  276 00000108         ;0x00000000
  277 00000108 2300            MOVS             R3, #0
  278 0000010A 4619            MOV              R1, R3
  279 0000010C 4299            CMP              R1, R3
  280 0000010E D110            BNE              R1_1ScanFail
  281 00000110         
  282 00000110 2301            MOVS             R3, #1
  283 00000112 07DB            LSLS             R3, R3, #31
  284 00000114         
  285 00000114         R1_1ScanStart
  286 00000114         ;1 assignment
  287 00000114 4619            MOV              R1, R3
  288 00000116 4299            CMP              R1, R3
  289 00000118 D10B            BNE              R1_1ScanFail
  290 0000011A         
  291 0000011A 085B            LSRS             R3, R3, #1
  292 0000011C 2B00            CMP              R3, #0
  293 0000011E D1F9            BNE              R1_1ScanStart
  294 00000120         
  295 00000120         ;R0 R2 check
  296 00000120 4601            MOV              R1, R0
  297 00000122 4613            MOV              R3, R2
  298 00000124 BC05            POP              {R0,R2}
  299 00000126 4288            CMP              R0,R1
  300 00000128 D103            BNE              R1_1ScanFail
  301 0000012A 429A            CMP              R2,R3
  302 0000012C D101            BNE              R1_1ScanFail
  303 0000012E         
  304 0000012E         R1_1ScanPass
  305 0000012E 20CC            MOVS             R0, #0xCC
  306 00000130 E000            B                R1_1ScanEnd
  307 00000132         
  308 00000132         R1_1ScanFail
  309 00000132 20DD            MOVS             R0, #0xDD
  310 00000134         
  311 00000134         R1_1ScanEnd
  312 00000134 4770            BX               LR



ARM Macro Assembler    Page 7 


  313 00000136                 ENDP
  314 00000136         
  315 00000136         
  316 00000136         ;;;;;;;;;;;;;;;;;;;;;;;;;;;;;;;;;;;;;;;;;;;;;;;;;;;;;;;;
                       ;
  317 00000136         ;   Specific cpu reg 0-scan: R2
  318 00000136         ;   Return value:
  319 00000136         ;       0xCC, Test passed
  320 00000136         ;       0xDD, Test failed
  321 00000136         ;;;;;;;;;;;;;;;;;;;;;;;;;;;;;;;;;;;;;;;;;;;;;;;;;;;;;;;;
                       ;
  322 00000136         r2_0scan
                               PROC
  323 00000136                 EXPORT           r2_0scan
  324 00000136         
  325 00000136 B43A            PUSH             {R1,R3,R4,R5}
  326 00000138         
  327 00000138         ;0xFFFFFFFF
  328 00000138 2000            MOVS             R0, #0
  329 0000013A 43C4            MVNS             R4, R0
  330 0000013C 4622            MOV              R2, R4
  331 0000013E 42A2            CMP              R2, R4
  332 00000140 D111            BNE              R2_0ScanFail
  333 00000142         
  334 00000142 2001            MOVS             R0, #1
  335 00000144 43C4            MVNS             R4, R0
  336 00000146 43C5            MVNS             R5, R0
  337 00000148         
  338 00000148         R2_0ScanStart
  339 00000148         ;0 assignment
  340 00000148 4622            MOV              R2, R4
  341 0000014A 42A2            CMP              R2, R4
  342 0000014C D10B            BNE              R2_0ScanFail
  343 0000014E         
  344 0000014E 41C4            RORS             R4, R0
  345 00000150 42AC            CMP              R4, R5
  346 00000152 D1F9            BNE              R2_0ScanStart
  347 00000154         
  348 00000154         ; R1 R3 check
  349 00000154 4608            MOV              R0,R1
  350 00000156 461A            MOV              R2,R3
  351 00000158 BC3A            POP              {R1,R3,R4,R5}
  352 0000015A 4288            CMP              R0,R1
  353 0000015C D103            BNE              R2_0ScanFail
  354 0000015E 429A            CMP              R2,R3
  355 00000160 D101            BNE              R2_0ScanFail
  356 00000162         
  357 00000162         R2_0ScanPass
  358 00000162 20CC            MOVS             R0, #0xCC
  359 00000164 E000            B                R2_0ScanEnd
  360 00000166         
  361 00000166         R2_0ScanFail
  362 00000166 20DD            MOVS             R0, #0xDD
  363 00000168         
  364 00000168         R2_0ScanEnd
  365 00000168 4770            BX               LR
  366 0000016A                 ENDP
  367 0000016A         ;;;;;;;;;;;;;;;;;;;;;;;;;;;;;;;;;;;;;;;;;;;;;;;;;;;;;;;;
                       ;



ARM Macro Assembler    Page 8 


  368 0000016A         ;   Specific cpu reg 1-scan: R2
  369 0000016A         ;   Return value:
  370 0000016A         ;       0xCC, Test passed
  371 0000016A         ;       0xDD, Test failed
  372 0000016A         ;;;;;;;;;;;;;;;;;;;;;;;;;;;;;;;;;;;;;;;;;;;;;;;;;;;;;;;;
                       ;
  373 0000016A         r2_1scan
                               PROC
  374 0000016A                 EXPORT           r2_1scan
  375 0000016A         
  376 0000016A B40A            PUSH             {R1,R3}
  377 0000016C         
  378 0000016C         ;0x00000000
  379 0000016C 2000            MOVS             R0, #0
  380 0000016E 4602            MOV              R2, R0
  381 00000170 4282            CMP              R2, R0
  382 00000172 D110            BNE              R2_1ScanFail
  383 00000174         
  384 00000174 2001            MOVS             R0, #1
  385 00000176 07C0            LSLS             R0, R0, #31
  386 00000178         
  387 00000178         R2_1ScanStart
  388 00000178         ;1 assignment
  389 00000178 4602            MOV              R2, R0
  390 0000017A 4282            CMP              R2, R0
  391 0000017C D10B            BNE              R2_1ScanFail
  392 0000017E         
  393 0000017E 0840            LSRS             R0, R0, #1
  394 00000180 2800            CMP              R0, #0
  395 00000182 D1F9            BNE              R2_1ScanStart
  396 00000184         
  397 00000184         ; R1 R3 check
  398 00000184 4608            MOV              R0,R1
  399 00000186 461A            MOV              R2,R3
  400 00000188 BC0A            POP              {R1,R3}
  401 0000018A 4288            CMP              R0,R1
  402 0000018C D1EB            BNE              R2_0ScanFail
  403 0000018E 429A            CMP              R2,R3
  404 00000190 D1E9            BNE              R2_0ScanFail
  405 00000192         
  406 00000192         R2_1ScanPass
  407 00000192 20CC            MOVS             R0, #0xCC
  408 00000194 E000            B                R2_1ScanEnd
  409 00000196         
  410 00000196         R2_1ScanFail
  411 00000196 20DD            MOVS             R0, #0xDD
  412 00000198         
  413 00000198         R2_1ScanEnd
  414 00000198 4770            BX               LR
  415 0000019A                 ENDP
  416 0000019A         
  417 0000019A         
  418 0000019A         ;;;;;;;;;;;;;;;;;;;;;;;;;;;;;;;;;;;;;;;;;;;;;;;;;;;;;;;;
                       ;
  419 0000019A         ;   Specific cpu reg 0-scan: R3
  420 0000019A         ;   Return value:
  421 0000019A         ;       0xCC, Test passed
  422 0000019A         ;       0xDD, Test failed
  423 0000019A         ;;;;;;;;;;;;;;;;;;;;;;;;;;;;;;;;;;;;;;;;;;;;;;;;;;;;;;;;



ARM Macro Assembler    Page 9 


                       ;
  424 0000019A         r3_0scan
                               PROC
  425 0000019A                 EXPORT           r3_0scan
  426 0000019A         
  427 0000019A B434            PUSH             {R2,R4,R5}
  428 0000019C         ;0xFFFFFFFF
  429 0000019C 2000            MOVS             R0, #0
  430 0000019E 43C1            MVNS             R1, R0
  431 000001A0 460B            MOV              R3, R1
  432 000001A2 428B            CMP              R3, R1
  433 000001A4 D111            BNE              R3_0ScanFail
  434 000001A6         
  435 000001A6 2001            MOVS             R0, #1
  436 000001A8 43C1            MVNS             R1, R0
  437 000001AA 43C5            MVNS             R5, R0
  438 000001AC         
  439 000001AC         R3_0ScanStart
  440 000001AC         ;0 assignment
  441 000001AC 460B            MOV              R3, R1
  442 000001AE 428B            CMP              R3, R1
  443 000001B0 D10B            BNE              R3_0ScanFail
  444 000001B2         
  445 000001B2 41C1            RORS             R1, R0
  446 000001B4 42A9            CMP              R1, R5
  447 000001B6 D1F9            BNE              R3_0ScanStart
  448 000001B8         
  449 000001B8         ; R2 R4 check
  450 000001B8 4610            MOV              R0, R2
  451 000001BA 4621            MOV              R1, R4
  452 000001BC BC34            POP              {R2,R4,R5}
  453 000001BE 4290            CMP              R0, R2
  454 000001C0 D103            BNE              R3_0ScanFail
  455 000001C2 42A1            CMP              R1, R4
  456 000001C4 D101            BNE              R3_0ScanFail
  457 000001C6         
  458 000001C6         R3_0ScanPass
  459 000001C6 20CC            MOVS             R0, #0xCC
  460 000001C8 E000            B                R3_0ScanEnd
  461 000001CA         
  462 000001CA         R3_0ScanFail
  463 000001CA 20DD            MOVS             R0, #0xDD
  464 000001CC         
  465 000001CC         R3_0ScanEnd
  466 000001CC 4770            BX               LR
  467 000001CE                 ENDP
  468 000001CE         ;;;;;;;;;;;;;;;;;;;;;;;;;;;;;;;;;;;;;;;;;;;;;;;;;;;;;;;;
                       ;
  469 000001CE         ;   Specific cpu reg 1-scan: R3
  470 000001CE         ;   Return value:
  471 000001CE         ;       0xCC, Test passed
  472 000001CE         ;       0xDD, Test failed
  473 000001CE         ;;;;;;;;;;;;;;;;;;;;;;;;;;;;;;;;;;;;;;;;;;;;;;;;;;;;;;;;
                       ;
  474 000001CE         r3_1scan
                               PROC
  475 000001CE                 EXPORT           r3_1scan
  476 000001CE         
  477 000001CE B414            PUSH             {R2,R4}



ARM Macro Assembler    Page 10 


  478 000001D0         
  479 000001D0         ;0x00000000
  480 000001D0 2000            MOVS             R0, #0
  481 000001D2 4603            MOV              R3, R0
  482 000001D4 4283            CMP              R3, R0
  483 000001D6 D110            BNE              R3_1ScanFail
  484 000001D8         
  485 000001D8 2001            MOVS             R0, #1
  486 000001DA 07C0            LSLS             R0, R0, #31
  487 000001DC         
  488 000001DC         R3_1ScanStart
  489 000001DC         ;1 assignment
  490 000001DC 4603            MOV              R3, R0
  491 000001DE 4283            CMP              R3, R0
  492 000001E0 D10B            BNE              R3_1ScanFail
  493 000001E2         
  494 000001E2 0840            LSRS             R0, R0, #1
  495 000001E4 2800            CMP              R0, #0
  496 000001E6 D1F9            BNE              R3_1ScanStart
  497 000001E8         
  498 000001E8         ; R2 R4 check
  499 000001E8 4610            MOV              R0, R2
  500 000001EA 4621            MOV              R1, R4
  501 000001EC BC14            POP              {R2,R4}
  502 000001EE 4290            CMP              R0, R2
  503 000001F0 D103            BNE              R3_1ScanFail
  504 000001F2 42A1            CMP              R1, R4
  505 000001F4 D101            BNE              R3_1ScanFail
  506 000001F6         
  507 000001F6         R3_1ScanPass
  508 000001F6 20CC            MOVS             R0, #0xCC
  509 000001F8 E000            B                R3_1ScanEnd
  510 000001FA         
  511 000001FA         R3_1ScanFail
  512 000001FA 20DD            MOVS             R0, #0xDD
  513 000001FC         
  514 000001FC         R3_1ScanEnd
  515 000001FC 4770            BX               LR
  516 000001FE                 ENDP
  517 000001FE         
  518 000001FE         
  519 000001FE         ;;;;;;;;;;;;;;;;;;;;;;;;;;;;;;;;;;;;;;;;;;;;;;;;;;;;;;;;
                       ;
  520 000001FE         ;   Specific cpu reg 0-scan: R4
  521 000001FE         ;   Return value:
  522 000001FE         ;       0xCC, Test passed
  523 000001FE         ;       0xDD, Test failed
  524 000001FE         ;;;;;;;;;;;;;;;;;;;;;;;;;;;;;;;;;;;;;;;;;;;;;;;;;;;;;;;;
                       ;
  525 000001FE         r4_0scan
                               PROC
  526 000001FE                 EXPORT           r4_0scan
  527 000001FE         
  528 000001FE B438            PUSH             {R3,R4,R5}
  529 00000200         
  530 00000200         ;0xFFFFFFFF
  531 00000200 2000            MOVS             R0, #0
  532 00000202 43C1            MVNS             R1, R0
  533 00000204 460C            MOV              R4, R1



ARM Macro Assembler    Page 11 


  534 00000206 428C            CMP              R4, R1
  535 00000208 D111            BNE              R4_0ScanFail
  536 0000020A         
  537 0000020A 2001            MOVS             R0, #1
  538 0000020C 43C1            MVNS             R1, R0
  539 0000020E 43C2            MVNS             R2, R0
  540 00000210         
  541 00000210         R4_0ScanStart
  542 00000210         ;0 assignment
  543 00000210 460C            MOV              R4, R1
  544 00000212 428C            CMP              R4, R1
  545 00000214 D10B            BNE              R4_0ScanFail
  546 00000216         
  547 00000216 41C1            RORS             R1, R0
  548 00000218 4291            CMP              R1, R2
  549 0000021A D1F9            BNE              R4_0ScanStart
  550 0000021C         
  551 0000021C         ; R3 R5 check
  552 0000021C 4618            MOV              R0, R3
  553 0000021E 4629            MOV              R1, R5
  554 00000220 BC38            POP              {R3,R4,R5}
  555 00000222 4298            CMP              R0,R3
  556 00000224 D103            BNE              R4_0ScanFail
  557 00000226 42A9            CMP              R1,R5
  558 00000228 D101            BNE              R4_0ScanFail
  559 0000022A         
  560 0000022A         R4_0ScanPass
  561 0000022A 20CC            MOVS             R0, #0xCC
  562 0000022C E000            B                R4_0ScanEnd
  563 0000022E         
  564 0000022E         R4_0ScanFail
  565 0000022E 20DD            MOVS             R0, #0xDD
  566 00000230         
  567 00000230         R4_0ScanEnd
  568 00000230 4770            BX               LR
  569 00000232                 ENDP
  570 00000232         ;;;;;;;;;;;;;;;;;;;;;;;;;;;;;;;;;;;;;;;;;;;;;;;;;;;;;;;;
                       ;
  571 00000232         ;   Specific cpu reg 1-scan: R4
  572 00000232         ;   Return value:
  573 00000232         ;       0xCC, Test passed
  574 00000232         ;       0xDD, Test failed
  575 00000232         ;;;;;;;;;;;;;;;;;;;;;;;;;;;;;;;;;;;;;;;;;;;;;;;;;;;;;;;;
                       ;
  576 00000232         r4_1scan
                               PROC
  577 00000232                 EXPORT           r4_1scan
  578 00000232         
  579 00000232 B438            PUSH             {R3,R4,R5}
  580 00000234         
  581 00000234         ;0x00000000
  582 00000234 2000            MOVS             R0, #0
  583 00000236 4604            MOV              R4, R0
  584 00000238 4284            CMP              R4, R0
  585 0000023A D110            BNE              R4_1ScanFail
  586 0000023C         
  587 0000023C 2001            MOVS             R0, #1
  588 0000023E 07C0            LSLS             R0, R0, #31
  589 00000240         



ARM Macro Assembler    Page 12 


  590 00000240         R4_1ScanStart
  591 00000240         ;1 assignment
  592 00000240 4604            MOV              R4, R0
  593 00000242 4284            CMP              R4, R0
  594 00000244 D10B            BNE              R4_1ScanFail
  595 00000246         
  596 00000246 0840            LSRS             R0, R0, #1
  597 00000248 2800            CMP              R0, #0
  598 0000024A D1F9            BNE              R4_1ScanStart
  599 0000024C         
  600 0000024C         ; R3 R5 check
  601 0000024C 4618            MOV              R0, R3
  602 0000024E 4629            MOV              R1, R5
  603 00000250 BC38            POP              {R3,R4,R5}
  604 00000252 4298            CMP              R0,R3
  605 00000254 D103            BNE              R4_1ScanFail
  606 00000256 42A9            CMP              R1,R5
  607 00000258 D101            BNE              R4_1ScanFail
  608 0000025A         
  609 0000025A         R4_1ScanPass
  610 0000025A 20CC            MOVS             R0, #0xCC
  611 0000025C E000            B                R4_1ScanEnd
  612 0000025E         
  613 0000025E         R4_1ScanFail
  614 0000025E 20DD            MOVS             R0, #0xDD
  615 00000260         
  616 00000260         R4_1ScanEnd
  617 00000260 4770            BX               LR
  618 00000262                 ENDP
  619 00000262         
  620 00000262         
  621 00000262         
  622 00000262         
  623 00000262         ;;;;;;;;;;;;;;;;;;;;;;;;;;;;;;;;;;;;;;;;;;;;;;;;;;;;;;;;
                       ;
  624 00000262         ;   Specific cpu reg 0-scan: R5
  625 00000262         ;   Return value:
  626 00000262         ;       0xCC, Test passed
  627 00000262         ;       0xDD, Test failed
  628 00000262         ;;;;;;;;;;;;;;;;;;;;;;;;;;;;;;;;;;;;;;;;;;;;;;;;;;;;;;;;
                       ;
  629 00000262         r5_0scan
                               PROC
  630 00000262                 EXPORT           r5_0scan
  631 00000262         
  632 00000262 4633            MOV              R3, R6
  633 00000264 B430            PUSH             {R4,R5}
  634 00000266         ;0xFFFFFFFF
  635 00000266 2000            MOVS             R0, #0
  636 00000268 43C1            MVNS             R1, R0
  637 0000026A 460D            MOV              R5, R1
  638 0000026C 428D            CMP              R5, R1
  639 0000026E D110            BNE              R5_0ScanFail
  640 00000270         
  641 00000270 2001            MOVS             R0, #1
  642 00000272 43C1            MVNS             R1, R0
  643 00000274 43C2            MVNS             R2, R0
  644 00000276         
  645 00000276         R5_0ScanStart



ARM Macro Assembler    Page 13 


  646 00000276         ;0 assignment
  647 00000276 460D            MOV              R5, R1
  648 00000278 428D            CMP              R5, R1
  649 0000027A D10A            BNE              R5_0ScanFail
  650 0000027C         
  651 0000027C 41C1            RORS             R1, R0
  652 0000027E 4291            CMP              R1, R2
  653 00000280 D1F9            BNE              R5_0ScanStart
  654 00000282         
  655 00000282         ; R4 R6 check
  656 00000282 4620            MOV              R0, R4
  657 00000284 BC30            POP              {R4,R5}
  658 00000286 42A0            CMP              R0, R4
  659 00000288 D103            BNE              R5_0ScanFail
  660 0000028A 42B3            CMP              R3, R6
  661 0000028C D101            BNE              R5_0ScanFail
  662 0000028E         
  663 0000028E         R5_0ScanPass
  664 0000028E 20CC            MOVS             R0, #0xCC
  665 00000290 E000            B                R5_0ScanEnd
  666 00000292         
  667 00000292         R5_0ScanFail
  668 00000292 20DD            MOVS             R0, #0xDD
  669 00000294         
  670 00000294         R5_0ScanEnd
  671 00000294 4770            BX               LR
  672 00000296                 ENDP
  673 00000296         ;;;;;;;;;;;;;;;;;;;;;;;;;;;;;;;;;;;;;;;;;;;;;;;;;;;;;;;;
                       ;
  674 00000296         ;   Specific cpu reg 1-scan: R5
  675 00000296         ;   Return value:
  676 00000296         ;       0xCC, Test passed
  677 00000296         ;       0xDD, Test failed
  678 00000296         ;;;;;;;;;;;;;;;;;;;;;;;;;;;;;;;;;;;;;;;;;;;;;;;;;;;;;;;;
                       ;
  679 00000296         r5_1scan
                               PROC
  680 00000296                 EXPORT           r5_1scan
  681 00000296         
  682 00000296 4621            MOV              R1, R4
  683 00000298 462A            MOV              R2, R5
  684 0000029A 4633            MOV              R3, R6
  685 0000029C         
  686 0000029C         ;0x00000000
  687 0000029C 2000            MOVS             R0, #0
  688 0000029E 4605            MOV              R5, R0
  689 000002A0 4285            CMP              R5, R0
  690 000002A2 D10E            BNE              R5_1ScanFail
  691 000002A4         
  692 000002A4 2001            MOVS             R0, #1
  693 000002A6 07C0            LSLS             R0, R0, #31
  694 000002A8         
  695 000002A8         R5_1ScanStart
  696 000002A8         ;1 assignment
  697 000002A8 4605            MOV              R5, R0
  698 000002AA 4285            CMP              R5, R0
  699 000002AC D109            BNE              R5_1ScanFail
  700 000002AE         
  701 000002AE 0840            LSRS             R0, R0, #1



ARM Macro Assembler    Page 14 


  702 000002B0 2800            CMP              R0, #0
  703 000002B2 D1F9            BNE              R5_1ScanStart
  704 000002B4         
  705 000002B4         ; R4 R6 check
  706 000002B4 4615            MOV              R5, R2
  707 000002B6 42A1            CMP              R1, R4
  708 000002B8 D103            BNE              R5_1ScanFail
  709 000002BA 42B3            CMP              R3, R6
  710 000002BC D101            BNE              R5_1ScanFail
  711 000002BE         
  712 000002BE         R5_1ScanPass
  713 000002BE 20CC            MOVS             R0, #0xCC
  714 000002C0 E000            B                R5_1ScanEnd
  715 000002C2         
  716 000002C2         R5_1ScanFail
  717 000002C2 20DD            MOVS             R0, #0xDD
  718 000002C4         
  719 000002C4         R5_1ScanEnd
  720 000002C4 4770            BX               LR
  721 000002C6                 ENDP
  722 000002C6         
  723 000002C6         
  724 000002C6         
  725 000002C6         ;;;;;;;;;;;;;;;;;;;;;;;;;;;;;;;;;;;;;;;;;;;;;;;;;;;;;;;;
                       ;
  726 000002C6         ;   Specific cpu reg 0-scan: R6
  727 000002C6         ;   Return value:
  728 000002C6         ;       0xCC, Test passed
  729 000002C6         ;       0xDD, Test failed
  730 000002C6         ;;;;;;;;;;;;;;;;;;;;;;;;;;;;;;;;;;;;;;;;;;;;;;;;;;;;;;;;
                       ;
  731 000002C6         r6_0scan
                               PROC
  732 000002C6                 EXPORT           r6_0scan
  733 000002C6         
  734 000002C6 463B            MOV              R3, R7
  735 000002C8 B460            PUSH             {R5,R6}
  736 000002CA         ;0x00000000
  737 000002CA 2000            MOVS             R0, #0
  738 000002CC 43C1            MVNS             R1, R0
  739 000002CE 460E            MOV              R6, R1
  740 000002D0 428E            CMP              R6, R1
  741 000002D2 D110            BNE              R6_0ScanFailPop
  742 000002D4         
  743 000002D4 2001            MOVS             R0, #1
  744 000002D6 43C1            MVNS             R1, R0
  745 000002D8 43C2            MVNS             R2, R0
  746 000002DA         
  747 000002DA         R6_0ScanStart
  748 000002DA         ;0 assignment
  749 000002DA 460E            MOV              R6, R1
  750 000002DC         ; MOVS   R6, #8       ;ERROR injection
  751 000002DC 428E            CMP              R6, R1
  752 000002DE D10A            BNE              R6_0ScanFailPop
  753 000002E0         
  754 000002E0 41C1            RORS             R1, R0
  755 000002E2 4291            CMP              R1, R2
  756 000002E4 D1F9            BNE              R6_0ScanStart
  757 000002E6         



ARM Macro Assembler    Page 15 


  758 000002E6         ; R5 R7 check
  759 000002E6 4628            MOV              R0, R5
  760 000002E8 BC60            POP              {R5, R6}
  761 000002EA 42A8            CMP              R0, R5
  762 000002EC D104            BNE              R6_0ScanFail
  763 000002EE 42BB            CMP              R3, R7
  764 000002F0 D102            BNE              R6_0ScanFail
  765 000002F2         
  766 000002F2         R6_0ScanPass
  767 000002F2 20CC            MOVS             R0, #0xCC
  768 000002F4 E001            B                R6_0ScanEnd
  769 000002F6         
  770 000002F6         R6_0ScanFailPop
  771 000002F6 BC60            POP              {R5,R6}
  772 000002F8         
  773 000002F8         R6_0ScanFail
  774 000002F8 20DD            MOVS             R0, #0xDD
  775 000002FA         
  776 000002FA         R6_0ScanEnd
  777 000002FA 4770            BX               LR
  778 000002FC                 ENDP
  779 000002FC         ;;;;;;;;;;;;;;;;;;;;;;;;;;;;;;;;;;;;;;;;;;;;;;;;;;;;;;;;
                       ;
  780 000002FC         ;   Specific cpu reg 1-scan: R6
  781 000002FC         ;   Return value:
  782 000002FC         ;       0xCC, Test passed
  783 000002FC         ;       0xDD, Test failed
  784 000002FC         ;;;;;;;;;;;;;;;;;;;;;;;;;;;;;;;;;;;;;;;;;;;;;;;;;;;;;;;;
                       ;
  785 000002FC         r6_1scan
                               PROC
  786 000002FC                 EXPORT           r6_1scan
  787 000002FC         
  788 000002FC 4629            MOV              R1, R5
  789 000002FE 4632            MOV              R2, R6
  790 00000300 463B            MOV              R3, R7
  791 00000302         ;0x00000000
  792 00000302 2000            MOVS             R0, #0
  793 00000304 4606            MOV              R6, R0
  794 00000306 4286            CMP              R6, R0
  795 00000308 D10E            BNE              R6_1ScanFail
  796 0000030A         
  797 0000030A 2001            MOVS             R0, #1
  798 0000030C 07C0            LSLS             R0, R0, #31
  799 0000030E         
  800 0000030E         R6_1ScanStart
  801 0000030E         ;1 assignment
  802 0000030E 4606            MOV              R6, R0
  803 00000310 4286            CMP              R6, R0
  804 00000312 D109            BNE              R6_1ScanFail
  805 00000314         
  806 00000314 0840            LSRS             R0, R0, #1
  807 00000316 2800            CMP              R0, #0
  808 00000318 D1F9            BNE              R6_1ScanStart
  809 0000031A         
  810 0000031A         ; R5 R7 check
  811 0000031A 4616            MOV              R6, R2
  812 0000031C 42A9            CMP              R1, R5
  813 0000031E D103            BNE              R6_1ScanFail



ARM Macro Assembler    Page 16 


  814 00000320 42BB            CMP              R3, R7
  815 00000322 D101            BNE              R6_1ScanFail
  816 00000324         
  817 00000324         R6_1ScanPass
  818 00000324 20CC            MOVS             R0, #0xCC
  819 00000326 E000            B                R6_1ScanEnd
  820 00000328         
  821 00000328         R6_1ScanFail
  822 00000328 20DD            MOVS             R0, #0xDD
  823 0000032A         
  824 0000032A         R6_1ScanEnd
  825 0000032A 4770            BX               LR
  826 0000032C                 ENDP
  827 0000032C         
  828 0000032C         
  829 0000032C         ;;;;;;;;;;;;;;;;;;;;;;;;;;;;;;;;;;;;;;;;;;;;;;;;;;;;;;;;
                       ;
  830 0000032C         ;   Specific cpu reg 0-scan: R7
  831 0000032C         ;   Return value:
  832 0000032C         ;       0xCC, Test passed
  833 0000032C         ;       0xDD, Test failed
  834 0000032C         ;;;;;;;;;;;;;;;;;;;;;;;;;;;;;;;;;;;;;;;;;;;;;;;;;;;;;;;;
                       ;
  835 0000032C         r7_0scan
                               PROC
  836 0000032C                 EXPORT           r7_0scan
  837 0000032C         
  838 0000032C B4C0            PUSH             {R6,R7}
  839 0000032E 4643            MOV              R3, R8
  840 00000330         ;0xFFFFFFFF
  841 00000330 2000            MOVS             R0, #0
  842 00000332 43C1            MVNS             R1, R0
  843 00000334 460F            MOV              R7, R1
  844 00000336 428F            CMP              R7, R1
  845 00000338 D110            BNE              R7_0ScanFail
  846 0000033A         
  847 0000033A 2001            MOVS             R0, #1
  848 0000033C 43C1            MVNS             R1, R0
  849 0000033E 43C2            MVNS             R2, R0
  850 00000340         
  851 00000340         R7_0ScanStart
  852 00000340         ;0 assignment
  853 00000340 460F            MOV              R7, R1
  854 00000342 428F            CMP              R7, R1
  855 00000344 D10A            BNE              R7_0ScanFail
  856 00000346         
  857 00000346 41C1            RORS             R1, R0
  858 00000348 4291            CMP              R1, R2
  859 0000034A D1F9            BNE              R7_0ScanStart
  860 0000034C         
  861 0000034C         ; R6 R8 check
  862 0000034C 4630            MOV              R0, R6
  863 0000034E BCC0            POP              {R6,R7}
  864 00000350 42B0            CMP              R0, R6
  865 00000352 D103            BNE              R7_0ScanFail
  866 00000354 4543            CMP              R3, R8
  867 00000356 D101            BNE              R7_0ScanFail
  868 00000358         
  869 00000358         R7_0ScanPass



ARM Macro Assembler    Page 17 


  870 00000358 20CC            MOVS             R0, #0xCC
  871 0000035A E000            B                R7_0ScanEnd
  872 0000035C         
  873 0000035C         R7_0ScanFail
  874 0000035C 20DD            MOVS             R0, #0xDD
  875 0000035E         
  876 0000035E         R7_0ScanEnd
  877 0000035E 4770            BX               LR
  878 00000360                 ENDP
  879 00000360         ;;;;;;;;;;;;;;;;;;;;;;;;;;;;;;;;;;;;;;;;;;;;;;;;;;;;;;;;
                       ;
  880 00000360         ;   Specific cpu reg 1-scan: R7
  881 00000360         ;   Return value:
  882 00000360         ;       0xCC, Test passed
  883 00000360         ;       0xDD, Test failed
  884 00000360         ;;;;;;;;;;;;;;;;;;;;;;;;;;;;;;;;;;;;;;;;;;;;;;;;;;;;;;;;
                       ;
  885 00000360         r7_1scan
                               PROC
  886 00000360                 EXPORT           r7_1scan
  887 00000360         
  888 00000360 4631            MOV              R1, R6
  889 00000362 463A            MOV              R2, R7
  890 00000364 4643            MOV              R3, R8
  891 00000366         ;0x00000000
  892 00000366 2000            MOVS             R0, #0
  893 00000368 4607            MOV              R7, R0
  894 0000036A 4287            CMP              R7, R0
  895 0000036C D10E            BNE              R7_1ScanFail
  896 0000036E         
  897 0000036E 2001            MOVS             R0, #1
  898 00000370 07C0            LSLS             R0, R0, #31
  899 00000372         
  900 00000372         R7_1ScanStart
  901 00000372         ;1 assignment
  902 00000372 4607            MOV              R7, R0
  903 00000374 4287            CMP              R7, R0
  904 00000376 D109            BNE              R7_1ScanFail
  905 00000378         
  906 00000378 0840            LSRS             R0, R0, #1
  907 0000037A 2800            CMP              R0, #0
  908 0000037C D1F9            BNE              R7_1ScanStart
  909 0000037E         
  910 0000037E         ; R6 R8 check
  911 0000037E 4617            MOV              R7, R2
  912 00000380 42B1            CMP              R1, R6
  913 00000382 D103            BNE              R7_1ScanFail
  914 00000384 4543            CMP              R3, R8
  915 00000386 D101            BNE              R7_1ScanFail
  916 00000388         
  917 00000388         R7_1ScanPass
  918 00000388 20CC            MOVS             R0, #0xCC
  919 0000038A E000            B                R7_1ScanEnd
  920 0000038C         
  921 0000038C         R7_1ScanFail
  922 0000038C 20DD            MOVS             R0, #0xDD
  923 0000038E         
  924 0000038E         R7_1ScanEnd
  925 0000038E 4770            BX               LR



ARM Macro Assembler    Page 18 


  926 00000390                 ENDP
  927 00000390         
  928 00000390         
  929 00000390         ;;;;;;;;;;;;;;;;;;;;;;;;;;;;;;;;;;;;;;;;;;;;;;;;;;;;;;;;
                       ;
  930 00000390         ;   Specific cpu reg 0-scan: R8
  931 00000390         ;   Return value:
  932 00000390         ;       0xCC, Test passed
  933 00000390         ;       0xDD, Test failed
  934 00000390         ;;;;;;;;;;;;;;;;;;;;;;;;;;;;;;;;;;;;;;;;;;;;;;;;;;;;;;;;
                       ;
  935 00000390         r8_0scan
                               PROC
  936 00000390                 EXPORT           r8_0scan
  937 00000390         
  938 00000390 4640            MOV              R0, R8
  939 00000392 4649            MOV              R1, R9
  940 00000394 463B            MOV              R3, R7
  941 00000396 B403            PUSH             {R0,R1}
  942 00000398         ;0xFFFFFFFF
  943 00000398 2000            MOVS             R0, #0
  944 0000039A 43C1            MVNS             R1, R0
  945 0000039C 4688            MOV              R8, R1
  946 0000039E 4588            CMP              R8, R1
  947 000003A0 D110            BNE              R8_0ScanFail
  948 000003A2         
  949 000003A2 2001            MOVS             R0, #1
  950 000003A4 43C1            MVNS             R1, R0
  951 000003A6 43C2            MVNS             R2, R0
  952 000003A8         
  953 000003A8         R8_0ScanStart
  954 000003A8         ;0 assignment
  955 000003A8 4688            MOV              R8, R1
  956 000003AA 4588            CMP              R8, R1
  957 000003AC D10A            BNE              R8_0ScanFail
  958 000003AE         
  959 000003AE 41C1            RORS             R1, R0
  960 000003B0 4291            CMP              R1, R2
  961 000003B2 D1F9            BNE              R8_0ScanStart
  962 000003B4         
  963 000003B4         ; R7 R9 check
  964 000003B4 BC03            POP              {R0,R1}
  965 000003B6 4680            MOV              R8, R0
  966 000003B8 42BB            CMP              R3, R7
  967 000003BA D103            BNE              R8_0ScanFail
  968 000003BC 4549            CMP              R1, R9
  969 000003BE D101            BNE              R8_0ScanFail
  970 000003C0         
  971 000003C0         R8_0ScanPass
  972 000003C0 20CC            MOVS             R0, #0xCC
  973 000003C2 E000            B                R8_0ScanEnd
  974 000003C4         
  975 000003C4         R8_0ScanFail
  976 000003C4 20DD            MOVS             R0, #0xDD
  977 000003C6         
  978 000003C6         R8_0ScanEnd
  979 000003C6 4770            BX               LR
  980 000003C8                 ENDP
  981 000003C8         ;;;;;;;;;;;;;;;;;;;;;;;;;;;;;;;;;;;;;;;;;;;;;;;;;;;;;;;;



ARM Macro Assembler    Page 19 


                       ;
  982 000003C8         ;   Specific cpu reg 1-scan: R8
  983 000003C8         ;   Return value:
  984 000003C8         ;       0xCC, Test passed
  985 000003C8         ;       0xDD, Test failed
  986 000003C8         ;;;;;;;;;;;;;;;;;;;;;;;;;;;;;;;;;;;;;;;;;;;;;;;;;;;;;;;;
                       ;
  987 000003C8         r8_1scan
                               PROC
  988 000003C8                 EXPORT           r8_1scan
  989 000003C8         
  990 000003C8 4639            MOV              R1, R7
  991 000003CA 4642            MOV              R2, R8
  992 000003CC 464B            MOV              R3, R9
  993 000003CE         ;0x00000000
  994 000003CE 2000            MOVS             R0, #0
  995 000003D0 4680            MOV              R8, R0
  996 000003D2 4580            CMP              R8, R0
  997 000003D4 D10E            BNE              R8_1ScanFail
  998 000003D6         
  999 000003D6 2001            MOVS             R0, #1
 1000 000003D8 07C0            LSLS             R0, R0, #31
 1001 000003DA         
 1002 000003DA         R8_1ScanStart
 1003 000003DA         ;1 assignment
 1004 000003DA 4680            MOV              R8, R0
 1005 000003DC 4580            CMP              R8, R0
 1006 000003DE D109            BNE              R8_1ScanFail
 1007 000003E0         
 1008 000003E0 0840            LSRS             R0, R0, #1
 1009 000003E2 2800            CMP              R0, #0
 1010 000003E4 D1F9            BNE              R8_1ScanStart
 1011 000003E6         
 1012 000003E6         ; R7 R9 check
 1013 000003E6 4690            MOV              R8, R2      ;recover R8
 1014 000003E8 42B9            CMP              R1, R7
 1015 000003EA D103            BNE              R8_1ScanFail
 1016 000003EC 454B            CMP              R3, R9
 1017 000003EE D101            BNE              R8_1ScanFail
 1018 000003F0         
 1019 000003F0         R8_1ScanPass
 1020 000003F0 20CC            MOVS             R0, #0xCC
 1021 000003F2 E000            B                R8_1ScanEnd
 1022 000003F4         
 1023 000003F4         R8_1ScanFail
 1024 000003F4 20DD            MOVS             R0, #0xDD
 1025 000003F6         
 1026 000003F6         R8_1ScanEnd
 1027 000003F6 4770            BX               LR
 1028 000003F8                 ENDP
 1029 000003F8         
 1030 000003F8         
 1031 000003F8         ;;;;;;;;;;;;;;;;;;;;;;;;;;;;;;;;;;;;;;;;;;;;;;;;;;;;;;;;
                       ;
 1032 000003F8         ;   Specific cpu reg 0-scan: R9
 1033 000003F8         ;   Return value:
 1034 000003F8         ;       0xCC, Test passed
 1035 000003F8         ;       0xDD, Test failed
 1036 000003F8         ;;;;;;;;;;;;;;;;;;;;;;;;;;;;;;;;;;;;;;;;;;;;;;;;;;;;;;;;



ARM Macro Assembler    Page 20 


                       ;
 1037 000003F8         r9_0scan
                               PROC
 1038 000003F8                 EXPORT           r9_0scan
 1039 000003F8         
 1040 000003F8 4640            MOV              R0, R8
 1041 000003FA 4649            MOV              R1, R9
 1042 000003FC 4653            MOV              R3, R10
 1043 000003FE B403            PUSH             {R0,R1}
 1044 00000400         ;0xFFFFFFFF
 1045 00000400 2000            MOVS             R0, #0
 1046 00000402 43C1            MVNS             R1, R0
 1047 00000404 4689            MOV              R9, R1
 1048 00000406 4589            CMP              R9, R1
 1049 00000408 D110            BNE              R9_0ScanFail
 1050 0000040A         
 1051 0000040A 2001            MOVS             R0, #1
 1052 0000040C 43C1            MVNS             R1, R0
 1053 0000040E 43C2            MVNS             R2, R0
 1054 00000410         
 1055 00000410         R9_0ScanStart
 1056 00000410         ;0 scan
 1057 00000410 4689            MOV              R9, R1
 1058 00000412 4589            CMP              R9, R1
 1059 00000414 D10A            BNE              R9_0ScanFail
 1060 00000416         
 1061 00000416 41C1            RORS             R1, R0
 1062 00000418 4291            CMP              R1, R2
 1063 0000041A D1F9            BNE              R9_0ScanStart
 1064 0000041C         
 1065 0000041C         ; R8 R10 check
 1066 0000041C BC03            POP              {R0,R1}
 1067 0000041E 4689            MOV              R9, R1      ;Recover R9
 1068 00000420 4540            CMP              R0, R8
 1069 00000422 D103            BNE              R9_0ScanFail
 1070 00000424 4553            CMP              R3, R10
 1071 00000426 D101            BNE              R9_0ScanFail
 1072 00000428         
 1073 00000428         R9_0ScanPass
 1074 00000428 20CC            MOVS             R0, #0xCC
 1075 0000042A E000            B                R9_0ScanEnd
 1076 0000042C         
 1077 0000042C         R9_0ScanFail
 1078 0000042C 20DD            MOVS             R0, #0xDD
 1079 0000042E         
 1080 0000042E         R9_0ScanEnd
 1081 0000042E 4770            BX               LR
 1082 00000430                 ENDP
 1083 00000430         ;;;;;;;;;;;;;;;;;;;;;;;;;;;;;;;;;;;;;;;;;;;;;;;;;;;;;;;;
                       ;
 1084 00000430         ;   Specific cpu reg 1-scan: R9
 1085 00000430         ;   Return value:
 1086 00000430         ;       0xCC, Test passed
 1087 00000430         ;       0xDD, Test failed
 1088 00000430         ;;;;;;;;;;;;;;;;;;;;;;;;;;;;;;;;;;;;;;;;;;;;;;;;;;;;;;;;
                       ;
 1089 00000430         r9_1scan
                               PROC
 1090 00000430                 EXPORT           r9_1scan



ARM Macro Assembler    Page 21 


 1091 00000430         
 1092 00000430 4641            MOV              R1, R8
 1093 00000432 464A            MOV              R2, R9
 1094 00000434 4653            MOV              R3, R10
 1095 00000436         ;0x00000000
 1096 00000436 2000            MOVS             R0, #0
 1097 00000438 4681            MOV              R9, R0
 1098 0000043A 4581            CMP              R9, R0
 1099 0000043C D10E            BNE              R9_1ScanFail
 1100 0000043E         
 1101 0000043E 2001            MOVS             R0, #1
 1102 00000440 07C0            LSLS             R0, R0, #31
 1103 00000442         
 1104 00000442         R9_1ScanStart
 1105 00000442         ;1 scan
 1106 00000442 4681            MOV              R9, R0
 1107 00000444 4581            CMP              R9, R0
 1108 00000446 D109            BNE              R9_1ScanFail
 1109 00000448         
 1110 00000448 0840            LSRS             R0, R0, #1
 1111 0000044A 2800            CMP              R0, #0
 1112 0000044C D1F9            BNE              R9_1ScanStart
 1113 0000044E         
 1114 0000044E         ; R8 R10 check
 1115 0000044E 4691            MOV              R9, R2      ;Recover R9
 1116 00000450 4541            CMP              R1, R8
 1117 00000452 D103            BNE              R9_1ScanFail
 1118 00000454 4553            CMP              R3, R10
 1119 00000456 D101            BNE              R9_1ScanFail
 1120 00000458         
 1121 00000458         R9_1ScanPass
 1122 00000458 20CC            MOVS             R0, #0xCC
 1123 0000045A E000            B                R9_1ScanEnd
 1124 0000045C         
 1125 0000045C         R9_1ScanFail
 1126 0000045C 20DD            MOVS             R0, #0xDD
 1127 0000045E         
 1128 0000045E         R9_1ScanEnd
 1129 0000045E 4770            BX               LR
 1130 00000460                 ENDP
 1131 00000460         
 1132 00000460         
 1133 00000460         ;;;;;;;;;;;;;;;;;;;;;;;;;;;;;;;;;;;;;;;;;;;;;;;;;;;;;;;;
                       ;
 1134 00000460         ;   Specific cpu reg 0-scan: R10
 1135 00000460         ;   Return value:
 1136 00000460         ;       0xCC, Test passed
 1137 00000460         ;       0xDD, Test failed
 1138 00000460         ;;;;;;;;;;;;;;;;;;;;;;;;;;;;;;;;;;;;;;;;;;;;;;;;;;;;;;;;
                       ;
 1139 00000460         r10_0scan
                               PROC
 1140 00000460                 EXPORT           r10_0scan
 1141 00000460         
 1142 00000460 4649            MOV              R1, R9
 1143 00000462 4652            MOV              R2, R10
 1144 00000464 465B            MOV              R3, R11
 1145 00000466 B406            PUSH             {R1,R2}
 1146 00000468         ;0xFFFFFFFF



ARM Macro Assembler    Page 22 


 1147 00000468 2000            MOVS             R0, #0
 1148 0000046A 43C1            MVNS             R1, R0
 1149 0000046C 468A            MOV              R10, R1
 1150 0000046E 458A            CMP              R10, R1
 1151 00000470 D110            BNE              R10_0ScanFail
 1152 00000472         
 1153 00000472 2001            MOVS             R0, #1
 1154 00000474 43C1            MVNS             R1, R0
 1155 00000476 43C2            MVNS             R2, R0
 1156 00000478         
 1157 00000478         R10_0ScanStart
 1158 00000478         ;0 scan
 1159 00000478 468A            MOV              R10, R1
 1160 0000047A 458A            CMP              R10, R1
 1161 0000047C D10A            BNE              R10_0ScanFail
 1162 0000047E         
 1163 0000047E 41C1            RORS             R1, R0
 1164 00000480 4291            CMP              R1, R2
 1165 00000482 D1F9            BNE              R10_0ScanStart
 1166 00000484         
 1167 00000484         ; R9 R11 check
 1168 00000484 BC06            POP              {R1,R2}
 1169 00000486 4692            MOV              R10, R2     ;Recover R10
 1170 00000488 4549            CMP              R1, R9
 1171 0000048A D103            BNE              R10_0ScanFail
 1172 0000048C 455B            CMP              R3, R11
 1173 0000048E D101            BNE              R10_0ScanFail
 1174 00000490         
 1175 00000490         R10_0ScanPass
 1176 00000490 20CC            MOVS             R0, #0xCC
 1177 00000492 E000            B                R10_0ScanEnd
 1178 00000494         
 1179 00000494         R10_0ScanFail
 1180 00000494 20DD            MOVS             R0, #0xDD
 1181 00000496         
 1182 00000496         R10_0ScanEnd
 1183 00000496 4770            BX               LR
 1184 00000498                 ENDP
 1185 00000498         ;;;;;;;;;;;;;;;;;;;;;;;;;;;;;;;;;;;;;;;;;;;;;;;;;;;;;;;;
                       ;
 1186 00000498         ;   Specific cpu reg 1-scan: R10
 1187 00000498         ;   Return value:
 1188 00000498         ;       0xCC, Test passed
 1189 00000498         ;       0xDD, Test failed
 1190 00000498         ;;;;;;;;;;;;;;;;;;;;;;;;;;;;;;;;;;;;;;;;;;;;;;;;;;;;;;;;
                       ;
 1191 00000498         r10_1scan
                               PROC
 1192 00000498                 EXPORT           r10_1scan
 1193 00000498         
 1194 00000498 4649            MOV              R1, R9
 1195 0000049A 4652            MOV              R2, R10
 1196 0000049C 465B            MOV              R3, R11
 1197 0000049E         ;0x00000000
 1198 0000049E 2000            MOVS             R0, #0
 1199 000004A0 4682            MOV              R10, R0
 1200 000004A2 4582            CMP              R10, R0
 1201 000004A4 D10E            BNE              R10_1ScanFail
 1202 000004A6         



ARM Macro Assembler    Page 23 


 1203 000004A6 2001            MOVS             R0, #1
 1204 000004A8 07C0            LSLS             R0, R0, #31
 1205 000004AA         
 1206 000004AA         R10_1ScanStart
 1207 000004AA         ;1 scan
 1208 000004AA 4682            MOV              R10, R0
 1209 000004AC 4582            CMP              R10, R0
 1210 000004AE D109            BNE              R10_1ScanFail
 1211 000004B0         
 1212 000004B0 0840            LSRS             R0, R0, #1
 1213 000004B2 2800            CMP              R0, #0
 1214 000004B4 D1F9            BNE              R10_1ScanStart
 1215 000004B6         
 1216 000004B6         ;R9 R11 check
 1217 000004B6 4692            MOV              R10, R2     ;Recover R10
 1218 000004B8 4549            CMP              R1, R9
 1219 000004BA D103            BNE              R10_1ScanFail
 1220 000004BC 455B            CMP              R3, R11
 1221 000004BE D101            BNE              R10_1ScanFail
 1222 000004C0         
 1223 000004C0         R10_1ScanPass
 1224 000004C0 20CC            MOVS             R0, #0xCC
 1225 000004C2 E000            B                R10_1ScanEnd
 1226 000004C4         
 1227 000004C4         R10_1ScanFail
 1228 000004C4 20DD            MOVS             R0, #0xDD
 1229 000004C6         
 1230 000004C6         R10_1ScanEnd
 1231 000004C6 4770            BX               LR
 1232 000004C8                 ENDP
 1233 000004C8         
 1234 000004C8         
 1235 000004C8         ;;;;;;;;;;;;;;;;;;;;;;;;;;;;;;;;;;;;;;;;;;;;;;;;;;;;;;;;
                       ;
 1236 000004C8         ;   Specific cpu reg 0-scan: R11
 1237 000004C8         ;   Return value:
 1238 000004C8         ;       0xCC, Test passed
 1239 000004C8         ;       0xDD, Test failed
 1240 000004C8         ;;;;;;;;;;;;;;;;;;;;;;;;;;;;;;;;;;;;;;;;;;;;;;;;;;;;;;;;
                       ;
 1241 000004C8         r11_0scan
                               PROC
 1242 000004C8                 EXPORT           r11_0scan
 1243 000004C8         
 1244 000004C8 4651            MOV              R1, R10
 1245 000004CA 465A            MOV              R2, R11
 1246 000004CC 4663            MOV              R3, R12
 1247 000004CE B406            PUSH             {R1,R2}
 1248 000004D0         
 1249 000004D0 2000            MOVS             R0, #0
 1250 000004D2 43C1            MVNS             R1, R0
 1251 000004D4 468B            MOV              R11, R1
 1252 000004D6 458B            CMP              R11, R1
 1253 000004D8 D110            BNE              R11_0ScanFail
 1254 000004DA         
 1255 000004DA 2001            MOVS             R0, #1
 1256 000004DC 43C1            MVNS             R1, R0
 1257 000004DE 43C2            MVNS             R2, R0
 1258 000004E0         



ARM Macro Assembler    Page 24 


 1259 000004E0         R11_0ScanStart
 1260 000004E0         ;0 scan
 1261 000004E0 468B            MOV              R11, R1
 1262 000004E2 458B            CMP              R11, R1
 1263 000004E4 D10A            BNE              R11_0ScanFail
 1264 000004E6         
 1265 000004E6 41C1            RORS             R1, R0
 1266 000004E8 4291            CMP              R1, R2
 1267 000004EA D1F9            BNE              R11_0ScanStart
 1268 000004EC         
 1269 000004EC         ; R10 R12 check
 1270 000004EC BC06            POP              {R1,R2}
 1271 000004EE 4693            MOV              R11, R2     ;Recover R11
 1272 000004F0 4551            CMP              R1, R10
 1273 000004F2 D103            BNE              R11_0ScanFail
 1274 000004F4 4563            CMP              R3, R12
 1275 000004F6 D101            BNE              R11_0ScanFail
 1276 000004F8         
 1277 000004F8         R11_0ScanPass
 1278 000004F8 20CC            MOVS             R0, #0xCC
 1279 000004FA E000            B                R11_0ScanEnd
 1280 000004FC         
 1281 000004FC         R11_0ScanFail
 1282 000004FC 20DD            MOVS             R0, #0xDD
 1283 000004FE         
 1284 000004FE         R11_0ScanEnd
 1285 000004FE 4770            BX               LR
 1286 00000500                 ENDP
 1287 00000500         ;;;;;;;;;;;;;;;;;;;;;;;;;;;;;;;;;;;;;;;;;;;;;;;;;;;;;;;;
                       ;
 1288 00000500         ;   Specific cpu reg 1-scan: R11
 1289 00000500         ;   Return value:
 1290 00000500         ;       0xCC, Test passed
 1291 00000500         ;       0xDD, Test failed
 1292 00000500         ;;;;;;;;;;;;;;;;;;;;;;;;;;;;;;;;;;;;;;;;;;;;;;;;;;;;;;;;
                       ;
 1293 00000500         r11_1scan
                               PROC
 1294 00000500                 EXPORT           r11_1scan
 1295 00000500         
 1296 00000500 4651            MOV              R1, R10
 1297 00000502 465A            MOV              R2, R11
 1298 00000504 4663            MOV              R3, R12
 1299 00000506         ;0x00000000
 1300 00000506 2000            MOVS             R0, #0
 1301 00000508 4683            MOV              R11, R0
 1302 0000050A 4583            CMP              R11, R0
 1303 0000050C D10E            BNE              R11_1ScanFail
 1304 0000050E         
 1305 0000050E 2001            MOVS             R0, #1
 1306 00000510 07C0            LSLS             R0, R0, #31
 1307 00000512         
 1308 00000512         R11_1ScanStart
 1309 00000512         ;1 scan
 1310 00000512 4683            MOV              R11, R0
 1311 00000514 4583            CMP              R11, R0
 1312 00000516 D109            BNE              R11_1ScanFail
 1313 00000518         
 1314 00000518 0840            LSRS             R0, R0, #1



ARM Macro Assembler    Page 25 


 1315 0000051A 2800            CMP              R0, #0
 1316 0000051C D1F9            BNE              R11_1ScanStart
 1317 0000051E         
 1318 0000051E         ; R10 R12 check
 1319 0000051E 4693            MOV              R11, R2     ;Recoveer R11
 1320 00000520 4551            CMP              R1, R10
 1321 00000522 D103            BNE              R11_1ScanFail
 1322 00000524 4563            CMP              R3, R12
 1323 00000526 D101            BNE              R11_1ScanFail
 1324 00000528         
 1325 00000528         R11_1ScanPass
 1326 00000528 20CC            MOVS             R0, #0xCC
 1327 0000052A E000            B                R11_1ScanEnd
 1328 0000052C         
 1329 0000052C         R11_1ScanFail
 1330 0000052C 20DD            MOVS             R0, #0xDD
 1331 0000052E         
 1332 0000052E         R11_1ScanEnd
 1333 0000052E 4770            BX               LR
 1334 00000530                 ENDP
 1335 00000530         
 1336 00000530         
 1337 00000530         ;;;;;;;;;;;;;;;;;;;;;;;;;;;;;;;;;;;;;;;;;;;;;;;;;;;;;;;;
                       ;
 1338 00000530         ;   Specific cpu reg 0-scan: R12
 1339 00000530         ;   Return value:
 1340 00000530         ;       0xCC, Test passed
 1341 00000530         ;       0xDD, Test failed
 1342 00000530         ;;;;;;;;;;;;;;;;;;;;;;;;;;;;;;;;;;;;;;;;;;;;;;;;;;;;;;;;
                       ;
 1343 00000530         r12_0scan
                               PROC
 1344 00000530                 EXPORT           r12_0scan
 1345 00000530         
 1346 00000530 4659            MOV              R1, R11
 1347 00000532 4662            MOV              R2, R12
 1348 00000534 466B            MOV              R3, R13
 1349 00000536 B406            PUSH             {R1,R2}
 1350 00000538         ;0xFFFFFFFF
 1351 00000538 2000            MOVS             R0, #0
 1352 0000053A 43C1            MVNS             R1, R0
 1353 0000053C 468C            MOV              R12, R1
 1354 0000053E 458C            CMP              R12, R1
 1355 00000540 D110            BNE              R12_0ScanFail
 1356 00000542         
 1357 00000542 2001            MOVS             R0, #1
 1358 00000544 43C1            MVNS             R1, R0
 1359 00000546 43C2            MVNS             R2, R0
 1360 00000548         
 1361 00000548         R12_0ScanStart
 1362 00000548         ;0 scan
 1363 00000548 468C            MOV              R12, R1
 1364 0000054A 458C            CMP              R12, R1
 1365 0000054C D10A            BNE              R12_0ScanFail
 1366 0000054E         
 1367 0000054E 41C1            RORS             R1, R0
 1368 00000550 4291            CMP              R1, R2
 1369 00000552 D1F9            BNE              R12_0ScanStart
 1370 00000554         



ARM Macro Assembler    Page 26 


 1371 00000554         ; R11 R13 check
 1372 00000554 BC06            POP              {R1,R2}
 1373 00000556 4694            MOV              R12, R2     ;Recover R12
 1374 00000558 458B            CMP              R11, R1
 1375 0000055A D103            BNE              R12_0ScanFail
 1376 0000055C 459D            CMP              R13, R3
 1377 0000055E D101            BNE              R12_0ScanFail
 1378 00000560         
 1379 00000560         R12_0ScanPass
 1380 00000560 20CC            MOVS             R0, #0xCC
 1381 00000562 E000            B                R12_0ScanEnd
 1382 00000564         
 1383 00000564         R12_0ScanFail
 1384 00000564 20DD            MOVS             R0, #0xDD
 1385 00000566         
 1386 00000566         R12_0ScanEnd
 1387 00000566 4770            BX               LR
 1388 00000568                 ENDP
 1389 00000568         ;;;;;;;;;;;;;;;;;;;;;;;;;;;;;;;;;;;;;;;;;;;;;;;;;;;;;;;;
                       ;
 1390 00000568         ;   Specific cpu reg 1-scan: R12
 1391 00000568         ;   Return value:
 1392 00000568         ;       0xCC, Test passed
 1393 00000568         ;       0xDD, Test failed
 1394 00000568         ;;;;;;;;;;;;;;;;;;;;;;;;;;;;;;;;;;;;;;;;;;;;;;;;;;;;;;;;
                       ;
 1395 00000568         r12_1scan
                               PROC
 1396 00000568                 EXPORT           r12_1scan
 1397 00000568         
 1398 00000568 4659            MOV              R1, R11
 1399 0000056A 4662            MOV              R2, R12
 1400 0000056C 466B            MOV              R3, R13
 1401 0000056E         ;0x00000000
 1402 0000056E 2000            MOVS             R0, #0
 1403 00000570 4684            MOV              R12, R0
 1404 00000572 4584            CMP              R12, R0
 1405 00000574 D10E            BNE              R12_1ScanFail
 1406 00000576         
 1407 00000576 2001            MOVS             R0, #1
 1408 00000578 07C0            LSLS             R0, R0, #31
 1409 0000057A         
 1410 0000057A         R12_1ScanStart
 1411 0000057A         ;1 scan
 1412 0000057A 4684            MOV              R12, R0
 1413 0000057C 4584            CMP              R12, R0
 1414 0000057E D109            BNE              R12_1ScanFail
 1415 00000580         
 1416 00000580 0840            LSRS             R0, R0, #1
 1417 00000582 2800            CMP              R0, #0
 1418 00000584 D1F9            BNE              R12_1ScanStart
 1419 00000586         
 1420 00000586         ;R11 R13 check
 1421 00000586 4694            MOV              R12, R2     ;Recover R12
 1422 00000588 458B            CMP              R11, R1
 1423 0000058A D103            BNE              R12_1ScanFail
 1424 0000058C 459D            CMP              R13, R3
 1425 0000058E D101            BNE              R12_1ScanFail
 1426 00000590         



ARM Macro Assembler    Page 27 


 1427 00000590         R12_1ScanPass
 1428 00000590 20CC            MOVS             R0, #0xCC
 1429 00000592 E000            B                R12_1ScanEnd
 1430 00000594         
 1431 00000594         R12_1ScanFail
 1432 00000594 20DD            MOVS             R0, #0xDD
 1433 00000596         
 1434 00000596         R12_1ScanEnd
 1435 00000596 4770            BX               LR
 1436 00000598                 ENDP
 1437 00000598         
 1438 00000598         
 1439 00000598         
 1440 00000598         ;;;;;;;;;;;;;;;;;;;;;;;;;;;;;;;;;;;;;;;;;;;;;;;;;;;;;;;;
                       ;
 1441 00000598         ;   Specific cpu reg 0-scan: R13
 1442 00000598         ;   Attention! R13 is SP, so push/pop carefully
 1443 00000598         ;   R13's lower 2bit are constant zero
 1444 00000598         ;   Cycles: 
 1445 00000598         ;   Return value:
 1446 00000598         ;       0xCC, Test passed
 1447 00000598         ;       0xDD, Test failed
 1448 00000598         ;;;;;;;;;;;;;;;;;;;;;;;;;;;;;;;;;;;;;;;;;;;;;;;;;;;;;;;;
                       ;
 1449 00000598         r13_0scan
                               PROC
 1450 00000598                 EXPORT           r13_0scan
 1451 00000598         
 1452 00000598 4660            MOV              R0, R12
 1453 0000059A 4672            MOV              R2, R14
 1454 0000059C B415            PUSH             {R0,R2,R4}
 1455 0000059E 466C            MOV              R4, R13
 1456 000005A0         
 1457 000005A0         ;0xFFFFFF00
 1458 000005A0 2000            MOVS             R0, #0
 1459 000005A2 43C1            MVNS             R1, R0
 1460 000005A4 008A            LSLS             R2, R1, #2
 1461 000005A6 4695            MOV              R13, R2
 1462 000005A8 4595            CMP              R13, R2
 1463 000005AA D114            BNE              R13_0ScanFail
 1464 000005AC         
 1465 000005AC 2001            MOVS             R0, #1
 1466 000005AE 43C1            MVNS             R1, R0
 1467 000005B0 0080            LSLS             R0, #2
 1468 000005B2 43C2            MVNS             R2, R0
 1469 000005B4 2001            MOVS             R0, #1
 1470 000005B6         R13_0ScanStart
 1471 000005B6         ;0 scan
 1472 000005B6 468D            MOV              R13, R1
 1473 000005B8         ;clear the lower two bits of R0 since SP is always multi
                       ple of 4
 1474 000005B8         ;BIC    R1, R0, #%11
 1475 000005B8 088B            LSRS             R3, R1, #2
 1476 000005BA 009B            LSLS             R3, #2
 1477 000005BC 459D            CMP              R13, R3
 1478 000005BE D10A            BNE              R13_0ScanFail
 1479 000005C0         
 1480 000005C0 41C1            RORS             R1, R0
 1481 000005C2 4291            CMP              R1, R2



ARM Macro Assembler    Page 28 


 1482 000005C4 D1F7            BNE              R13_0ScanStart
 1483 000005C6         
 1484 000005C6         ;R12 R14 check
 1485 000005C6 46A5            MOV              R13, R4
 1486 000005C8 BC15            POP              {R0,R2,R4}
 1487 000005CA 4584            CMP              R12, R0
 1488 000005CC D103            BNE              R13_0ScanFail
 1489 000005CE 4596            CMP              R14, R2
 1490 000005D0 D101            BNE              R13_0ScanFail
 1491 000005D2         
 1492 000005D2         R13_0ScanPass
 1493 000005D2 20CC            MOVS             R0, #0xCC
 1494 000005D4 E000            B                R13_0ScanEnd
 1495 000005D6         
 1496 000005D6         R13_0ScanFail
 1497 000005D6 20DD            MOVS             R0, #0xDD
 1498 000005D8         
 1499 000005D8         R13_0ScanEnd
 1500 000005D8 4770            BX               LR
 1501 000005DA                 ENDP
 1502 000005DA         ;;;;;;;;;;;;;;;;;;;;;;;;;;;;;;;;;;;;;;;;;;;;;;;;;;;;;;;;
                       ;
 1503 000005DA         ;   Specific cpu reg 1-scan: R13
 1504 000005DA         ;   Attention! R13 is SP, so push/pop carefully
 1505 000005DA         ;   Cycles: 
 1506 000005DA         ;   Return value:
 1507 000005DA         ;       0xCC, Test passed
 1508 000005DA         ;       0xDD, Test failed
 1509 000005DA         ;;;;;;;;;;;;;;;;;;;;;;;;;;;;;;;;;;;;;;;;;;;;;;;;;;;;;;;;
                       ;
 1510 000005DA         r13_1scan
                               PROC
 1511 000005DA                 EXPORT           r13_1scan
 1512 000005DA         
 1513 000005DA B410            PUSH             {R4}
 1514 000005DC 4661            MOV              R1, R12
 1515 000005DE 4672            MOV              R2, R14
 1516 000005E0 466C            MOV              R4, R13     ; saves SP
 1517 000005E2         
 1518 000005E2         ;0x00000000
 1519 000005E2 2000            MOVS             R0, #0
 1520 000005E4 4685            MOV              R13, R0
 1521 000005E6 4585            CMP              R13, R0
 1522 000005E8 D110            BNE              R13_1ScanFail
 1523 000005EA         
 1524 000005EA 2001            MOVS             R0, #1
 1525 000005EC 07C0            LSLS             R0, R0, #31
 1526 000005EE 1743            ASRS             R3, R0, #29 ;R3 = 0xFFFFFFFC
 1527 000005F0         
 1528 000005F0         R13_1ScanStart
 1529 000005F0         ;1 scan
 1530 000005F0 4685            MOV              R13, R0
 1531 000005F2 4585            CMP              R13, R0
 1532 000005F4 D10A            BNE              R13_1ScanFail
 1533 000005F6         
 1534 000005F6 0840            LSRS             R0, R0, #1
 1535 000005F8 2802            CMP              R0, #2
 1536 000005FA D1F9            BNE              R13_1ScanStart
 1537 000005FC         



ARM Macro Assembler    Page 29 


 1538 000005FC         ;R12 R14 check
 1539 000005FC 46A5            MOV              R13, R4
 1540 000005FE BC10            POP              {R4}
 1541 00000600 458C            CMP              R12, R1
 1542 00000602 D103            BNE              R13_1ScanFail
 1543 00000604 4596            CMP              R14, R2
 1544 00000606 D101            BNE              R13_1ScanFail
 1545 00000608         
 1546 00000608         R13_1ScanPass
 1547 00000608 20CC            MOVS             R0, #0xCC
 1548 0000060A E000            B                R13_1ScanEnd
 1549 0000060C         
 1550 0000060C         R13_1ScanFail
 1551 0000060C 20DD            MOVS             R0, #0xDD
 1552 0000060E         
 1553 0000060E         R13_1ScanEnd
 1554 0000060E 4770            BX               LR
 1555 00000610                 ENDP
 1556 00000610         
 1557 00000610         
 1558 00000610         ;;;;;;;;;;;;;;;;;;;;;;;;;;;;;;;;;;;;;;;;;;;;;;;;;;;;;;;;
                       ;
 1559 00000610         ;   Specific cpu reg 0-scan: R14, R14 is LR
 1560 00000610         ;   Return value:
 1561 00000610         ;       0xCC, Test passed
 1562 00000610         ;       0xDD, Test failed
 1563 00000610         ;;;;;;;;;;;;;;;;;;;;;;;;;;;;;;;;;;;;;;;;;;;;;;;;;;;;;;;;
                       ;
 1564 00000610         r14_0scan
                               PROC
 1565 00000610                 EXPORT           r14_0scan
 1566 00000610         
 1567 00000610 4669            MOV              R1, R13
 1568 00000612 B402            PUSH             {R1}
 1569 00000614 4673            MOV              R3, R14
 1570 00000616         
 1571 00000616         ;0xFFFFFFFF
 1572 00000616 2000            MOVS             R0, #0
 1573 00000618 43C1            MVNS             R1, R0
 1574 0000061A 468E            MOV              R14, R1
 1575 0000061C 458E            CMP              R14, R1
 1576 0000061E D10E            BNE              R14_0ScanFail
 1577 00000620         
 1578 00000620 2001            MOVS             R0, #1
 1579 00000622 43C1            MVNS             R1, R0
 1580 00000624 43C2            MVNS             R2, R0
 1581 00000626         
 1582 00000626         R14_0ScanStart
 1583 00000626         ;0 scan
 1584 00000626 468E            MOV              R14, R1
 1585 00000628 458E            CMP              R14, R1
 1586 0000062A D108            BNE              R14_0ScanFail
 1587 0000062C         
 1588 0000062C 41C1            RORS             R1, R0
 1589 0000062E 4291            CMP              R1, R2
 1590 00000630 D1F9            BNE              R14_0ScanStart
 1591 00000632         
 1592 00000632         ; R13 check
 1593 00000632 469E            MOV              R14, R3



ARM Macro Assembler    Page 30 


 1594 00000634 BC02            POP              {R1}
 1595 00000636 458D            CMP              R13, R1
 1596 00000638 D1F5            BNE              R14_0ScanStart
 1597 0000063A         
 1598 0000063A         R14_0ScanPass
 1599 0000063A 20CC            MOVS             R0, #0xCC
 1600 0000063C E000            B                R14_0ScanEnd
 1601 0000063E         
 1602 0000063E         R14_0ScanFail
 1603 0000063E 20DD            MOVS             R0, #0xDD
 1604 00000640         
 1605 00000640         R14_0ScanEnd
 1606 00000640 4770            BX               LR
 1607 00000642                 ENDP
 1608 00000642         ;;;;;;;;;;;;;;;;;;;;;;;;;;;;;;;;;;;;;;;;;;;;;;;;;;;;;;;;
                       ;
 1609 00000642         ;   Specific cpu reg 1-scan: R14, R14 is LR
 1610 00000642         ;   Return value:
 1611 00000642         ;       0xCC, Test passed
 1612 00000642         ;       0xDD, Test failed
 1613 00000642         ;;;;;;;;;;;;;;;;;;;;;;;;;;;;;;;;;;;;;;;;;;;;;;;;;;;;;;;;
                       ;
 1614 00000642         r14_1scan
                               PROC
 1615 00000642                 EXPORT           r14_1scan
 1616 00000642         
 1617 00000642 466A            MOV              R2, R13
 1618 00000644 4673            MOV              R3, R14
 1619 00000646         ;0x00000000
 1620 00000646 2000            MOVS             R0, #0
 1621 00000648 4686            MOV              R14, R0
 1622 0000064A 4586            CMP              R14, R0
 1623 0000064C D10C            BNE              R14_1ScanFail
 1624 0000064E         
 1625 0000064E 2001            MOVS             R0, #1
 1626 00000650 07C0            LSLS             R0, R0, #31
 1627 00000652         
 1628 00000652         R14_1ScanStart
 1629 00000652         ;1 scan
 1630 00000652 4686            MOV              R14, R0
 1631 00000654 4586            CMP              R14, R0
 1632 00000656 D107            BNE              R14_1ScanFail
 1633 00000658         
 1634 00000658 0840            LSRS             R0, R0, #1
 1635 0000065A 2800            CMP              R0, #0
 1636 0000065C D1F9            BNE              R14_1ScanStart
 1637 0000065E         ;R13 check
 1638 0000065E 469E            MOV              R14, R3
 1639 00000660 4595            CMP              R13, R2
 1640 00000662 D101            BNE              R14_1ScanFail
 1641 00000664         
 1642 00000664         R14_1ScanPass
 1643 00000664 20CC            MOVS             R0, #0xCC
 1644 00000666 E000            B                R14_1ScanEnd
 1645 00000668         
 1646 00000668         R14_1ScanFail
 1647 00000668 20DD            MOVS             R0, #0xDD
 1648 0000066A         
 1649 0000066A         R14_1ScanEnd



ARM Macro Assembler    Page 31 


 1650 0000066A 4770            BX               LR
 1651 0000066C                 ENDP
 1652 0000066C         
 1653 0000066C         
 1654 0000066C         
 1655 0000066C                 END
Command Line: --debug --xref --diag_suppress=9931 --cpu=Cortex-M0 --apcs=interw
ork --depend=.\objects\register_scan.d -o.\objects\register_scan.o -I.\RTE\_Lin
ko_08x_Project -IC:\Users\bpsemi\AppData\Local\Arm\Packs\ARM\CMSIS\5.8.0\CMSIS\
Core\Include -IC:\Users\bpsemi\AppData\Local\Arm\Packs\Linko\LKS08x\1.1.5\Devic
e\Include --predefine="__MICROLIB SETA 1" --predefine="__UVISION_VERSION SETA 5
36" --predefine="_RTE_ SETA 1" --predefine="LKS32MC081C8T8 SETA 1" --predefine=
"_RTE_ SETA 1" --list=.\listings\register_scan.lst 2_HardwareDriverLayer\ClassB
\Register_scan.s



ARM Macro Assembler    Page 1 Alphabetic symbol ordering
Relocatable symbols

.text 00000000

Symbol: .text
   Definitions
      At line 1 in file 2_HardwareDriverLayer\ClassB\Register_scan.s
   Uses
      None
Comment: .text unused
APSR_ScanEnd 000000A0

Symbol: APSR_ScanEnd
   Definitions
      At line 168 in file 2_HardwareDriverLayer\ClassB\Register_scan.s
   Uses
      At line 163 in file 2_HardwareDriverLayer\ClassB\Register_scan.s
Comment: APSR_ScanEnd used once
APSR_ScanFail 0000009E

Symbol: APSR_ScanFail
   Definitions
      At line 165 in file 2_HardwareDriverLayer\ClassB\Register_scan.s
   Uses
      At line 134 in file 2_HardwareDriverLayer\ClassB\Register_scan.s
      At line 143 in file 2_HardwareDriverLayer\ClassB\Register_scan.s
      At line 151 in file 2_HardwareDriverLayer\ClassB\Register_scan.s
      At line 157 in file 2_HardwareDriverLayer\ClassB\Register_scan.s

APSR_ScanPass 0000009A

Symbol: APSR_ScanPass
   Definitions
      At line 161 in file 2_HardwareDriverLayer\ClassB\Register_scan.s
   Uses
      None
Comment: APSR_ScanPass unused
APSR_scan 00000058

Symbol: APSR_scan
   Definitions
      At line 123 in file 2_HardwareDriverLayer\ClassB\Register_scan.s
   Uses
      At line 124 in file 2_HardwareDriverLayer\ClassB\Register_scan.s
Comment: APSR_scan used once
PRIMASK_ScanEnd 000000D0

Symbol: PRIMASK_ScanEnd
   Definitions
      At line 211 in file 2_HardwareDriverLayer\ClassB\Register_scan.s
   Uses
      At line 206 in file 2_HardwareDriverLayer\ClassB\Register_scan.s
Comment: PRIMASK_ScanEnd used once
PRIMASK_ScanFail 000000CE

Symbol: PRIMASK_ScanFail
   Definitions
      At line 208 in file 2_HardwareDriverLayer\ClassB\Register_scan.s
   Uses
      At line 190 in file 2_HardwareDriverLayer\ClassB\Register_scan.s
      At line 198 in file 2_HardwareDriverLayer\ClassB\Register_scan.s



ARM Macro Assembler    Page 2 Alphabetic symbol ordering
Relocatable symbols


PRIMASK_ScanPass 000000CA

Symbol: PRIMASK_ScanPass
   Definitions
      At line 204 in file 2_HardwareDriverLayer\ClassB\Register_scan.s
   Uses
      None
Comment: PRIMASK_ScanPass unused
PRIMASK_scan 000000A2

Symbol: PRIMASK_scan
   Definitions
      At line 179 in file 2_HardwareDriverLayer\ClassB\Register_scan.s
   Uses
      At line 180 in file 2_HardwareDriverLayer\ClassB\Register_scan.s
Comment: PRIMASK_scan used once
R0_0ScanEnd 0000002C

Symbol: R0_0ScanEnd
   Definitions
      At line 56 in file 2_HardwareDriverLayer\ClassB\Register_scan.s
   Uses
      None
Comment: R0_0ScanEnd unused
R0_0ScanFail 0000002A

Symbol: R0_0ScanFail
   Definitions
      At line 53 in file 2_HardwareDriverLayer\ClassB\Register_scan.s
   Uses
      At line 25 in file 2_HardwareDriverLayer\ClassB\Register_scan.s
      At line 36 in file 2_HardwareDriverLayer\ClassB\Register_scan.s
      At line 47 in file 2_HardwareDriverLayer\ClassB\Register_scan.s

R0_0ScanPass 00000026

Symbol: R0_0ScanPass
   Definitions
      At line 49 in file 2_HardwareDriverLayer\ClassB\Register_scan.s
   Uses
      None
Comment: R0_0ScanPass unused
R0_0ScanStart 00000012

Symbol: R0_0ScanStart
   Definitions
      At line 31 in file 2_HardwareDriverLayer\ClassB\Register_scan.s
   Uses
      At line 41 in file 2_HardwareDriverLayer\ClassB\Register_scan.s
Comment: R0_0ScanStart used once
R0_1ScanEnd 00000056

Symbol: R0_1ScanEnd
   Definitions
      At line 113 in file 2_HardwareDriverLayer\ClassB\Register_scan.s
   Uses
      At line 51 in file 2_HardwareDriverLayer\ClassB\Register_scan.s
      At line 108 in file 2_HardwareDriverLayer\ClassB\Register_scan.s



ARM Macro Assembler    Page 3 Alphabetic symbol ordering
Relocatable symbols


R0_1ScanFail 00000054

Symbol: R0_1ScanFail
   Definitions
      At line 110 in file 2_HardwareDriverLayer\ClassB\Register_scan.s
   Uses
      At line 85 in file 2_HardwareDriverLayer\ClassB\Register_scan.s
      At line 94 in file 2_HardwareDriverLayer\ClassB\Register_scan.s
      At line 104 in file 2_HardwareDriverLayer\ClassB\Register_scan.s

R0_1ScanPass 00000050

Symbol: R0_1ScanPass
   Definitions
      At line 106 in file 2_HardwareDriverLayer\ClassB\Register_scan.s
   Uses
      None
Comment: R0_1ScanPass unused
R0_1ScanStart 0000003C

Symbol: R0_1ScanStart
   Definitions
      At line 90 in file 2_HardwareDriverLayer\ClassB\Register_scan.s
   Uses
      At line 98 in file 2_HardwareDriverLayer\ClassB\Register_scan.s
Comment: R0_1ScanStart used once
R10_0ScanEnd 00000496

Symbol: R10_0ScanEnd
   Definitions
      At line 1182 in file 2_HardwareDriverLayer\ClassB\Register_scan.s
   Uses
      At line 1177 in file 2_HardwareDriverLayer\ClassB\Register_scan.s
Comment: R10_0ScanEnd used once
R10_0ScanFail 00000494

Symbol: R10_0ScanFail
   Definitions
      At line 1179 in file 2_HardwareDriverLayer\ClassB\Register_scan.s
   Uses
      At line 1151 in file 2_HardwareDriverLayer\ClassB\Register_scan.s
      At line 1161 in file 2_HardwareDriverLayer\ClassB\Register_scan.s
      At line 1171 in file 2_HardwareDriverLayer\ClassB\Register_scan.s
      At line 1173 in file 2_HardwareDriverLayer\ClassB\Register_scan.s

R10_0ScanPass 00000490

Symbol: R10_0ScanPass
   Definitions
      At line 1175 in file 2_HardwareDriverLayer\ClassB\Register_scan.s
   Uses
      None
Comment: R10_0ScanPass unused
R10_0ScanStart 00000478

Symbol: R10_0ScanStart
   Definitions
      At line 1157 in file 2_HardwareDriverLayer\ClassB\Register_scan.s



ARM Macro Assembler    Page 4 Alphabetic symbol ordering
Relocatable symbols

   Uses
      At line 1165 in file 2_HardwareDriverLayer\ClassB\Register_scan.s
Comment: R10_0ScanStart used once
R10_1ScanEnd 000004C6

Symbol: R10_1ScanEnd
   Definitions
      At line 1230 in file 2_HardwareDriverLayer\ClassB\Register_scan.s
   Uses
      At line 1225 in file 2_HardwareDriverLayer\ClassB\Register_scan.s
Comment: R10_1ScanEnd used once
R10_1ScanFail 000004C4

Symbol: R10_1ScanFail
   Definitions
      At line 1227 in file 2_HardwareDriverLayer\ClassB\Register_scan.s
   Uses
      At line 1201 in file 2_HardwareDriverLayer\ClassB\Register_scan.s
      At line 1210 in file 2_HardwareDriverLayer\ClassB\Register_scan.s
      At line 1219 in file 2_HardwareDriverLayer\ClassB\Register_scan.s
      At line 1221 in file 2_HardwareDriverLayer\ClassB\Register_scan.s

R10_1ScanPass 000004C0

Symbol: R10_1ScanPass
   Definitions
      At line 1223 in file 2_HardwareDriverLayer\ClassB\Register_scan.s
   Uses
      None
Comment: R10_1ScanPass unused
R10_1ScanStart 000004AA

Symbol: R10_1ScanStart
   Definitions
      At line 1206 in file 2_HardwareDriverLayer\ClassB\Register_scan.s
   Uses
      At line 1214 in file 2_HardwareDriverLayer\ClassB\Register_scan.s
Comment: R10_1ScanStart used once
R11_0ScanEnd 000004FE

Symbol: R11_0ScanEnd
   Definitions
      At line 1284 in file 2_HardwareDriverLayer\ClassB\Register_scan.s
   Uses
      At line 1279 in file 2_HardwareDriverLayer\ClassB\Register_scan.s
Comment: R11_0ScanEnd used once
R11_0ScanFail 000004FC

Symbol: R11_0ScanFail
   Definitions
      At line 1281 in file 2_HardwareDriverLayer\ClassB\Register_scan.s
   Uses
      At line 1253 in file 2_HardwareDriverLayer\ClassB\Register_scan.s
      At line 1263 in file 2_HardwareDriverLayer\ClassB\Register_scan.s
      At line 1273 in file 2_HardwareDriverLayer\ClassB\Register_scan.s
      At line 1275 in file 2_HardwareDriverLayer\ClassB\Register_scan.s

R11_0ScanPass 000004F8




ARM Macro Assembler    Page 5 Alphabetic symbol ordering
Relocatable symbols

Symbol: R11_0ScanPass
   Definitions
      At line 1277 in file 2_HardwareDriverLayer\ClassB\Register_scan.s
   Uses
      None
Comment: R11_0ScanPass unused
R11_0ScanStart 000004E0

Symbol: R11_0ScanStart
   Definitions
      At line 1259 in file 2_HardwareDriverLayer\ClassB\Register_scan.s
   Uses
      At line 1267 in file 2_HardwareDriverLayer\ClassB\Register_scan.s
Comment: R11_0ScanStart used once
R11_1ScanEnd 0000052E

Symbol: R11_1ScanEnd
   Definitions
      At line 1332 in file 2_HardwareDriverLayer\ClassB\Register_scan.s
   Uses
      At line 1327 in file 2_HardwareDriverLayer\ClassB\Register_scan.s
Comment: R11_1ScanEnd used once
R11_1ScanFail 0000052C

Symbol: R11_1ScanFail
   Definitions
      At line 1329 in file 2_HardwareDriverLayer\ClassB\Register_scan.s
   Uses
      At line 1303 in file 2_HardwareDriverLayer\ClassB\Register_scan.s
      At line 1312 in file 2_HardwareDriverLayer\ClassB\Register_scan.s
      At line 1321 in file 2_HardwareDriverLayer\ClassB\Register_scan.s
      At line 1323 in file 2_HardwareDriverLayer\ClassB\Register_scan.s

R11_1ScanPass 00000528

Symbol: R11_1ScanPass
   Definitions
      At line 1325 in file 2_HardwareDriverLayer\ClassB\Register_scan.s
   Uses
      None
Comment: R11_1ScanPass unused
R11_1ScanStart 00000512

Symbol: R11_1ScanStart
   Definitions
      At line 1308 in file 2_HardwareDriverLayer\ClassB\Register_scan.s
   Uses
      At line 1316 in file 2_HardwareDriverLayer\ClassB\Register_scan.s
Comment: R11_1ScanStart used once
R12_0ScanEnd 00000566

Symbol: R12_0ScanEnd
   Definitions
      At line 1386 in file 2_HardwareDriverLayer\ClassB\Register_scan.s
   Uses
      At line 1381 in file 2_HardwareDriverLayer\ClassB\Register_scan.s
Comment: R12_0ScanEnd used once
R12_0ScanFail 00000564




ARM Macro Assembler    Page 6 Alphabetic symbol ordering
Relocatable symbols

Symbol: R12_0ScanFail
   Definitions
      At line 1383 in file 2_HardwareDriverLayer\ClassB\Register_scan.s
   Uses
      At line 1355 in file 2_HardwareDriverLayer\ClassB\Register_scan.s
      At line 1365 in file 2_HardwareDriverLayer\ClassB\Register_scan.s
      At line 1375 in file 2_HardwareDriverLayer\ClassB\Register_scan.s
      At line 1377 in file 2_HardwareDriverLayer\ClassB\Register_scan.s

R12_0ScanPass 00000560

Symbol: R12_0ScanPass
   Definitions
      At line 1379 in file 2_HardwareDriverLayer\ClassB\Register_scan.s
   Uses
      None
Comment: R12_0ScanPass unused
R12_0ScanStart 00000548

Symbol: R12_0ScanStart
   Definitions
      At line 1361 in file 2_HardwareDriverLayer\ClassB\Register_scan.s
   Uses
      At line 1369 in file 2_HardwareDriverLayer\ClassB\Register_scan.s
Comment: R12_0ScanStart used once
R12_1ScanEnd 00000596

Symbol: R12_1ScanEnd
   Definitions
      At line 1434 in file 2_HardwareDriverLayer\ClassB\Register_scan.s
   Uses
      At line 1429 in file 2_HardwareDriverLayer\ClassB\Register_scan.s
Comment: R12_1ScanEnd used once
R12_1ScanFail 00000594

Symbol: R12_1ScanFail
   Definitions
      At line 1431 in file 2_HardwareDriverLayer\ClassB\Register_scan.s
   Uses
      At line 1405 in file 2_HardwareDriverLayer\ClassB\Register_scan.s
      At line 1414 in file 2_HardwareDriverLayer\ClassB\Register_scan.s
      At line 1423 in file 2_HardwareDriverLayer\ClassB\Register_scan.s
      At line 1425 in file 2_HardwareDriverLayer\ClassB\Register_scan.s

R12_1ScanPass 00000590

Symbol: R12_1ScanPass
   Definitions
      At line 1427 in file 2_HardwareDriverLayer\ClassB\Register_scan.s
   Uses
      None
Comment: R12_1ScanPass unused
R12_1ScanStart 0000057A

Symbol: R12_1ScanStart
   Definitions
      At line 1410 in file 2_HardwareDriverLayer\ClassB\Register_scan.s
   Uses
      At line 1418 in file 2_HardwareDriverLayer\ClassB\Register_scan.s



ARM Macro Assembler    Page 7 Alphabetic symbol ordering
Relocatable symbols

Comment: R12_1ScanStart used once
R13_0ScanEnd 000005D8

Symbol: R13_0ScanEnd
   Definitions
      At line 1499 in file 2_HardwareDriverLayer\ClassB\Register_scan.s
   Uses
      At line 1494 in file 2_HardwareDriverLayer\ClassB\Register_scan.s
Comment: R13_0ScanEnd used once
R13_0ScanFail 000005D6

Symbol: R13_0ScanFail
   Definitions
      At line 1496 in file 2_HardwareDriverLayer\ClassB\Register_scan.s
   Uses
      At line 1463 in file 2_HardwareDriverLayer\ClassB\Register_scan.s
      At line 1478 in file 2_HardwareDriverLayer\ClassB\Register_scan.s
      At line 1488 in file 2_HardwareDriverLayer\ClassB\Register_scan.s
      At line 1490 in file 2_HardwareDriverLayer\ClassB\Register_scan.s

R13_0ScanPass 000005D2

Symbol: R13_0ScanPass
   Definitions
      At line 1492 in file 2_HardwareDriverLayer\ClassB\Register_scan.s
   Uses
      None
Comment: R13_0ScanPass unused
R13_0ScanStart 000005B6

Symbol: R13_0ScanStart
   Definitions
      At line 1470 in file 2_HardwareDriverLayer\ClassB\Register_scan.s
   Uses
      At line 1482 in file 2_HardwareDriverLayer\ClassB\Register_scan.s
Comment: R13_0ScanStart used once
R13_1ScanEnd 0000060E

Symbol: R13_1ScanEnd
   Definitions
      At line 1553 in file 2_HardwareDriverLayer\ClassB\Register_scan.s
   Uses
      At line 1548 in file 2_HardwareDriverLayer\ClassB\Register_scan.s
Comment: R13_1ScanEnd used once
R13_1ScanFail 0000060C

Symbol: R13_1ScanFail
   Definitions
      At line 1550 in file 2_HardwareDriverLayer\ClassB\Register_scan.s
   Uses
      At line 1522 in file 2_HardwareDriverLayer\ClassB\Register_scan.s
      At line 1532 in file 2_HardwareDriverLayer\ClassB\Register_scan.s
      At line 1542 in file 2_HardwareDriverLayer\ClassB\Register_scan.s
      At line 1544 in file 2_HardwareDriverLayer\ClassB\Register_scan.s

R13_1ScanPass 00000608

Symbol: R13_1ScanPass
   Definitions



ARM Macro Assembler    Page 8 Alphabetic symbol ordering
Relocatable symbols

      At line 1546 in file 2_HardwareDriverLayer\ClassB\Register_scan.s
   Uses
      None
Comment: R13_1ScanPass unused
R13_1ScanStart 000005F0

Symbol: R13_1ScanStart
   Definitions
      At line 1528 in file 2_HardwareDriverLayer\ClassB\Register_scan.s
   Uses
      At line 1536 in file 2_HardwareDriverLayer\ClassB\Register_scan.s
Comment: R13_1ScanStart used once
R14_0ScanEnd 00000640

Symbol: R14_0ScanEnd
   Definitions
      At line 1605 in file 2_HardwareDriverLayer\ClassB\Register_scan.s
   Uses
      At line 1600 in file 2_HardwareDriverLayer\ClassB\Register_scan.s
Comment: R14_0ScanEnd used once
R14_0ScanFail 0000063E

Symbol: R14_0ScanFail
   Definitions
      At line 1602 in file 2_HardwareDriverLayer\ClassB\Register_scan.s
   Uses
      At line 1576 in file 2_HardwareDriverLayer\ClassB\Register_scan.s
      At line 1586 in file 2_HardwareDriverLayer\ClassB\Register_scan.s

R14_0ScanPass 0000063A

Symbol: R14_0ScanPass
   Definitions
      At line 1598 in file 2_HardwareDriverLayer\ClassB\Register_scan.s
   Uses
      None
Comment: R14_0ScanPass unused
R14_0ScanStart 00000626

Symbol: R14_0ScanStart
   Definitions
      At line 1582 in file 2_HardwareDriverLayer\ClassB\Register_scan.s
   Uses
      At line 1590 in file 2_HardwareDriverLayer\ClassB\Register_scan.s
      At line 1596 in file 2_HardwareDriverLayer\ClassB\Register_scan.s

R14_1ScanEnd 0000066A

Symbol: R14_1ScanEnd
   Definitions
      At line 1649 in file 2_HardwareDriverLayer\ClassB\Register_scan.s
   Uses
      At line 1644 in file 2_HardwareDriverLayer\ClassB\Register_scan.s
Comment: R14_1ScanEnd used once
R14_1ScanFail 00000668

Symbol: R14_1ScanFail
   Definitions
      At line 1646 in file 2_HardwareDriverLayer\ClassB\Register_scan.s



ARM Macro Assembler    Page 9 Alphabetic symbol ordering
Relocatable symbols

   Uses
      At line 1623 in file 2_HardwareDriverLayer\ClassB\Register_scan.s
      At line 1632 in file 2_HardwareDriverLayer\ClassB\Register_scan.s
      At line 1640 in file 2_HardwareDriverLayer\ClassB\Register_scan.s

R14_1ScanPass 00000664

Symbol: R14_1ScanPass
   Definitions
      At line 1642 in file 2_HardwareDriverLayer\ClassB\Register_scan.s
   Uses
      None
Comment: R14_1ScanPass unused
R14_1ScanStart 00000652

Symbol: R14_1ScanStart
   Definitions
      At line 1628 in file 2_HardwareDriverLayer\ClassB\Register_scan.s
   Uses
      At line 1636 in file 2_HardwareDriverLayer\ClassB\Register_scan.s
Comment: R14_1ScanStart used once
R1_0ScanEnd 00000104

Symbol: R1_0ScanEnd
   Definitions
      At line 262 in file 2_HardwareDriverLayer\ClassB\Register_scan.s
   Uses
      At line 257 in file 2_HardwareDriverLayer\ClassB\Register_scan.s
Comment: R1_0ScanEnd used once
R1_0ScanFail 00000102

Symbol: R1_0ScanFail
   Definitions
      At line 259 in file 2_HardwareDriverLayer\ClassB\Register_scan.s
   Uses
      At line 230 in file 2_HardwareDriverLayer\ClassB\Register_scan.s
      At line 240 in file 2_HardwareDriverLayer\ClassB\Register_scan.s
      At line 251 in file 2_HardwareDriverLayer\ClassB\Register_scan.s
      At line 253 in file 2_HardwareDriverLayer\ClassB\Register_scan.s

R1_0ScanPass 000000FE

Symbol: R1_0ScanPass
   Definitions
      At line 255 in file 2_HardwareDriverLayer\ClassB\Register_scan.s
   Uses
      None
Comment: R1_0ScanPass unused
R1_0ScanStart 000000E4

Symbol: R1_0ScanStart
   Definitions
      At line 236 in file 2_HardwareDriverLayer\ClassB\Register_scan.s
   Uses
      At line 244 in file 2_HardwareDriverLayer\ClassB\Register_scan.s
Comment: R1_0ScanStart used once
R1_1ScanEnd 00000134

Symbol: R1_1ScanEnd



ARM Macro Assembler    Page 10 Alphabetic symbol ordering
Relocatable symbols

   Definitions
      At line 311 in file 2_HardwareDriverLayer\ClassB\Register_scan.s
   Uses
      At line 306 in file 2_HardwareDriverLayer\ClassB\Register_scan.s
Comment: R1_1ScanEnd used once
R1_1ScanFail 00000132

Symbol: R1_1ScanFail
   Definitions
      At line 308 in file 2_HardwareDriverLayer\ClassB\Register_scan.s
   Uses
      At line 280 in file 2_HardwareDriverLayer\ClassB\Register_scan.s
      At line 289 in file 2_HardwareDriverLayer\ClassB\Register_scan.s
      At line 300 in file 2_HardwareDriverLayer\ClassB\Register_scan.s
      At line 302 in file 2_HardwareDriverLayer\ClassB\Register_scan.s

R1_1ScanPass 0000012E

Symbol: R1_1ScanPass
   Definitions
      At line 304 in file 2_HardwareDriverLayer\ClassB\Register_scan.s
   Uses
      None
Comment: R1_1ScanPass unused
R1_1ScanStart 00000114

Symbol: R1_1ScanStart
   Definitions
      At line 285 in file 2_HardwareDriverLayer\ClassB\Register_scan.s
   Uses
      At line 293 in file 2_HardwareDriverLayer\ClassB\Register_scan.s
Comment: R1_1ScanStart used once
R2_0ScanEnd 00000168

Symbol: R2_0ScanEnd
   Definitions
      At line 364 in file 2_HardwareDriverLayer\ClassB\Register_scan.s
   Uses
      At line 359 in file 2_HardwareDriverLayer\ClassB\Register_scan.s
Comment: R2_0ScanEnd used once
R2_0ScanFail 00000166

Symbol: R2_0ScanFail
   Definitions
      At line 361 in file 2_HardwareDriverLayer\ClassB\Register_scan.s
   Uses
      At line 332 in file 2_HardwareDriverLayer\ClassB\Register_scan.s
      At line 342 in file 2_HardwareDriverLayer\ClassB\Register_scan.s
      At line 353 in file 2_HardwareDriverLayer\ClassB\Register_scan.s
      At line 355 in file 2_HardwareDriverLayer\ClassB\Register_scan.s
      At line 402 in file 2_HardwareDriverLayer\ClassB\Register_scan.s
      At line 404 in file 2_HardwareDriverLayer\ClassB\Register_scan.s

R2_0ScanPass 00000162

Symbol: R2_0ScanPass
   Definitions
      At line 357 in file 2_HardwareDriverLayer\ClassB\Register_scan.s
   Uses



ARM Macro Assembler    Page 11 Alphabetic symbol ordering
Relocatable symbols

      None
Comment: R2_0ScanPass unused
R2_0ScanStart 00000148

Symbol: R2_0ScanStart
   Definitions
      At line 338 in file 2_HardwareDriverLayer\ClassB\Register_scan.s
   Uses
      At line 346 in file 2_HardwareDriverLayer\ClassB\Register_scan.s
Comment: R2_0ScanStart used once
R2_1ScanEnd 00000198

Symbol: R2_1ScanEnd
   Definitions
      At line 413 in file 2_HardwareDriverLayer\ClassB\Register_scan.s
   Uses
      At line 408 in file 2_HardwareDriverLayer\ClassB\Register_scan.s
Comment: R2_1ScanEnd used once
R2_1ScanFail 00000196

Symbol: R2_1ScanFail
   Definitions
      At line 410 in file 2_HardwareDriverLayer\ClassB\Register_scan.s
   Uses
      At line 382 in file 2_HardwareDriverLayer\ClassB\Register_scan.s
      At line 391 in file 2_HardwareDriverLayer\ClassB\Register_scan.s

R2_1ScanPass 00000192

Symbol: R2_1ScanPass
   Definitions
      At line 406 in file 2_HardwareDriverLayer\ClassB\Register_scan.s
   Uses
      None
Comment: R2_1ScanPass unused
R2_1ScanStart 00000178

Symbol: R2_1ScanStart
   Definitions
      At line 387 in file 2_HardwareDriverLayer\ClassB\Register_scan.s
   Uses
      At line 395 in file 2_HardwareDriverLayer\ClassB\Register_scan.s
Comment: R2_1ScanStart used once
R3_0ScanEnd 000001CC

Symbol: R3_0ScanEnd
   Definitions
      At line 465 in file 2_HardwareDriverLayer\ClassB\Register_scan.s
   Uses
      At line 460 in file 2_HardwareDriverLayer\ClassB\Register_scan.s
Comment: R3_0ScanEnd used once
R3_0ScanFail 000001CA

Symbol: R3_0ScanFail
   Definitions
      At line 462 in file 2_HardwareDriverLayer\ClassB\Register_scan.s
   Uses
      At line 433 in file 2_HardwareDriverLayer\ClassB\Register_scan.s
      At line 443 in file 2_HardwareDriverLayer\ClassB\Register_scan.s



ARM Macro Assembler    Page 12 Alphabetic symbol ordering
Relocatable symbols

      At line 454 in file 2_HardwareDriverLayer\ClassB\Register_scan.s
      At line 456 in file 2_HardwareDriverLayer\ClassB\Register_scan.s

R3_0ScanPass 000001C6

Symbol: R3_0ScanPass
   Definitions
      At line 458 in file 2_HardwareDriverLayer\ClassB\Register_scan.s
   Uses
      None
Comment: R3_0ScanPass unused
R3_0ScanStart 000001AC

Symbol: R3_0ScanStart
   Definitions
      At line 439 in file 2_HardwareDriverLayer\ClassB\Register_scan.s
   Uses
      At line 447 in file 2_HardwareDriverLayer\ClassB\Register_scan.s
Comment: R3_0ScanStart used once
R3_1ScanEnd 000001FC

Symbol: R3_1ScanEnd
   Definitions
      At line 514 in file 2_HardwareDriverLayer\ClassB\Register_scan.s
   Uses
      At line 509 in file 2_HardwareDriverLayer\ClassB\Register_scan.s
Comment: R3_1ScanEnd used once
R3_1ScanFail 000001FA

Symbol: R3_1ScanFail
   Definitions
      At line 511 in file 2_HardwareDriverLayer\ClassB\Register_scan.s
   Uses
      At line 483 in file 2_HardwareDriverLayer\ClassB\Register_scan.s
      At line 492 in file 2_HardwareDriverLayer\ClassB\Register_scan.s
      At line 503 in file 2_HardwareDriverLayer\ClassB\Register_scan.s
      At line 505 in file 2_HardwareDriverLayer\ClassB\Register_scan.s

R3_1ScanPass 000001F6

Symbol: R3_1ScanPass
   Definitions
      At line 507 in file 2_HardwareDriverLayer\ClassB\Register_scan.s
   Uses
      None
Comment: R3_1ScanPass unused
R3_1ScanStart 000001DC

Symbol: R3_1ScanStart
   Definitions
      At line 488 in file 2_HardwareDriverLayer\ClassB\Register_scan.s
   Uses
      At line 496 in file 2_HardwareDriverLayer\ClassB\Register_scan.s
Comment: R3_1ScanStart used once
R4_0ScanEnd 00000230

Symbol: R4_0ScanEnd
   Definitions
      At line 567 in file 2_HardwareDriverLayer\ClassB\Register_scan.s



ARM Macro Assembler    Page 13 Alphabetic symbol ordering
Relocatable symbols

   Uses
      At line 562 in file 2_HardwareDriverLayer\ClassB\Register_scan.s
Comment: R4_0ScanEnd used once
R4_0ScanFail 0000022E

Symbol: R4_0ScanFail
   Definitions
      At line 564 in file 2_HardwareDriverLayer\ClassB\Register_scan.s
   Uses
      At line 535 in file 2_HardwareDriverLayer\ClassB\Register_scan.s
      At line 545 in file 2_HardwareDriverLayer\ClassB\Register_scan.s
      At line 556 in file 2_HardwareDriverLayer\ClassB\Register_scan.s
      At line 558 in file 2_HardwareDriverLayer\ClassB\Register_scan.s

R4_0ScanPass 0000022A

Symbol: R4_0ScanPass
   Definitions
      At line 560 in file 2_HardwareDriverLayer\ClassB\Register_scan.s
   Uses
      None
Comment: R4_0ScanPass unused
R4_0ScanStart 00000210

Symbol: R4_0ScanStart
   Definitions
      At line 541 in file 2_HardwareDriverLayer\ClassB\Register_scan.s
   Uses
      At line 549 in file 2_HardwareDriverLayer\ClassB\Register_scan.s
Comment: R4_0ScanStart used once
R4_1ScanEnd 00000260

Symbol: R4_1ScanEnd
   Definitions
      At line 616 in file 2_HardwareDriverLayer\ClassB\Register_scan.s
   Uses
      At line 611 in file 2_HardwareDriverLayer\ClassB\Register_scan.s
Comment: R4_1ScanEnd used once
R4_1ScanFail 0000025E

Symbol: R4_1ScanFail
   Definitions
      At line 613 in file 2_HardwareDriverLayer\ClassB\Register_scan.s
   Uses
      At line 585 in file 2_HardwareDriverLayer\ClassB\Register_scan.s
      At line 594 in file 2_HardwareDriverLayer\ClassB\Register_scan.s
      At line 605 in file 2_HardwareDriverLayer\ClassB\Register_scan.s
      At line 607 in file 2_HardwareDriverLayer\ClassB\Register_scan.s

R4_1ScanPass 0000025A

Symbol: R4_1ScanPass
   Definitions
      At line 609 in file 2_HardwareDriverLayer\ClassB\Register_scan.s
   Uses
      None
Comment: R4_1ScanPass unused
R4_1ScanStart 00000240




ARM Macro Assembler    Page 14 Alphabetic symbol ordering
Relocatable symbols

Symbol: R4_1ScanStart
   Definitions
      At line 590 in file 2_HardwareDriverLayer\ClassB\Register_scan.s
   Uses
      At line 598 in file 2_HardwareDriverLayer\ClassB\Register_scan.s
Comment: R4_1ScanStart used once
R5_0ScanEnd 00000294

Symbol: R5_0ScanEnd
   Definitions
      At line 670 in file 2_HardwareDriverLayer\ClassB\Register_scan.s
   Uses
      At line 665 in file 2_HardwareDriverLayer\ClassB\Register_scan.s
Comment: R5_0ScanEnd used once
R5_0ScanFail 00000292

Symbol: R5_0ScanFail
   Definitions
      At line 667 in file 2_HardwareDriverLayer\ClassB\Register_scan.s
   Uses
      At line 639 in file 2_HardwareDriverLayer\ClassB\Register_scan.s
      At line 649 in file 2_HardwareDriverLayer\ClassB\Register_scan.s
      At line 659 in file 2_HardwareDriverLayer\ClassB\Register_scan.s
      At line 661 in file 2_HardwareDriverLayer\ClassB\Register_scan.s

R5_0ScanPass 0000028E

Symbol: R5_0ScanPass
   Definitions
      At line 663 in file 2_HardwareDriverLayer\ClassB\Register_scan.s
   Uses
      None
Comment: R5_0ScanPass unused
R5_0ScanStart 00000276

Symbol: R5_0ScanStart
   Definitions
      At line 645 in file 2_HardwareDriverLayer\ClassB\Register_scan.s
   Uses
      At line 653 in file 2_HardwareDriverLayer\ClassB\Register_scan.s
Comment: R5_0ScanStart used once
R5_1ScanEnd 000002C4

Symbol: R5_1ScanEnd
   Definitions
      At line 719 in file 2_HardwareDriverLayer\ClassB\Register_scan.s
   Uses
      At line 714 in file 2_HardwareDriverLayer\ClassB\Register_scan.s
Comment: R5_1ScanEnd used once
R5_1ScanFail 000002C2

Symbol: R5_1ScanFail
   Definitions
      At line 716 in file 2_HardwareDriverLayer\ClassB\Register_scan.s
   Uses
      At line 690 in file 2_HardwareDriverLayer\ClassB\Register_scan.s
      At line 699 in file 2_HardwareDriverLayer\ClassB\Register_scan.s
      At line 708 in file 2_HardwareDriverLayer\ClassB\Register_scan.s
      At line 710 in file 2_HardwareDriverLayer\ClassB\Register_scan.s



ARM Macro Assembler    Page 15 Alphabetic symbol ordering
Relocatable symbols


R5_1ScanPass 000002BE

Symbol: R5_1ScanPass
   Definitions
      At line 712 in file 2_HardwareDriverLayer\ClassB\Register_scan.s
   Uses
      None
Comment: R5_1ScanPass unused
R5_1ScanStart 000002A8

Symbol: R5_1ScanStart
   Definitions
      At line 695 in file 2_HardwareDriverLayer\ClassB\Register_scan.s
   Uses
      At line 703 in file 2_HardwareDriverLayer\ClassB\Register_scan.s
Comment: R5_1ScanStart used once
R6_0ScanEnd 000002FA

Symbol: R6_0ScanEnd
   Definitions
      At line 776 in file 2_HardwareDriverLayer\ClassB\Register_scan.s
   Uses
      At line 768 in file 2_HardwareDriverLayer\ClassB\Register_scan.s
Comment: R6_0ScanEnd used once
R6_0ScanFail 000002F8

Symbol: R6_0ScanFail
   Definitions
      At line 773 in file 2_HardwareDriverLayer\ClassB\Register_scan.s
   Uses
      At line 762 in file 2_HardwareDriverLayer\ClassB\Register_scan.s
      At line 764 in file 2_HardwareDriverLayer\ClassB\Register_scan.s

R6_0ScanFailPop 000002F6

Symbol: R6_0ScanFailPop
   Definitions
      At line 770 in file 2_HardwareDriverLayer\ClassB\Register_scan.s
   Uses
      At line 741 in file 2_HardwareDriverLayer\ClassB\Register_scan.s
      At line 752 in file 2_HardwareDriverLayer\ClassB\Register_scan.s

R6_0ScanPass 000002F2

Symbol: R6_0ScanPass
   Definitions
      At line 766 in file 2_HardwareDriverLayer\ClassB\Register_scan.s
   Uses
      None
Comment: R6_0ScanPass unused
R6_0ScanStart 000002DA

Symbol: R6_0ScanStart
   Definitions
      At line 747 in file 2_HardwareDriverLayer\ClassB\Register_scan.s
   Uses
      At line 756 in file 2_HardwareDriverLayer\ClassB\Register_scan.s
Comment: R6_0ScanStart used once



ARM Macro Assembler    Page 16 Alphabetic symbol ordering
Relocatable symbols

R6_1ScanEnd 0000032A

Symbol: R6_1ScanEnd
   Definitions
      At line 824 in file 2_HardwareDriverLayer\ClassB\Register_scan.s
   Uses
      At line 819 in file 2_HardwareDriverLayer\ClassB\Register_scan.s
Comment: R6_1ScanEnd used once
R6_1ScanFail 00000328

Symbol: R6_1ScanFail
   Definitions
      At line 821 in file 2_HardwareDriverLayer\ClassB\Register_scan.s
   Uses
      At line 795 in file 2_HardwareDriverLayer\ClassB\Register_scan.s
      At line 804 in file 2_HardwareDriverLayer\ClassB\Register_scan.s
      At line 813 in file 2_HardwareDriverLayer\ClassB\Register_scan.s
      At line 815 in file 2_HardwareDriverLayer\ClassB\Register_scan.s

R6_1ScanPass 00000324

Symbol: R6_1ScanPass
   Definitions
      At line 817 in file 2_HardwareDriverLayer\ClassB\Register_scan.s
   Uses
      None
Comment: R6_1ScanPass unused
R6_1ScanStart 0000030E

Symbol: R6_1ScanStart
   Definitions
      At line 800 in file 2_HardwareDriverLayer\ClassB\Register_scan.s
   Uses
      At line 808 in file 2_HardwareDriverLayer\ClassB\Register_scan.s
Comment: R6_1ScanStart used once
R7_0ScanEnd 0000035E

Symbol: R7_0ScanEnd
   Definitions
      At line 876 in file 2_HardwareDriverLayer\ClassB\Register_scan.s
   Uses
      At line 871 in file 2_HardwareDriverLayer\ClassB\Register_scan.s
Comment: R7_0ScanEnd used once
R7_0ScanFail 0000035C

Symbol: R7_0ScanFail
   Definitions
      At line 873 in file 2_HardwareDriverLayer\ClassB\Register_scan.s
   Uses
      At line 845 in file 2_HardwareDriverLayer\ClassB\Register_scan.s
      At line 855 in file 2_HardwareDriverLayer\ClassB\Register_scan.s
      At line 865 in file 2_HardwareDriverLayer\ClassB\Register_scan.s
      At line 867 in file 2_HardwareDriverLayer\ClassB\Register_scan.s

R7_0ScanPass 00000358

Symbol: R7_0ScanPass
   Definitions
      At line 869 in file 2_HardwareDriverLayer\ClassB\Register_scan.s



ARM Macro Assembler    Page 17 Alphabetic symbol ordering
Relocatable symbols

   Uses
      None
Comment: R7_0ScanPass unused
R7_0ScanStart 00000340

Symbol: R7_0ScanStart
   Definitions
      At line 851 in file 2_HardwareDriverLayer\ClassB\Register_scan.s
   Uses
      At line 859 in file 2_HardwareDriverLayer\ClassB\Register_scan.s
Comment: R7_0ScanStart used once
R7_1ScanEnd 0000038E

Symbol: R7_1ScanEnd
   Definitions
      At line 924 in file 2_HardwareDriverLayer\ClassB\Register_scan.s
   Uses
      At line 919 in file 2_HardwareDriverLayer\ClassB\Register_scan.s
Comment: R7_1ScanEnd used once
R7_1ScanFail 0000038C

Symbol: R7_1ScanFail
   Definitions
      At line 921 in file 2_HardwareDriverLayer\ClassB\Register_scan.s
   Uses
      At line 895 in file 2_HardwareDriverLayer\ClassB\Register_scan.s
      At line 904 in file 2_HardwareDriverLayer\ClassB\Register_scan.s
      At line 913 in file 2_HardwareDriverLayer\ClassB\Register_scan.s
      At line 915 in file 2_HardwareDriverLayer\ClassB\Register_scan.s

R7_1ScanPass 00000388

Symbol: R7_1ScanPass
   Definitions
      At line 917 in file 2_HardwareDriverLayer\ClassB\Register_scan.s
   Uses
      None
Comment: R7_1ScanPass unused
R7_1ScanStart 00000372

Symbol: R7_1ScanStart
   Definitions
      At line 900 in file 2_HardwareDriverLayer\ClassB\Register_scan.s
   Uses
      At line 908 in file 2_HardwareDriverLayer\ClassB\Register_scan.s
Comment: R7_1ScanStart used once
R8_0ScanEnd 000003C6

Symbol: R8_0ScanEnd
   Definitions
      At line 978 in file 2_HardwareDriverLayer\ClassB\Register_scan.s
   Uses
      At line 973 in file 2_HardwareDriverLayer\ClassB\Register_scan.s
Comment: R8_0ScanEnd used once
R8_0ScanFail 000003C4

Symbol: R8_0ScanFail
   Definitions
      At line 975 in file 2_HardwareDriverLayer\ClassB\Register_scan.s



ARM Macro Assembler    Page 18 Alphabetic symbol ordering
Relocatable symbols

   Uses
      At line 947 in file 2_HardwareDriverLayer\ClassB\Register_scan.s
      At line 957 in file 2_HardwareDriverLayer\ClassB\Register_scan.s
      At line 967 in file 2_HardwareDriverLayer\ClassB\Register_scan.s
      At line 969 in file 2_HardwareDriverLayer\ClassB\Register_scan.s

R8_0ScanPass 000003C0

Symbol: R8_0ScanPass
   Definitions
      At line 971 in file 2_HardwareDriverLayer\ClassB\Register_scan.s
   Uses
      None
Comment: R8_0ScanPass unused
R8_0ScanStart 000003A8

Symbol: R8_0ScanStart
   Definitions
      At line 953 in file 2_HardwareDriverLayer\ClassB\Register_scan.s
   Uses
      At line 961 in file 2_HardwareDriverLayer\ClassB\Register_scan.s
Comment: R8_0ScanStart used once
R8_1ScanEnd 000003F6

Symbol: R8_1ScanEnd
   Definitions
      At line 1026 in file 2_HardwareDriverLayer\ClassB\Register_scan.s
   Uses
      At line 1021 in file 2_HardwareDriverLayer\ClassB\Register_scan.s
Comment: R8_1ScanEnd used once
R8_1ScanFail 000003F4

Symbol: R8_1ScanFail
   Definitions
      At line 1023 in file 2_HardwareDriverLayer\ClassB\Register_scan.s
   Uses
      At line 997 in file 2_HardwareDriverLayer\ClassB\Register_scan.s
      At line 1006 in file 2_HardwareDriverLayer\ClassB\Register_scan.s
      At line 1015 in file 2_HardwareDriverLayer\ClassB\Register_scan.s
      At line 1017 in file 2_HardwareDriverLayer\ClassB\Register_scan.s

R8_1ScanPass 000003F0

Symbol: R8_1ScanPass
   Definitions
      At line 1019 in file 2_HardwareDriverLayer\ClassB\Register_scan.s
   Uses
      None
Comment: R8_1ScanPass unused
R8_1ScanStart 000003DA

Symbol: R8_1ScanStart
   Definitions
      At line 1002 in file 2_HardwareDriverLayer\ClassB\Register_scan.s
   Uses
      At line 1010 in file 2_HardwareDriverLayer\ClassB\Register_scan.s
Comment: R8_1ScanStart used once
R9_0ScanEnd 0000042E




ARM Macro Assembler    Page 19 Alphabetic symbol ordering
Relocatable symbols

Symbol: R9_0ScanEnd
   Definitions
      At line 1080 in file 2_HardwareDriverLayer\ClassB\Register_scan.s
   Uses
      At line 1075 in file 2_HardwareDriverLayer\ClassB\Register_scan.s
Comment: R9_0ScanEnd used once
R9_0ScanFail 0000042C

Symbol: R9_0ScanFail
   Definitions
      At line 1077 in file 2_HardwareDriverLayer\ClassB\Register_scan.s
   Uses
      At line 1049 in file 2_HardwareDriverLayer\ClassB\Register_scan.s
      At line 1059 in file 2_HardwareDriverLayer\ClassB\Register_scan.s
      At line 1069 in file 2_HardwareDriverLayer\ClassB\Register_scan.s
      At line 1071 in file 2_HardwareDriverLayer\ClassB\Register_scan.s

R9_0ScanPass 00000428

Symbol: R9_0ScanPass
   Definitions
      At line 1073 in file 2_HardwareDriverLayer\ClassB\Register_scan.s
   Uses
      None
Comment: R9_0ScanPass unused
R9_0ScanStart 00000410

Symbol: R9_0ScanStart
   Definitions
      At line 1055 in file 2_HardwareDriverLayer\ClassB\Register_scan.s
   Uses
      At line 1063 in file 2_HardwareDriverLayer\ClassB\Register_scan.s
Comment: R9_0ScanStart used once
R9_1ScanEnd 0000045E

Symbol: R9_1ScanEnd
   Definitions
      At line 1128 in file 2_HardwareDriverLayer\ClassB\Register_scan.s
   Uses
      At line 1123 in file 2_HardwareDriverLayer\ClassB\Register_scan.s
Comment: R9_1ScanEnd used once
R9_1ScanFail 0000045C

Symbol: R9_1ScanFail
   Definitions
      At line 1125 in file 2_HardwareDriverLayer\ClassB\Register_scan.s
   Uses
      At line 1099 in file 2_HardwareDriverLayer\ClassB\Register_scan.s
      At line 1108 in file 2_HardwareDriverLayer\ClassB\Register_scan.s
      At line 1117 in file 2_HardwareDriverLayer\ClassB\Register_scan.s
      At line 1119 in file 2_HardwareDriverLayer\ClassB\Register_scan.s

R9_1ScanPass 00000458

Symbol: R9_1ScanPass
   Definitions
      At line 1121 in file 2_HardwareDriverLayer\ClassB\Register_scan.s
   Uses
      None



ARM Macro Assembler    Page 20 Alphabetic symbol ordering
Relocatable symbols

Comment: R9_1ScanPass unused
R9_1ScanStart 00000442

Symbol: R9_1ScanStart
   Definitions
      At line 1104 in file 2_HardwareDriverLayer\ClassB\Register_scan.s
   Uses
      At line 1112 in file 2_HardwareDriverLayer\ClassB\Register_scan.s
Comment: R9_1ScanStart used once
r0_0scan 00000000

Symbol: r0_0scan
   Definitions
      At line 15 in file 2_HardwareDriverLayer\ClassB\Register_scan.s
   Uses
      At line 16 in file 2_HardwareDriverLayer\ClassB\Register_scan.s
Comment: r0_0scan used once
r0_1scan 0000002E

Symbol: r0_1scan
   Definitions
      At line 76 in file 2_HardwareDriverLayer\ClassB\Register_scan.s
   Uses
      At line 77 in file 2_HardwareDriverLayer\ClassB\Register_scan.s
Comment: r0_1scan used once
r10_0scan 00000460

Symbol: r10_0scan
   Definitions
      At line 1139 in file 2_HardwareDriverLayer\ClassB\Register_scan.s
   Uses
      At line 1140 in file 2_HardwareDriverLayer\ClassB\Register_scan.s
Comment: r10_0scan used once
r10_1scan 00000498

Symbol: r10_1scan
   Definitions
      At line 1191 in file 2_HardwareDriverLayer\ClassB\Register_scan.s
   Uses
      At line 1192 in file 2_HardwareDriverLayer\ClassB\Register_scan.s
Comment: r10_1scan used once
r11_0scan 000004C8

Symbol: r11_0scan
   Definitions
      At line 1241 in file 2_HardwareDriverLayer\ClassB\Register_scan.s
   Uses
      At line 1242 in file 2_HardwareDriverLayer\ClassB\Register_scan.s
Comment: r11_0scan used once
r11_1scan 00000500

Symbol: r11_1scan
   Definitions
      At line 1293 in file 2_HardwareDriverLayer\ClassB\Register_scan.s
   Uses
      At line 1294 in file 2_HardwareDriverLayer\ClassB\Register_scan.s
Comment: r11_1scan used once
r12_0scan 00000530




ARM Macro Assembler    Page 21 Alphabetic symbol ordering
Relocatable symbols

Symbol: r12_0scan
   Definitions
      At line 1343 in file 2_HardwareDriverLayer\ClassB\Register_scan.s
   Uses
      At line 1344 in file 2_HardwareDriverLayer\ClassB\Register_scan.s
Comment: r12_0scan used once
r12_1scan 00000568

Symbol: r12_1scan
   Definitions
      At line 1395 in file 2_HardwareDriverLayer\ClassB\Register_scan.s
   Uses
      At line 1396 in file 2_HardwareDriverLayer\ClassB\Register_scan.s
Comment: r12_1scan used once
r13_0scan 00000598

Symbol: r13_0scan
   Definitions
      At line 1449 in file 2_HardwareDriverLayer\ClassB\Register_scan.s
   Uses
      At line 1450 in file 2_HardwareDriverLayer\ClassB\Register_scan.s
Comment: r13_0scan used once
r13_1scan 000005DA

Symbol: r13_1scan
   Definitions
      At line 1510 in file 2_HardwareDriverLayer\ClassB\Register_scan.s
   Uses
      At line 1511 in file 2_HardwareDriverLayer\ClassB\Register_scan.s
Comment: r13_1scan used once
r14_0scan 00000610

Symbol: r14_0scan
   Definitions
      At line 1564 in file 2_HardwareDriverLayer\ClassB\Register_scan.s
   Uses
      At line 1565 in file 2_HardwareDriverLayer\ClassB\Register_scan.s
Comment: r14_0scan used once
r14_1scan 00000642

Symbol: r14_1scan
   Definitions
      At line 1614 in file 2_HardwareDriverLayer\ClassB\Register_scan.s
   Uses
      At line 1615 in file 2_HardwareDriverLayer\ClassB\Register_scan.s
Comment: r14_1scan used once
r1_0scan 000000D2

Symbol: r1_0scan
   Definitions
      At line 220 in file 2_HardwareDriverLayer\ClassB\Register_scan.s
   Uses
      At line 221 in file 2_HardwareDriverLayer\ClassB\Register_scan.s
Comment: r1_0scan used once
r1_1scan 00000106

Symbol: r1_1scan
   Definitions
      At line 271 in file 2_HardwareDriverLayer\ClassB\Register_scan.s



ARM Macro Assembler    Page 22 Alphabetic symbol ordering
Relocatable symbols

   Uses
      At line 272 in file 2_HardwareDriverLayer\ClassB\Register_scan.s
Comment: r1_1scan used once
r2_0scan 00000136

Symbol: r2_0scan
   Definitions
      At line 322 in file 2_HardwareDriverLayer\ClassB\Register_scan.s
   Uses
      At line 323 in file 2_HardwareDriverLayer\ClassB\Register_scan.s
Comment: r2_0scan used once
r2_1scan 0000016A

Symbol: r2_1scan
   Definitions
      At line 373 in file 2_HardwareDriverLayer\ClassB\Register_scan.s
   Uses
      At line 374 in file 2_HardwareDriverLayer\ClassB\Register_scan.s
Comment: r2_1scan used once
r3_0scan 0000019A

Symbol: r3_0scan
   Definitions
      At line 424 in file 2_HardwareDriverLayer\ClassB\Register_scan.s
   Uses
      At line 425 in file 2_HardwareDriverLayer\ClassB\Register_scan.s
Comment: r3_0scan used once
r3_1scan 000001CE

Symbol: r3_1scan
   Definitions
      At line 474 in file 2_HardwareDriverLayer\ClassB\Register_scan.s
   Uses
      At line 475 in file 2_HardwareDriverLayer\ClassB\Register_scan.s
Comment: r3_1scan used once
r4_0scan 000001FE

Symbol: r4_0scan
   Definitions
      At line 525 in file 2_HardwareDriverLayer\ClassB\Register_scan.s
   Uses
      At line 526 in file 2_HardwareDriverLayer\ClassB\Register_scan.s
Comment: r4_0scan used once
r4_1scan 00000232

Symbol: r4_1scan
   Definitions
      At line 576 in file 2_HardwareDriverLayer\ClassB\Register_scan.s
   Uses
      At line 577 in file 2_HardwareDriverLayer\ClassB\Register_scan.s
Comment: r4_1scan used once
r5_0scan 00000262

Symbol: r5_0scan
   Definitions
      At line 629 in file 2_HardwareDriverLayer\ClassB\Register_scan.s
   Uses
      At line 630 in file 2_HardwareDriverLayer\ClassB\Register_scan.s
Comment: r5_0scan used once



ARM Macro Assembler    Page 23 Alphabetic symbol ordering
Relocatable symbols

r5_1scan 00000296

Symbol: r5_1scan
   Definitions
      At line 679 in file 2_HardwareDriverLayer\ClassB\Register_scan.s
   Uses
      At line 680 in file 2_HardwareDriverLayer\ClassB\Register_scan.s
Comment: r5_1scan used once
r6_0scan 000002C6

Symbol: r6_0scan
   Definitions
      At line 731 in file 2_HardwareDriverLayer\ClassB\Register_scan.s
   Uses
      At line 732 in file 2_HardwareDriverLayer\ClassB\Register_scan.s
Comment: r6_0scan used once
r6_1scan 000002FC

Symbol: r6_1scan
   Definitions
      At line 785 in file 2_HardwareDriverLayer\ClassB\Register_scan.s
   Uses
      At line 786 in file 2_HardwareDriverLayer\ClassB\Register_scan.s
Comment: r6_1scan used once
r7_0scan 0000032C

Symbol: r7_0scan
   Definitions
      At line 835 in file 2_HardwareDriverLayer\ClassB\Register_scan.s
   Uses
      At line 836 in file 2_HardwareDriverLayer\ClassB\Register_scan.s
Comment: r7_0scan used once
r7_1scan 00000360

Symbol: r7_1scan
   Definitions
      At line 885 in file 2_HardwareDriverLayer\ClassB\Register_scan.s
   Uses
      At line 886 in file 2_HardwareDriverLayer\ClassB\Register_scan.s
Comment: r7_1scan used once
r8_0scan 00000390

Symbol: r8_0scan
   Definitions
      At line 935 in file 2_HardwareDriverLayer\ClassB\Register_scan.s
   Uses
      At line 936 in file 2_HardwareDriverLayer\ClassB\Register_scan.s
Comment: r8_0scan used once
r8_1scan 000003C8

Symbol: r8_1scan
   Definitions
      At line 987 in file 2_HardwareDriverLayer\ClassB\Register_scan.s
   Uses
      At line 988 in file 2_HardwareDriverLayer\ClassB\Register_scan.s
Comment: r8_1scan used once
r9_0scan 000003F8

Symbol: r9_0scan



ARM Macro Assembler    Page 24 Alphabetic symbol ordering
Relocatable symbols

   Definitions
      At line 1037 in file 2_HardwareDriverLayer\ClassB\Register_scan.s
   Uses
      At line 1038 in file 2_HardwareDriverLayer\ClassB\Register_scan.s
Comment: r9_0scan used once
r9_1scan 00000430

Symbol: r9_1scan
   Definitions
      At line 1089 in file 2_HardwareDriverLayer\ClassB\Register_scan.s
   Uses
      At line 1090 in file 2_HardwareDriverLayer\ClassB\Register_scan.s
Comment: r9_1scan used once
160 symbols
494 symbols in table
