Timestamp;Symbol No 1;Symbol No 2;Symbol No 3;Symbol No 4
100;8220;8220;-16440;8176
200;8176;-16352;8388;8388
300;-16776;8432;8432;-16864
400;8524;8524;-17048;8676
500;8676;-17352;8652;8652
600;-17304;8756;8756;-17512
700;8668;8668;-17336;8840
800;8840;-17680;8872;8872
900;-17744;8892;8892;-17784
1000;8852;8852;-17704;8876
1100;8876;-17752;8912;8912
1200;-17824;8872;8872;-17744
1300;8860;8860;-17720;8872
1400;8872;-17744;8832;8832
1500;-17664;8900;8900;-17800
1600;8900;8900;-17800;8860
1700;8860;-17720;8892;8892
1800;-17784;8928;8928;-17856
1900;8860;8860;-17720;8896
2000;8896;-17792;8896;8896
2100;-17792;8884;8884;-17768
2200;8948;8948;-17896;8880
2300;8880;-17760;8888;8888
2400;-17776;8900;8900;-17800
2500;8876;8876;-17752;8908
2600;8908;-17816;8904;8904
2700;-17808;8840;8840;-17680
2800;8864;8864;-17728;8912
2900;8912;-17824;8852;8852
3000;-17704;8932;8932;-17864
3100;8920;8920;-17840;8904
3200;8904;-17808;8944;8944
3300;-17888;8960;8960;-17920
3400;8892;8892;-17784;8880
3500;8880;-17760;8888;8888
3600;-17776;8936;8936;-17872
3700;8852;8852;-17704;8992
3800;8992;-17984;8924;8924
3900;-17848;8964;8964;-17928
4000;9056;9056;-18112;8956
4100;8956;-17912;8980;8980
4200;-17960;8944;8944;-17888
4300;9384;9384;-18768;8956
4400;8956;-17912;8996;8996
4500;-17992;9020;9020;-18040
4600;9052;9052;-18104;9000
4700;9000;-18000;9112;9112
4800;-18224;9084;9084;-18168
4900;9056;9056;-18112;9120
5000;9120;-18240;9120;9120
5100;-18240;9252;9252;-18504
5200;9168;9168;-18336;9248
5300;9248;-18496;9292;9292
5400;-18584;9308;9308;-18616
5500;9504;9504;-19008;9420
5600;9420;-18840;9556;9556
5700;-19112;9580;9580;-19160
5800;9616;9616;-19232;9692
5900;9692;-19384;9748;9748
6000;-19496;9844;9844;-19688
6100;9916;9916;-19832;10392
6200;10392;-20784;9980;9980
6300;-19960;10008;10008;-20016
6400;10100;10100;-20200;10128
6500;10128;-20256;10124;10124
6600;-20248;10164;10164;-20328
6700;10260;10260;-20520;10260
6800;10260;-20520;10236;10236
6900;-20472;10336;10336;-20672
7000;10368;10368;-20736;10424
7100;10424;-20848;10504;10504
7200;-21008;10444;10444;-20888
7300;10600;10600;-21200;10592
7400;10592;-21184;10700;10700
7500;-21400;10688;10688;-21376
7600;10696;10696;-21392;10796
7700;10796;-21592;10836;10836
7800;-21672;10892;10892;-21784
7900;10936;10936;-21872;10964
8000;10964;-21928;10936;10936
8100;-21872;11048;11048;-22096
8200;11084;11084;-22168;11184
8300;11184;-22368;11120;11120
8400;-22240;11272;11272;-22544
8500;11304;11304;-22608;11324
8600;11324;-22648;11348;11348
8700;-22696;11384;11384;-22768
8800;11492;11492;-22984;11640
8900;11640;-23280;11600;11600
9000;-23200;11580;11580;-23160
9100;11736;11736;-23472;11696
9200;11696;-23392;11804;11804
9300;-23608;11856;11856;-23712
9400;11896;11896;-23792;12052
9500;12052;-24104;12132;12132
9600;-24264;12044;12044;-24088
9700;12148;12148;-24296;12208
9800;12208;-24416;12236;12236
9900;-24472;12344;12344;-24688
10000;12392;12392;-24784;7356
10100;7356;-14712;2932;2932
10200;-5864;2848;2848;-5696
10300;2904;2904;-5808;2880
10400;2880;-5760;2980;2980
10500;-5960;2896;2896;-5792
10600;2908;2908;-5816;2928
10700;2928;-5856;2980;2980
10800;-5960;2896;2896;-5792
10900;2940;2940;-5880;2944
11000;2944;-5888;3012;3012
11100;-6024;2920;2920;-5840
11200;2952;2952;-5904;2956
11300;2956;-5912;2944;2944
11400;-5888;2932;2932;-5864
11500;2960;2960;-5920;2996
11600;2996;-5992;2964;2964
11700;-5928;2932;2932;-5864
11800;2916;2916;-5832;2932
11900;2932;-5864;2972;2972
12000;-5944;2864;2864;-5728
12100;2848;2848;-5696;2828
12200;2828;-5656;2952;2952
12300;-5904;2808;2808;-5616
12400;2788;2788;-5576;2752
12500;2752;-5504;2764;2764
12600;-5528;2700;2700;-5400
12700;2696;2696;-5392;2724
12800;2724;-5448;2632;2632
12900;-5264;2624;2624;-5248
13000;2648;2648;-5296;2592
13100;2592;-5184;2580;2580
13200;-5160;2508;2508;-5016
13300;2540;2540;-5080;2544
13400;2544;-5088;2588;2588
13500;-5176;2576;2576;-5152
13600;2684;2684;-5368;2704
13700;2704;-5408;2764;2764
13800;-5528;2820;2820;-5640
13900;2828;2828;-5656;2868
14000;2868;-5736;2880;2880
14100;-5760;2916;2916;-5832
14200;2924;2924;-5848;2992
14300;2992;-5984;3188;3188
14400;-6376;3072;3072;-6144
14500;3132;3132;-6264;3276
14600;3276;-6552;3256;3256
14700;-6512;3292;3292;-6584
14800;3340;3340;-6680;3284
14900;3284;-6568;3244;3244
15000;-6488;3328;3328;-6656
15100;3236;3236;-6472;3284
15200;3284;-6568;3216;3216
15300;-6432;3296;3296;-6592
15400;3256;3256;-6512;3304
15500;3304;-6608;3348;3348
15600;-6696;3300;3300;-6600
15700;3344;3344;-6688;3388
15800;3388;-6776;3404;3404
15900;-6808;3452;3452;-6904
16000;3496;3496;-6992;3548
16100;3548;-7096;3584;3584
16200;-7168;3648;3648;-7296
16300;3680;3680;-7360;3732
16400;3732;-7464;3896;3896
16500;-7792;3856;3856;-7712
16600;3928;3928;-7856;3916
16700;3916;-7832;3944;3944
16800;-7888;4048;4048;-8096
16900;4064;4064;-8128;4116
17000;4116;-8232;4148;4148
17100;-8296;4268;4268;-8536
17200;4176;4176;-8352;4264
17300;4264;-8528;4312;4312
17400;-8624;4360;4360;-8720
17500;4360;4360;-8720;4360
17600;4360;-8720;4400;4400
17700;-8800;4456;4456;-8912
17800;4472;4472;-8944;4468
17900;4468;-8936;4540;4540
18000;-9080;4476;4476;-8952
18100;4556;4556;-9112;4620
18200;4620;-9240;4792;4792
18300;-9584;4696;4696;-9392
18400;4692;4692;-9384;4820
18500;4820;-9640;4764;4764
18600;-9528;4868;4868;-9736
18700;4888;4888;-9776;4968
18800;4968;-9936;4988;4988
18900;-9976;5088;5088;-10176
19000;5144;5144;-10288;5136
19100;5136;-10272;5256;5256
19200;-10512;5264;5264;-10528
19300;5476;5476;-10952;5376
19400;5376;-10752;5424;5424
19500;-10848;5492;5492;-10984
19600;5560;5560;-11120;5704
19700;5704;-11408;5600;5600
19800;-11200;5684;5684;-11368
19900;5736;5736;-11472;5764
20000;5764;-11528;5768;5768
20100;-11536;5776;5776;-11552
20200;5804;5804;-11608;5848
20300;5848;-11696;5828;5828
20400;-11656;6324;6324;-12648
20500;5892;5892;-11784;5920
20600;5920;-11840;5928;5928
20700;-11856;5992;5992;-11984
20800;6068;6068;-12136;6000
20900;6000;-12000;6032;6032
21000;-12064;6088;6088;-12176
21100;6116;6116;-12232;6096
21200;6096;-12192;6180;6180
21300;-12360;6244;6244;-12488
21400;6272;6272;-12544;6348
21500;6348;-12696;6372;6372
21600;-12744;6404;6404;-12808
21700;6472;6472;-12944;6608
21800;6608;-13216;6568;6568
21900;-13136;6576;6576;-13152
22000;6640;6640;-13280;6724
22100;6724;-13448;6780;6780
22200;-13560;6784;6784;-13568
22300;6868;6868;-13736;6940
22400;6940;-13880;6976;6976
22500;-13952;7048;7048;-14096
22600;7084;7084;-14168;7108
22700;7108;-14216;7120;7120
22800;-14240;7200;7200;-14400
22900;7240;7240;-14480;7248
23000;7248;-14496;7312;7312
23100;-14624;7328;7328;-14656
23200;7356;7356;-14712;7388
23300;7388;-14776;7456;7456
23400;-14912;7468;7468;-14936
23500;7492;7492;-14984;7332
23600;7332;-14664;7412;7412
23700;-14824;7512;7512;-15024
23800;7440;7440;-14880;7456
23900;7456;-14912;7492;7492
24000;-14984;7472;7472;-14944
24100;7464;7464;-14928;7472
24200;7472;-14944;7408;7408
24300;-14816;7412;7412;-14824
24400;7432;7432;-14864;7372
24500;7372;-14744;7332;7332
24600;-14664;7328;7328;-14656
24700;7284;7284;-14568;7252
24800;7252;-14504;7288;7288
24900;-14576;7192;7192;-14384
25000;7192;7192;-14384;7188
25100;7188;-14376;7140;7140
25200;-14280;7076;7076;-14152
25300;7020;7020;-14040;7060
25400;7060;-14120;7080;7080
25500;-14160;6948;6948;-13896
25600;6900;6900;-13800;4440
25700;4440;-8880;4392;4392
25800;-8784;4312;4312;-8624
25900;4316;4316;-8632;4324
26000;4324;-8648;4268;4268
26100;-8536;4320;4320;-8640
26200;4312;4312;-8624;4272
26300;4272;-8544;4280;4280
26400;-8560;4236;4236;-8472
26500;4264;4264;-8528;4332
26600;4332;-8664;4180;4180
26700;-8360;4160;4160;-8320
26800;4156;4156;-8312;4140
26900;4140;-8280;4108;4108
27000;-8216;4100;4100;-8200
27100;4028;4028;-8056;4072
27200;4072;-8144;4068;4068
27300;-8136;3996;3996;-7992
27400;3948;3948;-7896;3964
27500;3964;-7928;3904;3904
27600;-7808;3940;3940;-7880
27700;3948;3948;-7896;3808
27800;3808;-7616;3772;3772
27900;-7544;3776;3776;-7552
28000;3776;3776;-7552;3708
28100;3708;-7416;3736;3736
28200;-7472;3656;3656;-7312
28300;3684;3684;-7368;3684
28400;3684;-7368;3612;3612
28500;-7224;3552;3552;-7104
28600;3524;3524;-7048;3476
28700;3476;-6952;3296;3296
28800;-6592;3348;3348;-6696
28900;3312;3312;-6624;3300
29000;3300;-6600;3188;3188
29100;-6376;3148;3148;-6296
29200;3192;3192;-6384;3168
29300;3168;-6336;3076;3076
29400;-6152;3064;3064;-6128
29500;2976;2976;-5952;2876
29600;2876;-5752;2884;2884
29700;-5768;2824;2824;-5648
29800;2808;2808;-5616;2760
29900;2760;-5520;16376;16376
30000;-32752;4352;4352;-8704
30100;16988;16988;31560;18368
30200;18368;28800;18604;18604
30300;28328;18668;18668;28200
30400;18584;18584;28368;18676
30500;18676;28184;18528;18528
30600;28480;18556;18556;28424
30700;18508;18508;28520;18412
30800;18412;28712;18380;18380
30900;28776;18324;18324;28888
31000;18256;18256;29024;18236
31100;18236;29064;18168;18168
31200;29200;18080;18080;29376
31300;18120;18120;29296;17996
31400;17996;29544;18012;18012
31500;29512;17940;17940;29656
31600;17928;17928;29680;17920
31700;17920;29696;17844;17844
31800;29848;17764;17764;30008
31900;17712;17712;30112;17696
32000;17696;30144;17696;17696
32100;30144;17696;17696;30144
32200;17660;17660;30216;17584
32300;17584;30368;17584;17584
32400;30368;17568;17568;30400
32500;17440;17440;30656;17460
32600;17460;30616;17424;17424
32700;30688;17416;17416;30704
32800;17296;17296;30944;17364
32900;17364;30808;17212;17212
33000;31112;17192;17192;31152
33100;17264;17264;31008;17116
33200;17116;31304;17084;17084
33300;31368;17056;17056;31424
33400;16920;16920;31696;16928
33500;16928;31680;16940;16940
33600;31656;16868;16868;31800
33700;16868;16868;31800;16912
33800;16912;31712;16844;16844
33900;31848;16896;16896;31744
34000;16872;16872;31792;16864
34100;16864;31808;16992;16992
34200;31552;16928;16928;31680
34300;16940;16940;31656;16920
34400;16920;31696;16976;16976
34500;31584;16928;16928;31680
34600;16960;16960;31616;17036
34700;17036;31464;17024;17024
34800;31488;17072;17072;31392
34900;17056;17056;31424;17064
35000;17064;31408;16948;16948
35100;31640;17076;17076;31384
35200;17008;17008;31520;16964
35300;16964;31608;16972;16972
35400;31592;16904;16904;31728
35500;16936;16936;31664;16872
35600;16872;31792;16756;16756
35700;32024;16708;16708;32120
35800;16616;16616;32304;16608
35900;16608;32320;16476;16476
36000;32584;16492;16492;32552
36100;16356;16356;-32712;16704
36200;16704;32128;16288;16288
36300;-32576;16188;16188;-32376
36400;16100;16100;-32200;16104
36500;16104;-32208;16064;16064
36600;-32128;15964;15964;-31928
36700;15912;15912;-31824;15984
36800;15984;-31968;15888;15888
36900;-31776;15788;15788;-31576
37000;15744;15744;-31488;15672
37100;15672;-31344;15724;15724
37200;-31448;15608;15608;-31216
37300;15616;15616;-31232;15464
37400;15464;-30928;15488;15488
37500;-30976;15452;15452;-30904
37600;15400;15400;-30800;15332
37700;15332;-30664;15260;15260
37800;-30520;15260;15260;-30520
37900;15164;15164;-30328;15160
38000;15160;-30320;15232;15232
38100;-30464;15248;15248;-30496
38200;15268;15268;-30536;15296
38300;15296;-30592;15272;15272
38400;-30544;15256;15256;-30512
38500;15344;15344;-30688;15328
38600;15328;-30656;15400;15400
38700;-30800;15448;15448;-30896
38800;15440;15440;-30880;15548
38900;15548;-31096;15552;15552
39000;-31104;15464;15464;-30928
39100;15516;15516;-31032;15556
39200;15556;-31112;15540;15540
39300;-31080;15592;15592;-31184
39400;15604;15604;-31208;15536
39500;15536;-31072;15712;15712
39600;-31424;15792;15792;-31584
39700;15700;15700;-31400;15672
39800;15672;-31344;15692;15692
39900;-31384;15720;15720;-31440
40000;15668;15668;-31336;15676
40100;15676;-31352;15680;15680
40200;-31360;15708;15708;-31416
40300;15624;15624;-31248;15752
40400;15752;-31504;15624;15624
40500;-31248;15668;15668;-31336
40600;15644;15644;-31288;15680
40700;15680;-31360;15596;15596
40800;-31192;15720;15720;-31440
40900;15604;15604;-31208;15668
41000;15668;-31336;15680;15680
41100;-31360;15692;15692;-31384
41200;15616;15616;-31232;15616
41300;15616;-31232;15628;15628
41400;-31256;15592;15592;-31184
41500;15572;15572;-31144;15628
41600;15628;-31256;15620;15620
41700;-31240;15612;15612;-31224
41800;15636;15636;-31272;15484
41900;15484;-30968;15672;15672
42000;-31344;15588;15588;-31176
42100;15592;15592;-31184;15548
42200;15548;-31096;15560;15560
42300;-31120;15572;15572;-31144
42400;15568;15568;-31136;15616
42500;15616;-31232;15544;15544
42600;-31088;15484;15484;-30968
42700;15544;15544;-31088;15556
42800;15556;-31112;15592;15592
42900;-31184;15600;15600;-31200
43000;15628;15628;-31256;15504
43100;15504;-31008;15544;15544
43200;-31088;15504;15504;-31008
43300;15476;15476;-30952;-8424
43400;-8424;16848;-5908;-5908
43500;11816;-5856;-5856;11712
43600;-5848;-5848;11696;-5728
43700;-5728;11456;-5824;-5824
43800;11648;-5824;-5824;11648
43900;-5756;-5756;11512;-5848
44000;-5848;11696;-5828;-5828
44100;11656;-5776;-5776;11552
44200;-5796;-5796;11592;-5848
44300;-5848;11696;-5836;-5836
44400;11672;-5748;-5748;11496
44500;-5804;-5804;11608;-5772
44600;-5772;11544;-5776;-5776
44700;11552;-5776;-5776;11552
44800;-5772;-5772;11544;-5748
44900;-5748;11496;-5752;-5752
45000;11504;-5796;-5796;11592
45100;-5788;-5788;11576;-5708
45200;-5708;11416;-5776;-5776
45300;11552;-5764;-5764;11528
45400;-5820;-5820;11640;-5772
45500;-5772;11544;-5792;-5792
45600;11584;-5816;-5816;11632
45700;-5780;-5780;11560;-5812
45800;-5812;11624;-5808;-5808
45900;11616;-5772;-5772;11544
46000;-5808;-5808;11616;-5824
46100;-5824;11648;-5792;-5792
46200;11584;-5832;-5832;11664
46300;-5880;-5880;11760;-5816
46400;-5816;11632;-5860;-5860
46500;11720;-5856;-5856;11712
46600;-5820;-5820;11640;-5836
46700;-5836;11672;-5856;-5856
46800;11712;-5840;-5840;11680
46900;-5844;-5844;11688;-5892
47000;-5892;11784;-5972;-5972
47100;11944;-5944;-5944;11888
47200;-5980;-5980;11960;-5992
47300;-5992;11984;-6028;-6028
47400;12056;-6084;-6084;12168
47500;-6108;-6108;12216;-6152
47600;-6152;12304;-6232;-6232
47700;12464;-6292;-6292;12584
47800;-6436;-6436;12872;-6336
47900;-6336;12672;-6356;-6356
48000;12712;-6352;-6352;12704
48100;-6412;-6412;12824;-6496
48200;-6496;12992;-6552;-6552
48300;13104;-6876;-6876;13752
48400;-6560;-6560;13120;-6596
48500;-6596;13192;-6608;-6608
48600;13216;-6588;-6588;13176
48700;-6652;-6652;13304;-6688
48800;-6688;13376;-6784;-6784
48900;13568;-6736;-6736;13472
49000;-6796;-6796;13592;-6856
49100;-6856;13712;-6888;-6888
49200;13776;-6852;-6852;13704
49300;-6896;-6896;13792;-6928
49400;-6928;13856;-6940;-6940
49500;13880;-6984;-6984;13968
49600;-6944;-6944;13888;-7064
49700;-7064;14128;-7056;-7056
49800;14112;-7036;-7036;14072
49900;-7080;-7080;14160;-7128
50000;-7128;14256;-7196;-7196
50100;14392;-7276;-7276;14552
50200;-7244;-7244;14488;-7292
50300;-7292;14584;-7340;-7340
50400;14680;-7428;-7428;14856
50500;-7328;-7328;14656;-7380
50600;-7380;14760;-7348;-7348
50700;14696;-7380;-7380;14760
50800;-7400;-7400;14800;-7468
50900;-7468;14936;-7392;-7392
51000;14784;-7496;-7496;14992
51100;-7528;-7528;15056;-7608
51200;-7608;15216;-7588;-7588
51300;15176;-7616;-7616;15232
51400;-7740;-7740;15480;-7776
51500;-7776;15552;-7920;-7920
51600;15840;-7888;-7888;15776
51700;-8000;-8000;16000;-8068
51800;-8068;16136;-8100;-8100
51900;16200;-8652;-8652;17304
52000;-8308;-8308;16616;-8404
52100;-8404;16808;-8476;-8476
52200;16952;-8548;-8548;17096
52300;-8576;-8576;17152;-8728
52400;-8728;17456;-8772;-8772
52500;17544;-8876;-8876;17752
52600;-8996;-8996;17992;-8984
52700;-8984;17968;-9060;-9060
52800;18120;-9112;-9112;18224
52900;-9200;-9200;18400;-9148
53000;-9148;18296;-9196;-9196
53100;18392;-9320;-9320;18640
53200;-9336;-9336;18672;-9400
53300;-9400;18800;-9300;-9300
53400;18600;-9296;-9296;18592
53500;-9292;-9292;18584;-9320
53600;-9320;18640;-9228;-9228
53700;18456;-9180;-9180;18360
53800;-9160;-9160;18320;-9104
53900;-9104;18208;-9100;-9100
54000;18200;-9100;-9100;18200
54100;-9088;-9088;18176;-9108
54200;-9108;18216;-9056;-9056
54300;18112;-9060;-9060;18120
54400;-9064;-9064;18128;-9108
54500;-9108;18216;-9120;-9120
54600;18240;-9184;-9184;18368
54700;-9120;-9120;18240;-9132
54800;-9132;18264;-9252;-9252
54900;18504;-9260;-9260;18520
55000;-9360;-9360;18720;-9280
55100;-9280;18560;-9360;-9360
55200;18720;-9404;-9404;18808
55300;-9452;-9452;18904;-9508
55400;-9508;19016;-9504;-9504
55500;19008;-9516;-9516;19032
55600;-9640;-9640;19280;-9644
55700;-9644;19288;-9724;-9724
55800;19448;-9700;-9700;19400
55900;-9780;-9780;19560;-9772
56000;-9772;19544;-9924;-9924
56100;19848;-9836;-9836;19672
56200;-9860;-9860;19720;-9916
56300;-9916;19832;-9928;-9928
56400;19856;-9964;-9964;19928
56500;-10000;-10000;20000;-10016
56600;-10016;20032;-14892;-14892
56700;29784;-13428;-13428;26856
56800;-13632;-13632;27264;-13844
56900;-13844;27688;-13988;-13988
57000;27976;-14020;-14020;28040
57100;-13996;-13996;27992;-14000
57200;-14000;28000;-14028;-14028
57300;28056;-14036;-14036;28072
57400;-13964;-13964;27928;-13968
57500;-13968;27936;-14016;-14016
57600;28032;-13996;-13996;27992
57700;-14032;-14032;28064;-13900
57800;-13900;27800;-13920;-13920
57900;27840;-13876;-13876;27752
58000;-13820;-13820;27640;-13836
58100;-13836;27672;-13824;-13824
58200;27648;-13864;-13864;27728
58300;-13800;-13800;27600;-13764
58400;-13764;27528;-13728;-13728
58500;27456;-13800;-13800;27600
58600;-13680;-13680;27360;-13664
58700;-13664;27328;-13684;-13684
58800;27368;-13584;-13584;27168
58900;-13620;-13620;27240;-13624
59000;-13624;27248;-13588;-13588
59100;27176;-13452;-13452;26904
59200;-13452;-13452;26904;-13440
59300;-13440;26880;-13368;-13368
59400;26736;-13376;-13376;26752
59500;-13324;-13324;26648;-13236
59600;-13236;26472;-13228;-13228
59700;26456;-13220;-13220;26440
59800;-13216;-13216;26432;-13100
59900;-13100;26200;-13128;-13128
60000;26256;-13084;-13084;26168
60100;-13072;-13072;26144;-12940
60200;-12940;25880;-12964;-12964
60300;25928;-12900;-12900;25800
60400;-12828;-12828;25656;-12860
60500;-12860;25720;-12872;-12872
60600;25744;-12756;-12756;25512
60700;-12772;-12772;25544;-12772
60800;-12772;25544;-12752;-12752
60900;25504;-12684;-12684;25368
61000;-12644;-12644;25288;-12632
61100;-12632;25264;-12524;-12524
61200;25048;-12548;-12548;25096
61300;-12400;-12400;24800;-12368
61400;-12368;24736;-12348;-12348
61500;24696;-12328;-12328;24656
61600;-12280;-12280;24560;-12208
61700;-12208;24416;-12216;-12216
61800;24432;-12168;-12168;24336
61900;-12076;-12076;24152;-12108
62000;-12108;24216;-12116;-12116
62100;24232;-12148;-12148;24296
62200;-12096;-12096;24192;-12060
62300;-12060;24120;-12072;-12072
62400;24144;-11964;-11964;23928
62500;-12040;-12040;24080;-12036
62600;-12036;24072;-12048;-12048
62700;24096;-12048;-12048;24096
62800;-12008;-12008;24016;-12028
62900;-12028;24056;-12016;-12016
63000;24032;-11980;-11980;23960
63100;-12012;-12012;24024;-12012
63200;-12012;24024;-11976;-11976
63300;23952;-11988;-11988;23976
63400;-12012;-12012;24024;-12068
63500;-12068;24136;-12024;-12024
63600;24048;-12028;-12028;24056
63700;-12024;-12024;24048;-12000
63800;-12000;24000;-12020;-12020
63900;24040;-11996;-11996;23992
64000;-12020;-12020;24040;-12008
64100;-12008;24016;-12072;-12072
64200;24144;-12072;-12072;24144
64300;-12056;-12056;24112;-12000
64400;-12000;24000;-12032;-12032
64500;24064;-11996;-11996;23992
64600;-11924;-11924;23848;-12024
64700;-12024;24048;-11984;-11984
64800;23968;-12016;-12016;24032
64900;-11924;-11924;23848;-11932
65000;-11932;23864;-11964;-11964
65100;23928;-11976;-11976;23952
65200;-12024;-12024;24048;-11908
65300;-11908;23816;-11936;-11936
65400;23872;-11968;-11968;23936
65500;-11888;-11888;23776;-11988
65600;-11988;23976;-11888;-11888
65700;23776;-11932;-11932;23864
65800;-11956;-11956;23912;-11964
65900;-11964;23928;-11884;-11884
66000;23768;-11876;-11876;23752
66100;-11896;-11896;23792;-11856
66200;-11856;23712;-11836;-11836
66300;23672;-11856;-11856;23712
66400;-11872;-11872;23744;-11912
66500;-11912;23824;-11764;-11764
66600;23528;-11740;-11740;23480
66700;-11740;-11740;23480;-11708
66800;-11708;23416;-11696;-11696
66900;23392;-11752;-11752;23504
67000;-11680;-11680;23360;-11664
67100;-11664;23328;-11608;-11608
67200;23216;-11604;-11604;23208
67300;-11568;-11568;23136;-11608
67400;-11608;23216;-11556;-11556
67500;23112;-11580;-11580;23160
67600;-11528;-11528;23056;-11476
67700;-11476;22952;-11440;-11440
67800;22880;-11388;-11388;22776
67900;-11368;-11368;22736;-11376
68000;-11376;22752;-11272;-11272
68100;22544;-11180;-11180;22360
68200;-11224;-11224;22448;-11196
68300;-11196;22392;-11136;-11136
68400;22272;-11116;-11116;22232
68500;-11040;-11040;22080;-11008
68600;-11008;22016;-10984;-10984
68700;21968;-10956;-10956;21912
68800;-10872;-10872;21744;-10804
68900;-10804;21608;-10792;-10792
69000;21584;-10768;-10768;21536
69100;-10700;-10700;21400;-10696
69200;-10696;21392;-10604;-10604
69300;21208;-10540;-10540;21080
69400;-10520;-10520;21040;-10516
69500;-10516;21032;-10512;-10512
69600;21024;-10400;-10400;20800
69700;-10380;-10380;20760;-10304
69800;-10304;20608;-10248;-10248
69900;20496;-10272;-10272;20544
70000;-10212;-10212;20424;-10152
70100;-10152;20304;7664;7664
70200;-15328;6764;6764;-13528
70300;6180;6180;-12360;6036
70400;6036;-12072;5952;5952
70500;-11904;6040;6040;-12080
70600;5948;5948;-11896;6024
70700;6024;-12048;6052;6052
70800;-12104;6164;6164;-12328
70900;6124;6124;-12248;6188
71000;6188;-12376;6224;6224
71100;-12448;6280;6280;-12560
71200;6380;6380;-12760;6408
71300;6408;-12816;6512;6512
71400;-13024;6484;6484;-12968
71500;6572;6572;-13144;6572
71600;6572;-13144;6648;6648
71700;-13296;6696;6696;-13392
71800;6832;6832;-13664;6784
71900;6784;-13568;6844;6844
72000;-13688;6860;6860;-13720
72100;7028;7028;-14056;7064
72200;7064;-14128;7040;7040
72300;-14080;7196;7196;-14392
72400;7220;7220;-14440;7328
72500;7328;-14656;7448;7448
72600;-14896;7432;7432;-14864
72700;7572;7572;-15144;7664
72800;7664;-15328;7636;7636
72900;-15272;7680;7680;-15360
73000;7656;7656;-15312;7192
73100;7192;-14384;7836;7836
73200;-15672;7896;7896;-15792
73300;7920;7920;-15840;8040
73400;8040;-16080;8116;8116
73500;-16232;8200;8200;-16400
73600;8268;8268;-16536;8344
73700;8344;-16688;8404;8404
73800;-16808;8500;8500;-17000
73900;8520;8520;-17040;8644
74000;8644;-17288;8652;8652
74100;-17304;8740;8740;-17480
74200;8860;8860;-17720;8756
74300;8756;-17512;8852;8852
74400;-17704;8856;8856;-17712
74500;8900;8900;-17800;8928
74600;8928;-17856;8852;8852
74700;-17704;8876;8876;-17752
74800;8712;8712;-17424;8824
74900;8824;-17648;8892;8892
75000;-17784;8840;8840;-17680
75100;8868;8868;-17736;8840
75200;8840;-17680;8804;8804
75300;-17608;8920;8920;-17840
75400;8848;8848;-17696;8900
75500;8900;-17800;8860;8860
75600;-17720;8892;8892;-17784
75700;8804;8804;-17608;8936
75800;8936;-17872;8916;8916
75900;-17832;8860;8860;-17720
76000;8924;8924;-17848;8848
76100;8848;-17696;8936;8936
76200;-17872;8868;8868;-17736
76300;8868;8868;-17736;8892
76400;8892;-17784;8756;8756
76500;-17512;8908;8908;-17816
76600;8936;8936;-17872;8936
76700;8936;-17872;8908;8908
76800;-17816;8924;8924;-17848
76900;8884;8884;-17768;8888
77000;8888;-17776;8948;8948
77100;-17896;9016;9016;-18032
77200;9028;9028;-18056;8892
77300;8892;-17784;8980;8980
77400;-17960;9004;9004;-18008
77500;8916;8916;-17832;8956
77600;8956;-17912;8920;8920
77700;-17840;8924;8924;-17848
77800;8968;8968;-17936;8996
77900;8996;-17992;9024;9024
78000;-18048;8996;8996;-17992
78100;8988;8988;-17976;9080
78200;9080;-18160;9096;9096
78300;-18192;9100;9100;-18200
78400;9128;9128;-18256;9172
78500;9172;-18344;9136;9136
78600;-18272;9232;9232;-18464
78700;9276;9276;-18552;9160
78800;9160;-18320;9256;9256
78900;-18512;9412;9412;-18824
79000;9508;9508;-19016;9596
79100;9596;-19192;9584;9584
79200;-19168;9644;9644;-19288
79300;9732;9732;-19464;9716
79400;9716;-19432;9788;9788
79500;-19576;9892;9892;-19784
79600;9920;9920;-19840;9928
79700;9928;-19856;9928;9928
79800;-19856;10012;10012;-20024
79900;9964;9964;-19928;10168
80000;10168;-20336;10108;10108
80100;-20216;10180;10180;-20360
80200;10212;10212;-20424;10352
80300;10352;-20704;10316;10316
80400;-20632;10324;10324;-20648
80500;10404;10404;-20808;10472
80600;10472;-20944;10488;10488
80700;-20976;10672;10672;-21344
80800;10556;10556;-21112;10708
80900;10708;-21416;10632;10632
81000;-21264;10804;10804;-21608
81100;10748;10748;-21496;10748
81200;10748;-21496;10884;10884
81300;-21768;10868;10868;-21736
81400;10924;10924;-21848;10984
81500;10984;-21968;11104;11104
81600;-22208;11032;11032;-22064
81700;11104;11104;-22208;11204
81800;11204;-22408;11268;11268
81900;-22536;11288;11288;-22576
82000;11308;11308;-22616;11296
82100;11296;-22592;11436;11436
82200;-22872;11472;11472;-22944
82300;11420;11420;-22840;11564
82400;11564;-23128;11584;11584
82500;-23168;11700;11700;-23400
82600;11680;11680;-23360;11740
82700;11740;-23480;11828;11828
82800;-23656;11900;11900;-23800
82900;11956;11956;-23912;11924
83000;11924;-23848;11992;11992
83100;-23984;12088;12088;-24176
83200;12140;12140;-24280;12204
83300;12204;-24408;12232;12232
83400;-24464;12356;12356;-24712
83500;7384;7384;-14768;2900
83600;2900;-5800;2920;2920
83700;-5840;2900;2900;-5800
83800;2904;2904;-5808;2864
83900;2864;-5728;2920;2920
84000;-5840;2912;2912;-5824
84100;2912;2912;-5824;2996
84200;2996;-5992;2928;2928
84300;-5856;2912;2912;-5824
84400;2932;2932;-5864;2952
84500;2952;-5904;2928;2928
84600;-5856;2968;2968;-5936
84700;2952;2952;-5904;2940
84800;2940;-5880;3052;3052
84900;-6104;2912;2912;-5824
85000;2968;2968;-5936;2988
85100;2988;-5976;2960;2960
85200;-5920;2908;2908;-5816
85300;2932;2932;-5864;2908
85400;2908;-5816;2888;2888
85500;-5776;2876;2876;-5752
85600;2844;2844;-5688;2808
85700;2808;-5616;2824;2824
85800;-5648;2780;2780;-5560
85900;2756;2756;-5512;2776
86000;2776;-5552;2744;2744
86100;-5488;2724;2724;-5448
86200;2676;2676;-5352;2656
86300;2656;-5312;2648;2648
86400;-5296;2648;2648;-5296
86500;2596;2596;-5192;2600
86600;2600;-5200;2540;2540
86700;-5080;2564;2564;-5128
86800;2652;2652;-5304;2676
86900;2676;-5352;2604;2604
87000;-5208;2692;2692;-5384
87100;2724;2724;-5448;2844
87200;2844;-5688;2744;2744
87300;-5488;2820;2820;-5640
87400;2816;2816;-5632;2892
87500;2892;-5784;2940;2940
87600;-5880;2940;2940;-5880
87700;2996;2996;-5992;3040
87800;3040;-6080;3068;3068
87900;-6136;3140;3140;-6280
88000;3220;3220;-6440;3296
88100;3296;-6592;3244;3244
88200;-6488;3276;3276;-6552
88300;3272;3272;-6544;3256
88400;3256;-6512;3268;3268
88500;-6536;3244;3244;-6488
88600;3212;3212;-6424;3284
88700;3284;-6568;3280;3280
88800;-6560;3336;3336;-6672
88900;3312;3312;-6624;3280
89000;3280;-6560;3320;3320
89100;-6640;3276;3276;-6552
89200;3344;3344;-6688;3388
89300;3388;-6776;3468;3468
89400;-6936;3456;3456;-6912
89500;3544;3544;-7088;3652
89600;3652;-7304;3656;3656
89700;-7312;3684;3684;-7368
89800;3944;3944;-7888;3832
89900;3832;-7664;3840;3840
90000;-7680;3948;3948;-7896
90100;3956;3956;-7912;3996
90200;3996;-7992;4072;4072
90300;-8144;4312;4312;-8624
90400;4116;4116;-8232;4144
90500;4144;-8288;4264;4264
90600;-8528;4248;4248;-8496
90700;4240;4240;-8480;4292
90800;4292;-8584;4296;4296
90900;-8592;4372;4372;-8744
91000;4324;4324;-8648;4356
91100;4356;-8712;4412;4412
91200;-8824;4416;4416;-8832
91300;4472;4472;-8944;4516
91400;4516;-9032;4600;4600
91500;-9200;4524;4524;-9048
91600;4572;4572;-9144;4636
91700;4636;-9272;4596;4596
91800;-9192;4684;4684;-9368
91900;4708;4708;-9416;4852
92000;4852;-9704;4836;4836
92100;-9672;4904;4904;-9808
92200;4928;4928;-9856;5032
92300;5032;-10064;5072;5072
92400;-10144;5084;5084;-10168
92500;5212;5212;-10424;5212
92600;5212;-10424;5208;5208
92700;-10416;5292;5292;-10584
92800;5356;5356;-10712;5420
92900;5420;-10840;5472;5472
93000;-10944;5520;5520;-11040
93100;5580;5580;-11160;5552
93200;5552;-11104;5708;5708
93300;-11416;5664;5664;-11328
93400;5724;5724;-11448;5740
93500;5740;-11480;5856;5856
93600;-11712;5800;5800;-11600
93700;5848;5848;-11696;5856
93800;5856;-11712;5844;5844
93900;-11688;5904;5904;-11808
94000;6080;6080;-12160;5904
94100;5904;-11808;5952;5952
94200;-11904;5948;5948;-11896
94300;6080;6080;-12160;5984
94400;5984;-11968;6008;6008
94500;-12016;6056;6056;-12112
94600;6104;6104;-12208;6100
94700;6100;-12200;6212;6212
94800;-12424;6160;6160;-12320
94900;6240;6240;-12480;6316
95000;6316;-12632;6420;6420
95100;-12840;6540;6540;-13080
95200;6720;6720;-13440;6536
95300;6536;-13072;6612;6612
95400;-13224;6656;6656;-13312
95500;6680;6680;-13360;6840
95600;6840;-13680;6808;6808
95700;-13616;6820;6820;-13640
95800;6892;6892;-13784;6940
95900;6940;-13880;7000;7000
96000;-14000;7092;7092;-14184
96100;7084;7084;-14168;7144
96200;7144;-14288;7152;7152
96300;-14304;7204;7204;-14408
96400;7280;7280;-14560;7604
96500;7604;-15208;7244;7244
96600;-14488;7328;7328;-14656
96700;7380;7380;-14760;7492
96800;7492;-14984;7424;7424
96900;-14848;7424;7424;-14848
97000;7284;7284;-14568;7368
97100;7368;-14736;7396;7396
97200;-14792;7424;7424;-14848
97300;7392;7392;-14784;7468
97400;7468;-14936;7480;7480
97500;-14960;7492;7492;-14984
97600;7428;7428;-14856;7340
97700;7340;-14680;7376;7376
97800;-14752;7420;7420;-14840
97900;7344;7344;-14688;7384
98000;7384;-14768;7328;7328
98100;-14656;7264;7264;-14528
98200;7344;7344;-14688;7196
98300;7196;-14392;7216;7216
98400;-14432;7164;7164;-14328
98500;7100;7100;-14200;7104
98600;7104;-14208;7104;7104
98700;-14208;7044;7044;-14088
98800;7068;7068;-14136;6972
98900;6972;-13944;6964;6964
99000;-13928;6936;6936;-13872
99100;6896;6896;-13792;6932
99200;6932;-13864;6828;6828
99300;-13656;6780;6780;-13560
99400;6704;6704;-13408;6688
99500;6688;-13376;6660;6660
99600;-13320;6636;6636;-13272
99700;6616;6616;-13232;6576
99800;6576;-13152;6564;6564
99900;-13128;6576;6576;-13152
100000;6520;6520;-13040;6468
100100;6468;-12936;6416;6416
100200;-12832;6380;6380;-12760
100300;6332;6332;-12664;6304
100400;6304;-12608;6300;6300
100500;-12600;6236;6236;-12472
100600;6212;6212;-12424;6156
100700;6156;-12312;6128;6128
100800;-12256;6076;6076;-12152
100900;6052;6052;-12104;5972
101000;5972;-11944;5944;5944
101100;-11888;5940;5940;-11880
101200;5896;5896;-11792;5908
101300;5908;-11816;5788;5788
101400;-11576;5768;5768;-11536
101500;5804;5804;-11608;5716
101600;5716;-11432;5668;5668
101700;-11336;5688;5688;-11376
101800;5568;5568;-11136;5536
101900;5536;-11072;5496;5496
102000;-10992;5540;5540;-11080
102100;5408;5408;-10816;5400
102200;5400;-10800;5360;5360
102300;-10720;5244;5244;-10488
102400;5204;5204;-10408;5128
102500;5128;-10256;5072;5072
102600;-10144;5076;5076;-10152
102700;5020;5020;-10040;4968
102800;4968;-9936;4956;4956
102900;-9912;4892;4892;-9784
103000;4840;4840;-9680;4808
103100;4808;-9616;4944;4944
103200;-9888;4804;4804;-9608
103300;4824;4824;-9648;4764
103400;4764;-9528;4788;4788
103500;-9576;4756;4756;-9512
103600;4676;4676;-9352;4720
103700;4720;-9440;4740;4740
103800;-9480;4692;4692;-9384
103900;4712;4712;-9424;4736
104000;4736;-9472;4756;4756
104100;-9512;4736;4736;-9472
104200;4700;4700;-9400;4716
104300;4716;-9432;4700;4700
104400;-9400;4676;4676;-9352
104500;4612;4612;-9224;4676
104600;4676;-9352;4712;4712
104700;-9424;4644;4644;-9288
104800;4632;4632;-9264;4580
104900;4580;-9160;4608;4608
105000;-9216;4544;4544;-9088
105100;4492;4492;-8984;4524
105200;4524;-9048;4460;4460
105300;-8920;4520;4520;-9040
105400;4508;4508;-9016;4600
105500;4600;-9200;4452;4452
105600;-8904;4444;4444;-8888
105700;4480;4480;-8960;4420
105800;4420;-8840;4440;4440
105900;-8880;4416;4416;-8832
106000;4456;4456;-8912;4408
106100;4408;-8816;4292;4292
106200;-8584;4304;4304;-8608
106300;4268;4268;-8536;4272
106400;4272;-8544;4280;4280
106500;-8560;4280;4280;-8560
106600;4220;4220;-8440;4192
106700;4192;-8384;4156;4156
106800;-8312;4148;4148;-8296
106900;4124;4124;-8248;4116
107000;4116;-8232;4084;4084
107100;-8168;4076;4076;-8152
107200;4016;4016;-8032;4064
107300;4064;-8128;4012;4012
107400;-8024;4040;4040;-8080
107500;3952;3952;-7904;3956
107600;3956;-7912;3948;3948
107700;-7896;3956;3956;-7912
107800;4412;4412;-8824;3888
107900;3888;-7776;3876;3876
108000;-7752;3848;3848;-7696
108100;3832;3832;-7664;3784
108200;3784;-7568;3760;3760
108300;-7520;3692;3692;-7384
108400;3724;3724;-7448;3720
108500;3720;-7440;3568;3568
108600;-7136;3504;3504;-7008
108700;3556;3556;-7112;3508
108800;3508;-7016;3588;3588
108900;-7176;3444;3444;-6888
109000;3348;3348;-6696;3308
109100;3308;-6616;3268;3268
109200;-6536;3248;3248;-6496
109300;3168;3168;-6336;3156
109400;3156;-6312;3144;3144
109500;-6288;3084;3084;-6168
109600;3076;3076;-6152;3060
109700;3060;-6120;2872;2872
109800;-5744;2888;2888;-5776
109900;2852;2852;-5704;2796
110000;2796;-5592;2720;2720
110100;-5440;16168;16168;-32336
110200;18000;18000;29536;18512
110300;18512;28512;18660;18660
110400;28216;18648;18648;28240
110500;18740;18740;28056;18556
110600;18556;28424;18708;18708
110700;28120;18560;18560;28416
110800;18508;18508;28520;18424
110900;18424;28688;18484;18484
111000;28568;18388;18388;28760
111100;18356;18356;28824;18288
111200;18288;28960;18172;18172
111300;29192;18240;18240;29056
111400;18112;18112;29312;18120
111500;18120;29296;18052;18052
111600;29432;18124;18124;29288
111700;18056;18056;29424;17884
111800;17884;29768;17860;17860
111900;29816;17808;17808;29920
112000;17748;17748;30040;17716
112100;17716;30104;17704;17704
112200;30128;17624;17624;30288
112300;17632;17632;30272;17612
112400;17612;30312;17592;17592
112500;30352;17532;17532;30472
112600;17516;17516;30504;17400
112700;17400;30736;17416;17416
112800;30704;17424;17424;30688
112900;17384;17384;30768;17344
113000;17344;30848;17292;17292
113100;30952;17236;17236;31064
113200;17224;17224;31088;17028
113300;17028;31480;17128;17128
113400;31280;17112;17112;31312
113500;17052;17052;31432;17044
113600;17044;31448;16892;16892
113700;31752;16892;16892;31752
113800;16892;16892;31752;16756
113900;16756;32024;16932;16932
114000;31672;16884;16884;31768
114100;16892;16892;31752;16860
114200;16860;31816;16912;16912
114300;31712;16940;16940;31656
114400;16964;16964;31608;16948
114500;16948;31640;16932;16932
114600;31672;16980;16980;31576
114700;16944;16944;31648;17008
114800;17008;31520;17040;17040
114900;31456;17040;17040;31456
115000;17112;17112;31312;17060
115100;17060;31416;17072;17072
115200;31392;17044;17044;31448
115300;17036;17036;31464;17072
115400;17072;31392;16972;16972
115500;31592;16980;16980;31576
115600;16916;16916;31704;16816
115700;16816;31904;16748;16748
115800;32040;16756;16756;32024
115900;16716;16716;32104;16616
116000;16616;32304;16552;16552
116100;32432;16520;16520;32496
116200;16476;16476;32584;16360
116300;16360;-32720;16320;16320
116400;-32640;16284;16284;-32568
116500;16252;16252;-32504;16076
116600;16076;-32152;16084;16084
116700;-32168;16060;16060;-32120
116800;15940;15940;-31880;15944
116900;15944;-31888;15976;15976
117000;-31952;15880;15880;-31760
117100;15788;15788;-31576;15780
117200;15780;-31560;15800;15800
117300;-31600;15628;15628;-31256
117400;15612;15612;-31224;15588
117500;15588;-31176;15516;15516
117600;-31032;15520;15520;-31040
117700;15428;15428;-30856;15276
117800;15276;-30552;15360;15360
117900;-30720;15256;15256;-30512
118000;15240;15240;-30480;15212
118100;15212;-30424;15164;15164
118200;-30328;15216;15216;-30432
118300;15188;15188;-30376;15264
118400;15264;-30528;14664;14664
118500;-29328;15264;15264;-30528
118600;15340;15340;-30680;15216
118700;15216;-30432;15388;15388
118800;-30776;15396;15396;-30792
118900;15440;15440;-30880;15392
119000;15392;-30784;15228;15228
119100;-30456;15468;15468;-30936
119200;15540;15540;-31080;15600
119300;15600;-31200;15552;15552
119400;-31104;15572;15572;-31144
119500;15580;15580;-31160;15608
119600;15608;-31216;15704;15704
119700;-31408;15596;15596;-31192
119800;15652;15652;-31304;15688
119900;15688;-31376;15792;15792
120000;-31584;15724;15724;-31448
120100;15728;15728;-31456;15544
120200;15544;-31088;15700;15700
120300;-31400;15656;15656;-31312
120400;15680;15680;-31360;15584
120500;15584;-31168;15680;15680
120600;-31360;15632;15632;-31264
120700;15672;15672;-31344;15608
120800;15608;-31216;15712;15712
120900;-31424;15612;15612;-31224
121000;15624;15624;-31248;15680
121100;15680;-31360;15664;15664
121200;-31328;15600;15600;-31200
121300;15652;15652;-31304;15600
121400;15600;-31200;15652;15652
121500;-31304;15600;15600;-31200
121600;15672;15672;-31344;15592
121700;15592;-31184;15580;15580
121800;-31160;15616;15616;-31232
121900;15484;15484;-30968;15604
122000;15604;-31208;15608;15608
122100;-31216;15624;15624;-31248
122200;15576;15576;-31152;15608
122300;15608;-31216;15604;15604
122400;-31208;15540;15540;-31080
122500;15536;15536;-31072;15484
122600;15484;-30968;15572;15572
122700;-31144;15488;15488;-30976
122800;15560;15560;-31120;15508
122900;15508;-31016;15532;15532
123000;-31064;15436;15436;-30872
123100;15508;15508;-31016;15448
123200;15448;-30896;15508;15508
123300;-31016;15556;15556;-31112
123400;15484;15484;-30968;14976
123500;14976;-29952;-8328;-8328
123600;16656;-5972;-5972;11944
123700;-5880;-5880;11760;-5852
123800;-5852;11704;-5824;-5824
123900;11648;-5844;-5844;11688
124000;-5772;-5772;11544;-5804
124100;-5804;11608;-5824;-5824
124200;11648;-5824;-5824;11648
124300;-5808;-5808;11616;-5864
124400;-5864;11728;-5748;-5748
124500;11496;-5776;-5776;11552
124600;-5800;-5800;11600;-5832
124700;-5832;11664;-5764;-5764
124800;11528;-5768;-5768;11536
124900;-5788;-5788;11576;-5800
125000;-5800;11600;-5740;-5740
125100;11480;-5812;-5812;11624
125200;-5752;-5752;11504;-5796
125300;-5796;11592;-5780;-5780
125400;11560;-5768;-5768;11536
125500;-5808;-5808;11616;-5784
125600;-5784;11568;-5808;-5808
125700;11616;-5772;-5772;11544
125800;-5776;-5776;11552;-5788
125900;-5788;11576;-5752;-5752
126000;11504;-5816;-5816;11632
126100;-5788;-5788;11576;-5884
126200;-5884;11768;-5796;-5796
126300;11592;-5784;-5784;11568
126400;-5824;-5824;11648;-5808
126500;-5808;11616;-5836;-5836
126600;11672;-5804;-5804;11608
126700;-5836;-5836;11672;-5856
126800;-5856;11712;-5880;-5880
126900;11760;-5848;-5848;11696
127000;-5888;-5888;11776;-5920
127100;-5920;11840;-5964;-5964
127200;11928;-5900;-5900;11800
127300;-5932;-5932;11864;-5988
127400;-5988;11976;-6020;-6020
127500;12040;-6052;-6052;12104
127600;-6172;-6172;12344;-6148
127700;-6148;12296;-6196;-6196
127800;12392;-6248;-6248;12496
127900;-6256;-6256;12512;-6328
128000;-6328;12656;-6376;-6376
128100;12752;-6420;-6420;12840
128200;-6440;-6440;12880;-6456
128300;-6456;12912;-6460;-6460
128400;12920;-6556;-6556;13112
128500;-6532;-6532;13064;-6596
128600;-6596;13192;-6632;-6632
128700;13264;-6664;-6664;13328
128800;-6596;-6596;13192;-6680
128900;-6680;13360;-6724;-6724
129000;13448;-6700;-6700;13400
129100;-6808;-6808;13616;-6804
129200;-6804;13608;-6856;-6856
129300;13712;-6856;-6856;13712
129400;-6848;-6848;13696;-6900
129500;-6900;13800;-6920;-6920
129600;13840;-6904;-6904;13808
129700;-6960;-6960;13920;-6944
129800;-6944;13888;-6980;-6980
129900;13960;-7056;-7056;14112
130000;-7140;-7140;14280;-7144
130100;-7144;14288;-7228;-7228
130200;14456;-7132;-7132;14264
130300;-7136;-7136;14272;-7272
130400;-7272;14544;-7304;-7304
130500;14608;-7304;-7304;14608
130600;-7260;-7260;14520;-7332
130700;-7332;14664;-7332;-7332
130800;14664;-7332;-7332;14664
130900;-7344;-7344;14688;-7396
131000;-7396;14792;-7944;-7944
131100;15888;-7416;-7416;14832
131200;-7472;-7472;14944;-7472
131300;-7472;14944;-7552;-7552
131400;15104;-7644;-7644;15288
131500;-7672;-7672;15344;-7732
131600;-7732;15464;-7864;-7864
131700;15728;-7860;-7860;15720
131800;-8004;-8004;16008;-8084
131900;-8084;16168;-8068;-8068
132000;16136;-8100;-8100;16200
132100;-8204;-8204;16408;-8336
132200;-8336;16672;-8360;-8360
132300;16720;-8444;-8444;16888
132400;-8516;-8516;17032;-8560
132500;-8560;17120;-8660;-8660
132600;17320;-8760;-8760;17520
132700;-8764;-8764;17528;-8924
132800;-8924;17848;-8992;-8992
132900;17984;-9604;-9604;19208
133000;-9272;-9272;18544;-9160
133100;-9160;18320;-9224;-9224
133200;18448;-9316;-9316;18632
133300;-9284;-9284;18568;-9280
133400;-9280;18560;-9336;-9336
133500;18672;-9320;-9320;18640
133600;-9320;-9320;18640;-9288
133700;-9288;18576;-9228;-9228
133800;18456;-9216;-9216;18432
133900;-9228;-9228;18456;-9140
134000;-9140;18280;-9128;-9128
134100;18256;-9132;-9132;18264
134200;-9080;-9080;18160;-9052
134300;-9052;18104;-9096;-9096
134400;18192;-9080;-9080;18160
134500;-9008;-9008;18016;-9008
134600;-9008;18016;-9012;-9012
134700;18024;-9100;-9100;18200
134800;-9116;-9116;18232;-9184
134900;-9184;18368;-9188;-9188
135000;18376;-9288;-9288;18576
135100;-9304;-9304;18608;-9316
135200;-9316;18632;-9336;-9336
135300;18672;-9444;-9444;18888
135400;-9444;-9444;18888;-9484
135500;-9484;18968;-9512;-9512
135600;19024;-9468;-9468;18936
135700;-9604;-9604;19208;-9640
135800;-9640;19280;-9660;-9660
135900;19320;-9644;-9644;19288
136000;-9752;-9752;19504;-9764
136100;-9764;19528;-9760;-9760
136200;19520;-10140;-10140;20280
136300;-9828;-9828;19656;-9824
136400;-9824;19648;-9936;-9936
136500;19872;-9976;-9976;19952
136600;-10036;-10036;20072;-9972
136700;-9972;19944;-10004;-10004
136800;20008;-14860;-14860;29720
136900;-13436;-13436;26872;-13680
137000;-13680;27360;-13744;-13744
137100;27488;-13904;-13904;27808
137200;-14008;-14008;28016;-14048
137300;-14048;28096;-14032;-14032
137400;28064;-14036;-14036;28072
137500;-14132;-14132;28264;-14036
137600;-14036;28072;-13952;-13952
137700;27904;-13976;-13976;27952
137800;-13968;-13968;27936;-13976
137900;-13976;27952;-14004;-14004
138000;28008;-13896;-13896;27792
138100;-13888;-13888;27776;-13876
138200;-13876;27752;-13888;-13888
138300;27776;-13800;-13800;27600
138400;-13780;-13780;27560;-13772
138500;-13772;27544;-13732;-13732
138600;27464;-13836;-13836;27672
138700;-13704;-13704;27408;-13668
138800;-13668;27336;-13692;-13692
138900;27384;-13592;-13592;27184
139000;-13636;-13636;27272;-13612
139100;-13612;27224;-13604;-13604
139200;27208;-13556;-13556;27112
139300;-13528;-13528;27056;-13424
139400;-13424;26848;-13448;-13448
139500;26896;-13380;-13380;26760
139600;-13380;-13380;26760;-13320
139700;-13320;26640;-13692;-13692
139800;27384;-13228;-13228;26456
139900;-13180;-13180;26360;-13152
140000;-13152;26304;-13148;-13148
140100;26296;-13060;-13060;26120
140200;-13048;-13048;26096;-13028
140300;-13028;26056;-13012;-13012
140400;26024;-12964;-12964;25928
140500;-12864;-12864;25728;-12896
140600;-12896;25792;-12852;-12852
140700;25704;-12864;-12864;25728
140800;-12760;-12760;25520;-12792
140900;-12792;25584;-12776;-12776
141000;25552;-12724;-12724;25448
141100;-12636;-12636;25272;-12644
141200;-12644;25288;-12616;-12616
141300;25232;-12600;-12600;25200
141400;-12996;-12996;25992;-12456
141500;-12456;24912;-12424;-12424
141600;24848;-12420;-12420;24840
141700;-12336;-12336;24672;-12284
141800;-12284;24568;-12284;-12284
141900;24568;-12160;-12160;24320
142000;-12140;-12140;24280;-12164
142100;-12164;24328;-12132;-12132
142200;24264;-12144;-12144;24288
142300;-12040;-12040;24080;-12076
142400;-12076;24152;-12060;-12060
142500;24120;-12004;-12004;24008
142600;-12024;-12024;24048;-12012
142700;-12012;24024;-12008;-12008
142800;24016;-12004;-12004;24008
142900;-11972;-11972;23944;-12040
143000;-12040;24080;-12040;-12040
143100;24080;-12020;-12020;24040
143200;-11976;-11976;23952;-11964
143300;-11964;23928;-12040;-12040
143400;24080;-12020;-12020;24040
143500;-11984;-11984;23968;-11972
143600;-11972;23944;-12000;-12000
143700;24000;-12456;-12456;24912
143800;-12000;-12000;24000;-12008
143900;-12008;24016;-12108;-12108
144000;24216;-12016;-12016;24032
144100;-12040;-12040;24080;-12000
144200;-12000;24000;-11972;-11972
144300;23944;-12012;-12012;24024
144400;-12028;-12028;24056;-12004
144500;-12004;24008;-12040;-12040
144600;24080;-12028;-12028;24056
144700;-12092;-12092;24184;-11996
144800;-11996;23992;-12020;-12020
144900;24040;-12008;-12008;24016
145000;-12016;-12016;24032;-12040
145100;-12040;24080;-12004;-12004
145200;24008;-12004;-12004;24008
145300;-12040;-12040;24080;-11940
145400;-11940;23880;-11964;-11964
145500;23928;-12000;-12000;24000
145600;-12008;-12008;24016;-11900
145700;-11900;23800;-11932;-11932
145800;23864;-11944;-11944;23888
145900;-11908;-11908;23816;-11916
146000;-11916;23832;-11860;-11860
146100;23720;-11856;-11856;23712
146200;-11912;-11912;23824;-11924
146300;-11924;23848;-12004;-12004
146400;24008;-11832;-11832;23664
146500;-11828;-11828;23656;-12172
146600;-12172;24344;-11724;-11724
146700;23448;-11784;-11784;23568
146800;-11772;-11772;23544;-11736
146900;-11736;23472;-11688;-11688
147000;23376;-11716;-11716;23432
147100;-11704;-11704;23408;-11644
147200;-11644;23288;-11692;-11692
147300;23384;-11704;-11704;23408
147400;-11588;-11588;23176;-11592
147500;-11592;23184;-11592;-11592
147600;23184;-11528;-11528;23056
147700;-11476;-11476;22952;-11420
147800;-11420;22840;-11456;-11456
147900;22912;-11324;-11324;22648
148000;-11376;-11376;22752;-11332
148100;-11332;22664;-11352;-11352
148200;22704;-11372;-11372;22744
148300;-11256;-11256;22512;-11204
148400;-11204;22408;-11220;-11220
148500;22440;-11136;-11136;22272
148600;-11140;-11140;22280;-11112
148700;-11112;22224;-10960;-10960
148800;21920;-11000;-11000;22000
148900;-10928;-10928;21856;-10804
149000;-10804;21608;-10804;-10804
149100;21608;-10804;-10804;21608
149200;-10780;-10780;21560;-10744
149300;-10744;21488;-10632;-10632
149400;21264;-10628;-10628;21256
149500;-10600;-10600;21200;-10508
149600;-10508;21016;-10396;-10396
149700;20792;-10404;-10404;20808
149800;-10404;-10404;20808;-10328
149900;-10328;20656;-10428;-10428
150000;20856;-10232;-10232;20464
150100;-10228;-10228;20456;-10168
150200;-10168;20336;-10168;-10168
150300;20336;7796;7796;-15592
150400;6772;6772;-13544;6340
150500;6340;-12680;6124;6124
150600;-12248;6016;6016;-12032
150700;6108;6108;-12216;6040
150800;6040;-12080;6028;6028
150900;-12056;6080;6080;-12160
151000;6180;6180;-12360;6124
151100;6124;-12248;6184;6184
151200;-12368;6204;6204;-12408
151300;6308;6308;-12616;6396
151400;6396;-12792;6360;6360
151500;-12720;6536;6536;-13072
151600;6488;6488;-12976;6500
151700;6500;-13000;6616;6616
151800;-13232;6624;6624;-13248
151900;6724;6724;-13448;6748
152000;6748;-13496;6736;6736
152100;-13472;6936;6936;-13872
152200;6876;6876;-13752;6940
152300;6940;-13880;7072;7072
152400;-14144;7032;7032;-14064
152500;7216;7216;-14432;7260
152600;7260;-14520;7292;7292
152700;-14584;7344;7344;-14688
152800;7500;7500;-15000;7488
152900;7488;-14976;7616;7616
153000;-15232;7696;7696;-15392
153100;7608;7608;-15216;7752
153200;7752;-15504;7784;7784
153300;-15568;7836;7836;-15672
153400;7856;7856;-15712;7976
153500;7976;-15952;8036;8036
153600;-16072;8132;8132;-16264
153700;8204;8204;-16408;8280
153800;8280;-16560;8288;8288
153900;-16576;8408;8408;-16816
154000;8492;8492;-16984;8576
154100;8576;-17152;8652;8652
154200;-17304;8672;8672;-17344
154300;8708;8708;-17416;8776
154400;8776;-17552;8796;8796
154500;-17592;8852;8852;-17704
154600;8832;8832;-17664;8824
154700;8824;-17648;8776;8776
154800;-17552;8960;8960;-17920
154900;8868;8868;-17736;8896
155000;8896;-17792;8892;8892
155100;-17784;8800;8800;-17600
155200;9384;9384;-18768;8896
155300;8896;-17792;8852;8852
155400;-17704;8964;8964;-17928
155500;8868;8868;-17736;8892
155600;8892;-17784;8964;8964
155700;-17928;8976;8976;-17952
155800;8872;8872;-17744;8872
155900;8872;-17744;8908;8908
156000;-17816;8884;8884;-17768
156100;8896;8896;-17792;8916
156200;8916;-17832;8888;8888
156300;-17776;8872;8872;-17744
156400;8924;8924;-17848;8876
156500;8876;-17752;8924;8924
156600;-17848;8900;8900;-17800
156700;8896;8896;-17792;8928
156800;8928;-17856;8888;8888
156900;-17776;8868;8868;-17736
157000;8900;8900;-17800;8892
157100;8892;-17784;8856;8856
157200;-17712;8892;8892;-17784
157300;8964;8964;-17928;8908
157400;8908;-17816;8932;8932
157500;-17864;8968;8968;-17936
157600;8908;8908;-17816;8952
157700;8952;-17904;8920;8920
157800;-17840;9264;9264;-18528
157900;8912;8912;-17824;8856
158000;8856;-17712;8948;8948
158100;-17896;8956;8956;-17912
158200;8980;8980;-17960;8960
158300;8960;-17920;9048;9048
158400;-18096;9064;9064;-18128
158500;9048;9048;-18096;9096
158600;9096;-18192;9056;9056
158700;-18112;9128;9128;-18256
158800;9172;9172;-18344;9164
158900;9164;-18328;9244;9244
159000;-18488;9376;9376;-18752
159100;9352;9352;-18704;9424
159200;9424;-18848;9520;9520
159300;-19040;9668;9668;-19336
159400;9612;9612;-19224;9696
159500;9696;-19392;9744;9744
159600;-19488;9956;9956;-19912
159700;9876;9876;-19752;9856
159800;9856;-19712;9904;9904
159900;-19808;9984;9984;-19968
160000;9968;9968;-19936;9996
160100;9996;-19992;10056;10056
160200;-20112;10108;10108;-20216
160300;10076;10076;-20152;10168
160400;10168;-20336;10248;10248
160500;-20496;10272;10272;-20544
160600;10312;10312;-20624;10384
160700;10384;-20768;10340;10340
160800;-20680;10468;10468;-20936
160900;10536;10536;-21072;10648
161000;10648;-21296;10640;10640
161100;-21280;10632;10632;-21264
161200;10652;10652;-21304;10708
161300;10708;-21416;10764;10764
161400;-21528;10820;10820;-21640
161500;10964;10964;-21928;10788
161600;10788;-21576;10948;10948
161700;-21896;10996;10996;-21992
161800;11024;11024;-22048;11164
161900;11164;-22328;11116;11116
162000;-22232;11216;11216;-22432
162100;11252;11252;-22504;11408
162200;11408;-22816;11316;11316
162300;-22632;11380;11380;-22760
162400;11408;11408;-22816;11456
162500;11456;-22912;11584;11584
162600;-23168;11548;11548;-23096
162700;11584;11584;-23168;11748
162800;11748;-23496;11736;11736
162900;-23472;11816;11816;-23632
163000;11836;11836;-23672;11900
163100;11900;-23800;12004;12004
163200;-24008;12012;12012;-24024
163300;12036;12036;-24072;12180
163400;12180;-24360;12136;12136
163500;-24272;12260;12260;-24520
163600;12320;12320;-24640;7324
163700;7324;-14648;2956;2956
163800;-5912;2896;2896;-5792
163900;2912;2912;-5824;2888
164000;2888;-5776;2888;2888
164100;-5776;2952;2952;-5904
164200;2896;2896;-5792;2856
164300;2856;-5712;2924;2924
164400;-5848;2908;2908;-5816
164500;3032;3032;-6064;2908
164600;2908;-5816;2952;2952
164700;-5904;2940;2940;-5880
164800;2964;2964;-5928;2936
164900;2936;-5872;2960;2960
165000;-5920;2940;2940;-5880
165100;2964;2964;-5928;2960
165200;2960;-5920;2912;2912
165300;-5824;2984;2984;-5968
165400;2928;2928;-5856;2920
165500;2920;-5840;2872;2872
165600;-5744;2880;2880;-5760
165700;3144;3144;-6288;2824
165800;2824;-5648;2836;2836
165900;-5672;2828;2828;-5656
166000;2772;2772;-5544;2780
166100;2780;-5560;2800;2800
166200;-5600;2704;2704;-5408
166300;2728;2728;-5456;2668
166400;2668;-5336;2644;2644
166500;-5288;2620;2620;-5240
166600;2588;2588;-5176;2552
166700;2552;-5104;2600;2600
166800;-5200;2580;2580;-5160
166900;2544;2544;-5088;2572
167000;2572;-5144;2624;2624
167100;-5248;2628;2628;-5256
167200;2660;2660;-5320;2684
167300;2684;-5368;2804;2804
167400;-5608;2824;2824;-5648
167500;2836;2836;-5672;2904
167600;2904;-5808;2888;2888
167700;-5776;2912;2912;-5824
167800;2944;2944;-5888;2992
167900;2992;-5984;3068;3068
168000;-6136;3120;3120;-6240
168100;3124;3124;-6248;3236
168200;3236;-6472;3228;3228
168300;-6456;3300;3300;-6600
168400;3244;3244;-6488;3268
168500;3268;-6536;3284;3284
168600;-6568;3284;3284;-6568
168700;3248;3248;-6496;3256
168800;3256;-6512;3236;3236
168900;-6472;3236;3236;-6472
169000;3412;3412;-6824;3268
169100;3268;-6536;3364;3364
169200;-6728;3416;3416;-6832
169300;3348;3348;-6696;3396
169400;3396;-6792;3388;3388
169500;-6776;3448;3448;-6896
169600;3496;3496;-6992;3528
169700;3528;-7056;3588;3588
169800;-7176;3632;3632;-7264
169900;3704;3704;-7408;3760
170000;3760;-7520;3792;3792
170100;-7584;3820;3820;-7640
170200;4304;4304;-8608;3896
170300;3896;-7792;3952;3952
170400;-7904;4052;4052;-8104
170500;4148;4148;-8296;4076
170600;4076;-8152;4144;4144
170700;-8288;4128;4128;-8256
170800;4208;4208;-8416;4204
170900;4204;-8408;4284;4284
171000;-8568;4556;4556;-9112
171100;4272;4272;-8544;4336
171200;4336;-8672;4464;4464
171300;-8928;4364;4364;-8728
171400;4436;4436;-8872;4484
171500;4484;-8968;4500;4500
171600;-9000;4548;4548;-9096
171700;4564;4564;-9128;4572
171800;4572;-9144;4604;4604
171900;-9208;4620;4620;-9240
172000;4700;4700;-9400;4972
172100;4972;-9944;4780;4780
172200;-9560;4836;4836;-9672
172300;4900;4900;-9800;4912
172400;4912;-9824;5016;5016
172500;-10032;5028;5028;-10056
172600;5092;5092;-10184;5156
172700;5156;-10312;5180;5180
172800;-10360;5316;5316;-10632
172900;5396;5396;-10792;5340
173000;5340;-10680;5412;5412
173100;-10824;5444;5444;-10888
173200;5528;5528;-11056;5592
173300;5592;-11184;5632;5632
173400;-11264;5732;5732;-11464
173500;5664;5664;-11328;5728
173600;5728;-11456;5744;5744
173700;-11488;5796;5796;-11592
173800;5788;5788;-11576;5836
173900;5836;-11672;5836;5836
174000;-11672;5864;5864;-11728
174100;5856;5856;-11712;5996
174200;5996;-11992;5900;5900
174300;-11800;5936;5936;-11872
174400;5936;5936;-11872;5968
174500;5968;-11936;6024;6024
174600;-12048;6068;6068;-12136
174700;6100;6100;-12200;6152
174800;6152;-12304;6164;6164
174900;-12328;6152;6152;-12304
175000;6264;6264;-12528;6292
175100;6292;-12584;6316;6316
175200;-12632;6388;6388;-12776
175300;6432;6432;-12864;6520
175400;6520;-13040;6980;6980
175500;-13960;6576;6576;-13152
175600;6664;6664;-13328;6728
175700;6728;-13456;6752;6752
175800;-13504;6748;6748;-13496
175900;6832;6832;-13664;6968
176000;6968;-13936;6960;6960
176100;-13920;7004;7004;-14008
176200;7060;7060;-14120;7096
176300;7096;-14192;7112;7112
176400;-14224;7148;7148;-14296
176500;7216;7216;-14432;7180
176600;7180;-14360;7300;7300
176700;-14600;7300;7300;-14600
176800;7328;7328;-14656;7368
176900;7368;-14736;7368;7368
177000;-14736;7340;7340;-14680
177100;7512;7512;-15024;7316
177200;7316;-14632;7308;7308
177300;-14616;7440;7440;-14880
177400;7424;7424;-14848;7436
177500;7436;-14872;7436;7436
177600;-14872;7480;7480;-14960
177700;7508;7508;-15016;7420
177800;7420;-14840;7388;7388
177900;-14776;7392;7392;-14784
178000;7404;7404;-14808;7372
178100;7372;-14744;7352;7352
178200;-14704;7288;7288;-14576
178300;7300;7300;-14600;7252
178400;7252;-14504;7284;7284
178500;-14568;7192;7192;-14384
178600;7156;7156;-14312;7168
178700;7168;-14336;7112;7112
178800;-14224;7080;7080;-14160
178900;7064;7064;-14128;7012
179000;7012;-14024;6968;6968
179100;-13936;6956;6956;-13912
179200;6948;6948;-13896;6904
179300;6904;-13808;6828;6828
179400;-13656;6784;6784;-13568
179500;6788;6788;-13576;6732
179600;6732;-13464;6676;6676
179700;-13352;6660;6660;-13320
179800;6588;6588;-13176;6596
179900;6596;-13192;6596;6596
180000;-13192;6508;6508;-13016
180100;6504;6504;-13008;6460
180200;6460;-12920;6472;6472
180300;-12944;6416;6416;-12832
180400;6376;6376;-12752;6372
180500;6372;-12744;6332;6332
180600;-12664;6232;6232;-12464
180700;6220;6220;-12440;6188
180800;6188;-12376;6268;6268
180900;-12536;6096;6096;-12192
181000;6084;6084;-12168;6084
181100;6084;-12168;5980;5980
181200;-11960;5948;5948;-11896
181300;5896;5896;-11792;5892
181400;5892;-11784;5840;5840
181500;-11680;5800;5800;-11600
181600;5724;5724;-11448;5680
181700;5680;-11360;5648;5648
181800;-11296;5632;5632;-11264
181900;5640;5640;-11280;5608
182000;5608;-11216;5564;5564
182100;-11128;5452;5452;-10904
182200;5420;5420;-10840;5420
182300;5420;-10840;5380;5380
182400;-10760;5336;5336;-10672
182500;5212;5212;-10424;5228
182600;5228;-10456;5200;5200
182700;-10400;5084;5084;-10168
182800;5080;5080;-10160;5064
182900;5064;-10128;4960;4960
183000;-9920;4948;4948;-9896
183100;4904;4904;-9808;4832
183200;4832;-9664;4840;4840
183300;-9680;4804;4804;-9608
183400;4784;4784;-9568;4756
183500;4756;-9512;4724;4724
183600;-9448;4720;4720;-9440
183700;4740;4740;-9480;4740
183800;4740;-9480;4744;4744
183900;-9488;4800;4800;-9600
184000;4672;4672;-9344;4768
184100;4768;-9536;4768;4768
184200;-9536;4832;4832;-9664
184300;4748;4748;-9496;4684
184400;4684;-9368;4672;4672
184500;-9344;4668;4668;-9336
184600;4636;4636;-9272;4628
184700;4628;-9256;4680;4680
184800;-9360;4624;4624;-9248
184900;4544;4544;-9088;4632
185000;4632;-9264;4596;4596
185100;-9192;4672;4672;-9344
185200;4560;4560;-9120;4512
185300;4512;-9024;4512;4512
185400;-9024;4508;4508;-9016
185500;4504;4504;-9008;4600
185600;4600;-9200;4436;4436
185700;-8872;4444;4444;-8888
185800;4400;4400;-8800;4412
185900;4412;-8824;4412;4412
186000;-8824;4384;4384;-8768
186100;4408;4408;-8816;4388
186200;4388;-8776;4340;4340
186300;-8680;4324;4324;-8648
186400;4312;4312;-8624;4316
186500;4316;-8632;4272;4272
186600;-8544;4252;4252;-8504
186700;4240;4240;-8480;4276
186800;4276;-8552;4212;4212
186900;-8424;4152;4152;-8304
187000;4692;4692;-9384;4092
187100;4092;-8184;4136;4136
187200;-8272;4116;4116;-8232
187300;4104;4104;-8208;4068
187400;4068;-8136;4752;4752
187500;-9504;4036;4036;-8072
187600;4060;4060;-8120;4024
187700;4024;-8048;3952;3952
187800;-7904;3940;3940;-7880
187900;3836;3836;-7672;3884
188000;3884;-7768;3860;3860
188100;-7720;3832;3832;-7664
188200;3888;3888;-7776;3804
188300;3804;-7608;3756;3756
188400;-7512;3680;3680;-7360
188500;3672;3672;-7344;3648
188600;3648;-7296;3660;3660
188700;-7320;3580;3580;-7160
188800;3592;3592;-7184;3528
188900;3528;-7056;3508;3508
189000;-7016;3408;3408;-6816
189100;3392;3392;-6784;3380
189200;3380;-6760;3332;3332
189300;-6664;3356;3356;-6712
189400;3200;3200;-6400;3188
189500;3188;-6376;3204;3204
189600;-6408;3080;3080;-6160
189700;3068;3068;-6136;3036
189800;3036;-6072;2992;2992
189900;-5984;2908;2908;-5816
190000;2900;2900;-5800;2800
190100;2800;-5600;2816;2816
190200;-5632;2780;2780;-5560
190300;16200;16200;-32400;17880
190400;17880;29776;18540;18540
190500;28456;18676;18676;28184
190600;18500;18500;28536;18756
190700;18756;28024;18568;18568
190800;28400;18528;18528;28480
190900;18580;18580;28376;18492
191000;18492;28552;18424;18424
191100;28688;18392;18392;28752
191200;18396;18396;28744;18316
191300;18316;28904;18264;18264
191400;29008;18176;18176;29184
191500;18204;18204;29128;18128
191600;18128;29280;18140;18140
191700;29256;17996;17996;29544
191800;17976;17976;29584;17944
191900;17944;29648;17456;17456
192000;30624;17808;17808;29920
192100;17880;17880;29776;17768
192200;17768;30000;17720;17720
192300;30096;17704;17704;30128
192400;17708;17708;30120;17604
192500;17604;30328;17600;17600
192600;30336;17596;17596;30344
192700;17428;17428;30680;17540
192800;17540;30456;17436;17436
192900;30664;17444;17444;30648
193000;17376;17376;30784;17448
193100;17448;30640;17368;17368
193200;30800;17268;17268;31000
193300;17284;17284;30968;17220
193400;17220;31096;17188;17188
193500;31160;17168;17168;31200
193600;17052;17052;31432;17008
193700;17008;31520;16972;16972
193800;31592;16924;16924;31688
193900;16796;16796;31944;16944
194000;16944;31648;16848;16848
194100;31840;16864;16864;31808
194200;16936;16936;31664;16868
194300;16868;31800;16960;16960
194400;31616;16904;16904;31728
194500;16912;16912;31712;16956
194600;16956;31624;17028;17028
194700;31480;16992;16992;31552
194800;16980;16980;31576;17016
194900;17016;31504;17024;17024
195000;31488;17020;17020;31496
195100;17032;17032;31472;17096
195200;17096;31344;17044;17044
195300;31448;17060;17060;31416
195400;17012;17012;31512;17104
195500;17104;31328;17044;17044
195600;31448;16980;16980;31576
195700;16980;16980;31576;16824
195800;16824;31888;16828;16828
195900;31880;16752;16752;32032
196000;16720;16720;32096;16648
196100;16648;32240;16604;16604
196200;32328;16532;16532;32472
196300;16552;16552;32432;16428
196400;16428;32680;16356;16356
196500;-32712;16484;16484;32568
196600;16268;16268;-32536;16204
196700;16204;-32408;16064;16064
196800;-32128;16088;16088;-32176
196900;16000;16000;-32000;15972
197000;15972;-31944;15912;15912
197100;-31824;15964;15964;-31928
197200;15852;15852;-31704;15736
197300;15736;-31472;15740;15740
197400;-31480;15664;15664;-31328
197500;15652;15652;-31304;15588
197600;15588;-31176;15532;15532
197700;-31064;15448;15448;-30896
197800;15424;15424;-30848;15380
197900;15380;-30760;15464;15464
198000;-30928;15336;15336;-30672
198100;15300;15300;-30600;15184
198200;15184;-30368;15300;15300
198300;-30600;15372;15372;-30744
198400;15188;15188;-30376;15184
198500;15184;-30368;15236;15236
198600;-30472;15208;15208;-30416
198700;15268;15268;-30536;15348
198800;15348;-30696;15312;15312
198900;-30624;15328;15328;-30656
199000;15376;15376;-30752;15556
199100;15556;-31112;15416;15416
199200;-30832;15504;15504;-31008
199300;15436;15436;-30872;15524
199400;15524;-31048;15520;15520
199500;-31040;15516;15516;-31032
199600;15180;15180;-30360;15588
199700;15588;-31176;15668;15668
199800;-31336;15700;15700;-31400
199900;15672;15672;-31344;15660
200000;15660;-31320;15716;15716
200100;-31432;15696;15696;-31392
200200;15668;15668;-31336;15640
200300;15640;-31280;15708;15708
200400;-31416;15608;15608;-31216
200500;15660;15660;-31320;15704
200600;15704;-31408;15380;15380
200700;-30760;15700;15700;-31400
200800;15712;15712;-31424;15644
200900;15644;-31288;15648;15648
201000;-31296;15656;15656;-31312
201100;15684;15684;-31368;15620
201200;15620;-31240;15640;15640
201300;-31280;15712;15712;-31424
201400;15680;15680;-31360;15640
201500;15640;-31280;15604;15604
201600;-31208;15628;15628;-31256
201700;15640;15640;-31280;15604
201800;15604;-31208;15656;15656
201900;-31312;15644;15644;-31288
202000;15660;15660;-31320;15624
202100;15624;-31248;15504;15504
202200;-31008;15612;15612;-31224
202300;15572;15572;-31144;15528
202400;15528;-31056;15636;15636
202500;-31272;15556;15556;-31112
202600;15564;15564;-31128;15700
202700;15700;-31400;15548;15548
202800;-31096;15588;15588;-31176
202900;15468;15468;-30936;15564
203000;15564;-31128;15528;15528
203100;-31056;15544;15544;-31088
203200;15568;15568;-31136;15436
203300;15436;-30872;15552;15552
203400;-31104;15516;15516;-31032
203500;15360;15360;-30720;16028
203600;16028;-32056;15520;15520
203700;-31040;-8332;-8332;16664
203800;-5944;-5944;11888;-5856
203900;-5856;11712;-5808;-5808
204000;11616;-5836;-5836;11672
204100;-5816;-5816;11632;-5828
204200;-5828;11656;-5864;-5864
204300;11728;-5808;-5808;11616
204400;-5788;-5788;11576;-5800
204500;-5800;11600;-5812;-5812
204600;11624;-5788;-5788;11576
204700;-5764;-5764;11528;-5788
204800;-5788;11576;-5792;-5792
204900;11584;-5800;-5800;11600
205000;-5756;-5756;11512;-5808
205100;-5808;11616;-5792;-5792
205200;11584;-5808;-5808;11616
205300;-5860;-5860;11720;-5712
205400;-5712;11424;-5772;-5772
205500;11544;-5796;-5796;11592
205600;-5764;-5764;11528;-5724
205700;-5724;11448;-6008;-6008
205800;12016;-5760;-5760;11520
205900;-5792;-5792;11584;-5796
206000;-5796;11592;-5792;-5792
206100;11584;-5824;-5824;11648
206200;-5776;-5776;11552;-5748
206300;-5748;11496;-5788;-5788
206400;11576;-5844;-5844;11688
206500;-5836;-5836;11672;-5908
206600;-5908;11816;-5832;-5832
206700;11664;-5836;-5836;11672
206800;-5828;-5828;11656;-5888
206900;-5888;11776;-5824;-5824
207000;11648;-5928;-5928;11856
207100;-5848;-5848;11696;-5860
207200;-5860;11720;-5900;-5900
207300;11800;-5912;-5912;11824
207400;-5968;-5968;11936;-5912
207500;-5912;11824;-6004;-6004
207600;12008;-6016;-6016;12032
207700;-6068;-6068;12136;-6096
207800;-6096;12192;-6552;-6552
207900;13104;-6152;-6152;12304
208000;-6228;-6228;12456;-6256
208100;-6256;12512;-6344;-6344
208200;12688;-6332;-6332;12664
208300;-6360;-6360;12720;-6420
208400;-6420;12840;-6488;-6488
208500;12976;-6508;-6508;13016
208600;-6616;-6616;13232;-6568
208700;-6568;13136;-6596;-6596
208800;13192;-6592;-6592;13184
208900;-6616;-6616;13232;-6712
209000;-6712;13424;-6604;-6604
209100;13208;-6996;-6996;13992
209200;-6744;-6744;13488;-6736
209300;-6736;13472;-6804;-6804
209400;13608;-6788;-6788;13576
209500;-6856;-6856;13712;-6888
209600;-6888;13776;-6932;-6932
209700;13864;-6900;-6900;13800
209800;-7000;-7000;14000;-6944
209900;-6944;13888;-6940;-6940
210000;13880;-7040;-7040;14080
210100;-7052;-7052;14104;-7084
210200;-7084;14168;-7084;-7084
210300;14168;-7188;-7188;14376
210400;-7196;-7196;14392;-7220
210500;-7220;14440;-7212;-7212
210600;14424;-7308;-7308;14616
210700;-7364;-7364;14728;-7364
210800;-7364;14728;-7392;-7392
210900;14784;-7320;-7320;14640
211000;-7364;-7364;14728;-7308
211100;-7308;14616;-7332;-7332
211200;14664;-7408;-7408;14816
211300;-7452;-7452;14904;-7476
211400;-7476;14952;-7524;-7524
211500;15048;-7604;-7604;15208
211600;-7732;-7732;15464;-7696
211700;-7696;15392;-7784;-7784
211800;15568;-7808;-7808;15616
211900;-8444;-8444;16888;-7984
212000;-7984;15968;-8036;-8036
212100;16072;-8352;-8352;16704
212200;-8184;-8184;16368;-8264
212300;-8264;16528;-8340;-8340
212400;16680;-8424;-8424;16848
212500;-8432;-8432;16864;-8560
212600;-8560;17120;-8524;-8524
212700;17048;-8604;-8604;17208
212800;-8752;-8752;17504;-8868
212900;-8868;17736;-8952;-8952
213000;17904;-9008;-9008;18016
213100;-9100;-9100;18200;-9088
213200;-9088;18176;-9152;-9152
213300;18304;-9200;-9200;18400
213400;-9240;-9240;18480;-9328
213500;-9328;18656;-9348;-9348
213600;18696;-9400;-9400;18800
213700;-9320;-9320;18640;-9320
213800;-9320;18640;-9316;-9316
213900;18632;-9232;-9232;18464
214000;-9220;-9220;18440;-9204
214100;-9204;18408;-9176;-9176
214200;18352;-9172;-9172;18344
214300;-9104;-9104;18208;-9088
214400;-9088;18176;-9100;-9100
214500;18200;-9088;-9088;18176
214600;-9040;-9040;18080;-9096
214700;-9096;18192;-9096;-9096
214800;18192;-9068;-9068;18136
214900;-9076;-9076;18152;-9128
215000;-9128;18256;-9132;-9132
215100;18264;-9232;-9232;18464
215200;-9220;-9220;18440;-9264
215300;-9264;18528;-9316;-9316
215400;18632;-9364;-9364;18728
215500;-9416;-9416;18832;-9460
215600;-9460;18920;-9908;-9908
215700;19816;-9512;-9512;19024
215800;-9536;-9536;19072;-9584
215900;-9584;19168;-9512;-9512
216000;19024;-9648;-9648;19296
216100;-9700;-9700;19400;-9732
216200;-9732;19464;-9760;-9760
216300;19520;-9808;-9808;19616
216400;-9772;-9772;19544;-9876
216500;-9876;19752;-9900;-9900
216600;19800;-9896;-9896;19792
216700;-9960;-9960;19920;-10008
216800;-10008;20016;-10056;-10056
216900;20112;-10040;-10040;20080
217000;-14864;-14864;29728;-13432
217100;-13432;26864;-13652;-13652
217200;27304;-13844;-13844;27688
217300;-13964;-13964;27928;-14024
217400;-14024;28048;-14012;-14012
217500;28024;-13964;-13964;27928
217600;-13996;-13996;27992;-14000
217700;-14000;28000;-14008;-14008
217800;28016;-13988;-13988;27976
217900;-13996;-13996;27992;-13992
218000;-13992;27984;-13912;-13912
218100;27824;-13908;-13908;27816
218200;-13940;-13940;27880;-13888
218300;-13888;27776;-13904;-13904
218400;27808;-13824;-13824;27648
218500;-13840;-13840;27680;-13836
218600;-13836;27672;-13816;-13816
218700;27632;-13716;-13716;27432
218800;-13684;-13684;27368;-13724
218900;-13724;27448;-13668;-13668
219000;27336;-14236;-14236;28472
219100;-13580;-13580;27160;-13636
219200;-13636;27272;-13600;-13600
219300;27200;-13528;-13528;27056
219400;-13524;-13524;27048;-13508
219500;-13508;27016;-13412;-13412
219600;26824;-13404;-13404;26808
219700;-13356;-13356;26712;-13380
219800;-13380;26760;-13344;-13344
219900;26688;-13244;-13244;26488
220000;-13284;-13284;26568;-13152
220100;-13152;26304;-13176;-13176
220200;26352;-13152;-13152;26304
220300;-13084;-13084;26168;-13136
220400;-13136;26272;-12976;-12976
220500;25952;-12936;-12936;25872
220600;-12948;-12948;25896;-12936
220700;-12936;25872;-12876;-12876
220800;25752;-12848;-12848;25696
220900;-12828;-12828;25656;-13224
221000;-13224;26448;-12760;-12760
221100;25520;-12740;-12740;25480
221200;-12720;-12720;25440;-12672
221300;-12672;25344;-12688;-12688
221400;25376;-12648;-12648;25296
221500;-12496;-12496;24992;-12492
221600;-12492;24984;-12432;-12432
221700;24864;-12412;-12412;24824
221800;-12412;-12412;24824;-12288
221900;-12288;24576;-12288;-12288
222000;24576;-12236;-12236;24472
222100;-12204;-12204;24408;-12176
222200;-12176;24352;-12108;-12108
222300;24216;-12120;-12120;24240
222400;-12152;-12152;24304;-12116
222500;-12116;24232;-12076;-12076
222600;24152;-12036;-12036;24072
222700;-12016;-12016;24032;-12080
222800;-12080;24160;-12060;-12060
222900;24120;-11996;-11996;23992
223000;-11980;-11980;23960;-12000
223100;-12000;24000;-12040;-12040
223200;24080;-12036;-12036;24072
223300;-12016;-12016;24032;-12000
223400;-12000;24000;-12024;-12024
223500;24048;-12028;-12028;24056
223600;-12012;-12012;24024;-11952
223700;-11952;23904;-12028;-12028
223800;24056;-12344;-12344;24688
223900;-11996;-11996;23992;-12020
224000;-12020;24040;-12024;-12024
224100;24048;-12040;-12040;24080
224200;-11948;-11948;23896;-12000
224300;-12000;24000;-12008;-12008
224400;24016;-11980;-11980;23960
224500;-12024;-12024;24048;-12016
224600;-12016;24032;-12624;-12624
224700;25248;-12032;-12032;24064
224800;-12016;-12016;24032;-12064
224900;-12064;24128;-11968;-11968
225000;23936;-12004;-12004;24008
225100;-12032;-12032;24064;-12052
225200;-12052;24104;-11972;-11972
225300;23944;-11972;-11972;23944
225400;-11924;-11924;23848;-12296
225500;-12296;24592;-11948;-11948
225600;23896;-11952;-11952;23904
225700;-12372;-12372;24744;-11932
225800;-11932;23864;-11944;-11944
225900;23888;-11948;-11948;23896
226000;-11916;-11916;23832;-11836
226100;-11836;23672;-11932;-11932
226200;23864;-11900;-11900;23800
226300;-11844;-11844;23688;-11876
226400;-11876;23752;-11844;-11844
226500;23688;-11832;-11832;23664
226600;-11880;-11880;23760;-11880
226700;-11880;23760;-11844;-11844
226800;23688;-11828;-11828;23656
226900;-11808;-11808;23616;-11772
227000;-11772;23544;-11752;-11752
227100;23504;-11732;-11732;23464
227200;-11732;-11732;23464;-11676
227300;-11676;23352;-11672;-11672
227400;23344;-11720;-11720;23440
227500;-11724;-11724;23448;-11628
227600;-11628;23256;-11628;-11628
227700;23256;-11640;-11640;23280
227800;-11528;-11528;23056;-11560
227900;-11560;23120;-11536;-11536
228000;23072;-11432;-11432;22864
228100;-11436;-11436;22872;-11384
228200;-11384;22768;-11300;-11300
228300;22600;-11280;-11280;22560
228400;-11300;-11300;22600;-11192
228500;-11192;22384;-11228;-11228
228600;22456;-11180;-11180;22360
228700;-11148;-11148;22296;-11072
228800;-11072;22144;-11080;-11080
228900;22160;-11056;-11056;22112
229000;-10980;-10980;21960;-10980
229100;-10980;21960;-10936;-10936
229200;21872;-10860;-10860;21720
229300;-10860;-10860;21720;-10812
229400;-10812;21624;-10712;-10712
229500;21424;-10692;-10692;21384
229600;-10648;-10648;21296;-10636
229700;-10636;21272;-10460;-10460
229800;20920;-10460;-10460;20920
229900;-10428;-10428;20856;-10384
230000;-10384;20768;-10344;-10344
230100;20688;-10316;-10316;20632
230200;-10320;-10320;20640;-10224
230300;-10224;20448;-10192;-10192
230400;20384;-10124;-10124;20248
230500;7820;7820;-15640;6700
230600;6700;-13400;6264;6264
230700;-12528;6028;6028;-12056
230800;5964;5964;-11928;5976
230900;5976;-11952;5948;5948
231000;-11896;6144;6144;-12288
231100;6076;6076;-12152;6180
231200;6180;-12360;6216;6216
231300;-12432;6172;6172;-12344
231400;6252;6252;-12504;6264
231500;6264;-12528;6448;6448
231600;-12896;6432;6432;-12864
231700;6440;6440;-12880;6464
231800;6464;-12928;6668;6668
231900;-13336;6588;6588;-13176
232000;6636;6636;-13272;6644
232100;6644;-13288;6832;6832
232200;-13664;6848;6848;-13696
232300;6888;6888;-13776;6940
232400;6940;-13880;7036;7036
232500;-14072;7060;7060;-14120
232600;7148;7148;-14296;7172
232700;7172;-14344;7228;7228
232800;-14456;7320;7320;-14640
232900;7372;7372;-14744;7576
233000;7576;-15152;7492;7492
233100;-14984;7608;7608;-15216
233200;7624;7624;-15248;7696
233300;7696;-15392;7792;7792
233400;-15584;7788;7788;-15576
233500;7892;7892;-15784;7928
233600;7928;-15856;8044;8044
233700;-16088;8072;8072;-16144
233800;8128;8128;-16256;8228
233900;8228;-16456;8240;8240
234000;-16480;8332;8332;-16664
234100;8360;8360;-16720;8520
234200;8520;-17040;8528;8528
234300;-17056;8644;8644;-17288
234400;8660;8660;-17320;8820
234500;8820;-17640;8804;8804
234600;-17608;8816;8816;-17632
234700;8812;8812;-17624;8864
234800;8864;-17728;8868;8868
234900;-17736;8916;8916;-17832
235000;8924;8924;-17848;8768
235100;8768;-17536;8900;8900
235200;-17800;8872;8872;-17744
235300;8872;8872;-17744;8868
235400;8868;-17736;8912;8912
235500;-17824;8808;8808;-17616
235600;8952;8952;-17904;8884
235700;8884;-17768;8900;8900
235800;-17800;8936;8936;-17872
235900;8916;8916;-17832;8868
236000;8868;-17736;8848;8848
236100;-17696;8912;8912;-17824
236200;8932;8932;-17864;9008
236300;9008;-18016;8928;8928
236400;-17856;8900;8900;-17800
236500;8932;8932;-17864;8928
236600;8928;-17856;8932;8932
236700;-17864;8828;8828;-17656
236800;8976;8976;-17952;8880
236900;8880;-17760;8908;8908
237000;-17816;8936;8936;-17872
237100;8892;8892;-17784;8976
237200;8976;-17952;8960;8960
237300;-17920;8940;8940;-17880
237400;8864;8864;-17728;8828
237500;8828;-17656;8944;8944
237600;-17888;8992;8992;-17984
237700;9068;9068;-18136;8936
237800;8936;-17872;8892;8892
237900;-17784;8956;8956;-17912
238000;8932;8932;-17864;9004
238100;9004;-18008;8908;8908
238200;-17816;8984;8984;-17968
238300;8972;8972;-17944;9108
238400;9108;-18216;9036;9036
238500;-18072;9060;9060;-18120
238600;9000;9000;-18000;9132
238700;9132;-18264;9080;9080
238800;-18160;9168;9168;-18336
238900;9096;9096;-18192;9268
239000;9268;-18536;9300;9300
239100;-18600;9384;9384;-18768
239200;9436;9436;-18872;9388
239300;9388;-18776;9480;9480
239400;-18960;9616;9616;-19232
239500;9664;9664;-19328;9664
239600;9664;-19328;9728;9728
239700;-19456;9832;9832;-19664
239800;9820;9820;-19640;9808
239900;9808;-19616;9916;9916
240000;-19832;9972;9972;-19944
240100;9968;9968;-19936;10016
240200;10016;-20032;10004;10004
240300;-20008;10180;10180;-20360
240400;9484;9484;-18968;10212
240500;10212;-20424;10256;10256
240600;-20512;10236;10236;-20472
240700;10312;10312;-20624;10400
240800;10400;-20800;10408;10408
240900;-20816;10500;10500;-21000
241000;10492;10492;-20984;10520
241100;10520;-21040;10560;10560
241200;-21120;10612;10612;-21224
241300;10700;10700;-21400;10784
241400;10784;-21568;10784;10784
241500;-21568;10840;10840;-21680
241600;10936;10936;-21872;10888
241700;10888;-21776;10964;10964
241800;-21928;11064;11064;-22128
241900;11020;11020;-22040;11056
242000;11056;-22112;11136;11136
242100;-22272;11528;11528;-23056
242200;11200;11200;-22400;11256
242300;11256;-22512;11292;11292
242400;-22584;11444;11444;-22888
242500;11444;11444;-22888;11908
242600;11908;-23816;11480;11480
242700;-22960;11584;11584;-23168
242800;11636;11636;-23272;11732
242900;11732;-23464;11608;11608
243000;-23216;11736;11736;-23472
243100;11836;11836;-23672;11884
243200;11884;-23768;11924;11924
243300;-23848;12024;12024;-24048
243400;12052;12052;-24104;12216
243500;12216;-24432;12172;12172
243600;-24344;12188;12188;-24376
243700;12384;12384;-24768;12376
243800;12376;-24752;7340;7340
243900;-14680;2948;2948;-5896
244000;2912;2912;-5824;2892
244100;2892;-5784;2944;2944
244200;-5888;2912;2912;-5824
244300;2928;2928;-5856;2928
244400;2928;-5856;3344;3344
244500;-6688;2932;2932;-5864
244600;2928;2928;-5856;2968
244700;2968;-5936;2932;2932
244800;-5864;2916;2916;-5832
244900;2960;2960;-5920;2968
245000;2968;-5936;3052;3052
245100;-6104;2932;2932;-5864
245200;2940;2940;-5880;2960
245300;2960;-5920;2968;2968
245400;-5936;2956;2956;-5912
245500;2944;2944;-5888;2972
245600;2972;-5944;2864;2864
245700;-5728;2900;2900;-5800
245800;2868;2868;-5736;2892
245900;2892;-5784;2820;2820
246000;-5640;2816;2816;-5632
246100;2772;2772;-5544;2900
246200;2900;-5800;2752;2752
246300;-5504;2752;2752;-5504
246400;2728;2728;-5456;2656
246500;2656;-5312;2700;2700
246600;-5400;2664;2664;-5328
246700;2612;2612;-5224;2612
246800;2612;-5224;2612;2612
246900;-5224;2660;2660;-5320
247000;2536;2536;-5072;2564
247100;2564;-5128;2632;2632
247200;-5264;2560;2560;-5120
247300;3080;3080;-6160;2652
247400;2652;-5304;2732;2732
247500;-5464;2740;2740;-5480
247600;2884;2884;-5768;2820
247700;2820;-5640;2884;2884
247800;-5768;2908;2908;-5816
247900;2956;2956;-5912;3100
248000;3100;-6200;2996;2996
248100;-5992;3052;3052;-6104
248200;3088;3088;-6176;3164
248300;3164;-6328;3204;3204
248400;-6408;3304;3304;-6608
248500;3304;3304;-6608;3268
248600;3268;-6536;3260;3260
248700;-6520;3268;3268;-6536
248800;3276;3276;-6552;3228
248900;3228;-6456;3268;3268
249000;-6536;3272;3272;-6544
249100;3300;3300;-6600;3320
249200;3320;-6640;3292;3292
249300;-6584;3280;3280;-6560
249400;3332;3332;-6664;3356
249500;3356;-6712;3392;3392
249600;-6784;3392;3392;-6784
249700;3520;3520;-7040;3492
249800;3492;-6984;3528;3528
249900;-7056;3588;3588;-7176
250000;3620;3620;-7240;3616
250100;3616;-7232;3716;3716
250200;-7432;3748;3748;-7496
250300;3848;3848;-7696;3904
250400;3904;-7808;3976;3976
250500;-7952;4000;4000;-8000
250600;4012;4012;-8024;4072
250700;4072;-8144;4076;4076
250800;-8152;4148;4148;-8296
250900;4176;4176;-8352;4188
251000;4188;-8376;4484;4484
251100;-8968;4260;4260;-8520
251200;4312;4312;-8624;4344
251300;4344;-8688;4352;4352
251400;-8704;4396;4396;-8792
251500;4452;4452;-8904;4428
251600;4428;-8856;4420;4420
251700;-8840;4520;4520;-9040
251800;4564;4564;-9128;4580
251900;4580;-9160;4568;4568
252000;-9136;4712;4712;-9424
252100;4644;4644;-9288;4668
252200;4668;-9336;4724;4724
252300;-9448;4788;4788;-9576
252400;4852;4852;-9704;4856
252500;4856;-9712;4940;4940
252600;-9880;5004;5004;-10008
252700;5088;5088;-10176;5204
252800;5204;-10408;5184;5184
252900;-10368;5212;5212;-10424
253000;5332;5332;-10664;5328
253100;5328;-10656;5432;5432
253200;-10864;5496;5496;-10992
253300;5584;5584;-11168;5548
253400;5548;-11096;5608;5608
253500;-11216;6012;6012;-12024
253600;5580;5580;-11160;5720
253700;5720;-11440;5832;5832
253800;-11664;5744;5744;-11488
253900;5776;5776;-11552;5752
254000;5752;-11504;5792;5792
254100;-11584;5832;5832;-11664
254200;5860;5860;-11720;5820
254300;5820;-11640;5860;5860
254400;-11720;5932;5932;-11864
254500;5968;5968;-11936;6024
254600;6024;-12048;6000;6000
254700;-12000;6048;6048;-12096
254800;6032;6032;-12064;6068
254900;6068;-12136;6148;6148
255000;-12296;6176;6176;-12352
255100;6248;6248;-12496;6220
255200;6220;-12440;6312;6312
255300;-12624;6332;6332;-12664
255400;6376;6376;-12752;6444
255500;6444;-12888;6496;6496
255600;-12992;6584;6584;-13168
255700;6632;6632;-13264;6592
255800;6592;-13184;6680;6680
255900;-13360;6756;6756;-13512
256000;6852;6852;-13704;6872
256100;6872;-13744;6896;6896
256200;-13792;6896;6896;-13792
256300;7004;7004;-14008;7076
256400;7076;-14152;7112;7112
256500;-14224;7172;7172;-14344
256600;7196;7196;-14392;7240
256700;7240;-14480;7200;7200
256800;-14400;7352;7352;-14704
256900;7344;7344;-14688;7356
257000;7356;-14712;7880;7880
257100;-15760;7420;7420;-14840
257200;7500;7500;-15000;7264
257300;7264;-14528;7344;7344
257400;-14688;7372;7372;-14744
257500;7412;7412;-14824;7472
257600;7472;-14944;7496;7496
257700;-14992;7520;7520;-15040
257800;7476;7476;-14952;7460
257900;7460;-14920;7420;7420
258000;-14840;7452;7452;-14904
258100;7400;7400;-14800;7392
258200;7392;-14784;7364;7364
258300;-14728;7380;7380;-14760
258400;7276;7276;-14552;7244
258500;7244;-14488;7208;7208
258600;-14416;7212;7212;-14424
258700;7172;7172;-14344;7124
258800;7124;-14248;7112;7112
258900;-14224;7100;7100;-14200
259000;7096;7096;-14192;7096
259100;7096;-14192;7036;7036
259200;-14072;6984;6984;-13968
259300;6968;6968;-13936;6956
259400;6956;-13912;6884;6884
259500;-13768;6872;6872;-13744
259600;6784;6784;-13568;6736
259700;6736;-13472;6728;6728
259800;-13456;6740;6740;-13480
259900;6676;6676;-13352;6704
260000;6704;-13408;6588;6588
260100;-13176;6556;6556;-13112
260200;6476;6476;-12952;6496
260300;6496;-12992;6524;6524
260400;-13048;6348;6348;-12696
260500;6440;6440;-12880;6352
260600;6352;-12704;6316;6316
260700;-12632;6344;6344;-12688
260800;6304;6304;-12608;6240
260900;6240;-12480;6236;6236
261000;-12472;6152;6152;-12304
261100;6136;6136;-12272;6096
261200;6096;-12192;6048;6048
261300;-12096;6020;6020;-12040
261400;5936;5936;-11872;5908
261500;5908;-11816;5872;5872
261600;-11744;5852;5852;-11704
261700;5856;5856;-11712;5784
261800;5784;-11568;5752;5752
261900;-11504;5680;5680;-11360
262000;5640;5640;-11280;5580
262100;5580;-11160;5500;5500
262200;-11000;5492;5492;-10984
262300;5492;5492;-10984;5496
262400;5496;-10992;5492;5492
262500;-10984;5308;5308;-10616
262600;5304;5304;-10608;5212
262700;5212;-10424;5236;5236
262800;-10472;5224;5224;-10448
262900;5128;5128;-10256;5072
263000;5072;-10144;5012;5012
263100;-10024;5000;5000;-10000
263200;4932;4932;-9864;4868
263300;4868;-9736;4864;4864
263400;-9728;4828;4828;-9656
263500;4812;4812;-9624;4820
263600;4820;-9640;4852;4852
263700;-9704;4784;4784;-9568
263800;4728;4728;-9456;4772
263900;4772;-9544;4792;4792
264000;-9584;4804;4804;-9608
264100;4732;4732;-9464;4752
264200;4752;-9504;4676;4676
264300;-9352;4716;4716;-9432
264400;4720;4720;-9440;4780
264500;4780;-9560;4708;4708
264600;-9416;4680;4680;-9360
264700;4656;4656;-9312;4712
264800;4712;-9424;4704;4704
264900;-9408;4652;4652;-9304
265000;4696;4696;-9392;4660
265100;4660;-9320;4628;4628
265200;-9256;4636;4636;-9272
265300;4612;4612;-9224;4580
265400;4580;-9160;4508;4508
265500;-9016;4552;4552;-9104
265600;4552;4552;-9104;4472
265700;4472;-8944;4428;4428
265800;-8856;4452;4452;-8904
265900;4516;4516;-9032;4580
266000;4580;-9160;4380;4380
266100;-8760;4356;4356;-8712
266200;4376;4376;-8752;4412
266300;4412;-8824;4352;4352
266400;-8704;4336;4336;-8672
266500;4324;4324;-8648;4244
266600;4244;-8488;4276;4276
266700;-8552;4292;4292;-8584
266800;4312;4312;-8624;4312
266900;4312;-8624;4212;4212
267000;-8424;4184;4184;-8368
267100;4188;4188;-8376;4132
267200;4132;-8264;4132;4132
267300;-8264;4096;4096;-8192
267400;4032;4032;-8064;4064
267500;4064;-8128;4056;4056
267600;-8112;4020;4020;-8040
267700;4112;4112;-8224;3984
267800;3984;-7968;3984;3984
267900;-7968;3944;3944;-7888
268000;3996;3996;-7992;3860
268100;3860;-7720;3872;3872
268200;-7744;3860;3860;-7720
268300;3844;3844;-7688;3808
268400;3808;-7616;3788;3788
268500;-7576;3748;3748;-7496
268600;3792;3792;-7584;3736
268700;3736;-7472;3676;3676
268800;-7352;3668;3668;-7336
268900;3536;3536;-7072;3528
269000;3528;-7056;3472;3472
269100;-6944;3444;3444;-6888
269200;3380;3380;-6760;3380
269300;3380;-6760;3340;3340
269400;-6680;3316;3316;-6632
269500;3256;3256;-6512;3236
269600;3236;-6472;3100;3100
269700;-6200;3116;3116;-6232
269800;3068;3068;-6136;3088
269900;3088;-6176;3004;3004
270000;-6008;3044;3044;-6088
270100;2876;2876;-5752;2872
270200;2872;-5744;2840;2840
270300;-5680;2856;2856;-5712
270400;2756;2756;-5512;2744
270500;2744;-5488;16148;16148
270600;-32296;18372;18372;28792
270700;18492;18492;28552;18616
270800;18616;28304;18656;18656
270900;28224;17924;17924;29688
271000;18564;18564;28408;18468
271100;18468;28600;18452;18452
271200;28632;18480;18480;28576
271300;18476;18476;28584;18368
271400;18368;28800;18364;18364
271500;28808;18316;18316;28904
271600;18248;18248;29040;18172
271700;18172;29192;18196;18196
271800;29144;18048;18048;29440
271900;17988;17988;29560;18092
272000;18092;29352;17944;17944
272100;29648;17896;17896;29744
272200;17848;17848;29840;17844
272300;17844;29848;17804;17804
272400;29928;17796;17796;29944
272500;17776;17776;29984;17608
272600;17608;30320;17688;17688
272700;30160;17544;17544;30448
272800;17856;17856;29824;17472
272900;17472;30592;17492;17492
273000;30552;17484;17484;30568
273100;17432;17432;30672;17432
273200;17432;30672;17368;17368
273300;30800;17328;17328;30880
273400;17264;17264;31008;17296
273500;17296;30944;17180;17180
273600;31176;17164;17164;31208
273700;17232;17232;31072;17052
273800;17052;31432;17028;17028
273900;31480;17028;17028;31480
274000;16944;16944;31648;16860
274100;16860;31816;16884;16884
274200;31768;16876;16876;31784
274300;16880;16880;31776;16844
274400;16844;31848;16876;16876
274500;31784;16908;16908;31720
274600;17052;17052;31432;16912
274700;16912;31712;16964;16964
274800;31608;16996;16996;31544
274900;16956;16956;31624;16892
275000;16892;31752;16964;16964
275100;31608;16972;16972;31592
275200;17076;17076;31384;17004
275300;17004;31528;17076;17076
275400;31384;17128;17128;31280
275500;17032;17032;31472;17032
275600;17032;31472;17100;17100
275700;31336;17004;17004;31528
275800;16992;16992;31552;16900
275900;16900;31736;16880;16880
276000;31776;16800;16800;31936
276100;16808;16808;31920;16672
276200;16672;32192;16636;16636
276300;32264;16572;16572;32392
276400;16520;16520;32496;16448
276500;16448;32640;16432;16432
276600;32672;16356;16356;-32712
276700;16268;16268;-32536;16252
276800;16252;-32504;16128;16128
276900;-32256;16104;16104;-32208
277000;16064;16064;-32128;16032
277100;16032;-32064;15980;15980
277200;-31960;15932;15932;-31864
277300;15896;15896;-31792;15852
277400;15852;-31704;15744;15744
277500;-31488;15728;15728;-31456
277600;15696;15696;-31392;15640
277700;15640;-31280;15592;15592
277800;-31184;15480;15480;-30960
277900;15500;15500;-31000;15504
278000;15504;-31008;15348;15348
278100;-30696;15388;15388;-30776
278200;15292;15292;-30584;15180
278300;15180;-30360;15256;15256
278400;-30512;15168;15168;-30336
278500;15232;15232;-30464;15204
278600;15204;-30408;15264;15264
278700;-30528;15228;15228;-30456
278800;15232;15232;-30464;15296
278900;15296;-30592;15352;15352
279000;-30704;15288;15288;-30576
279100;15320;15320;-30640;15400
279200;15400;-30800;15412;15412
279300;-30824;15456;15456;-30912
279400;15392;15392;-30784;15516
279500;15516;-31032;15536;15536
279600;-31072;15572;15572;-31144
279700;15596;15596;-31192;15664
279800;15664;-31328;15592;15592
279900;-31184;15660;15660;-31320
280000;15720;15720;-31440;15508
280100;15508;-31016;15704;15704
280200;-31408;15708;15708;-31416
280300;15672;15672;-31344;15640
280400;15640;-31280;15796;15796
280500;-31592;15688;15688;-31376
280600;15700;15700;-31400;15692
280700;15692;-31384;15664;15664
280800;-31328;15684;15684;-31368
280900;15708;15708;-31416;15636
281000;15636;-31272;15696;15696
281100;-31392;15640;15640;-31280
281200;15716;15716;-31432;15636
281300;15636;-31272;15648;15648
281400;-31296;15108;15108;-30216
281500;15728;15728;-31456;15628
281600;15628;-31256;15680;15680
281700;-31360;15696;15696;-31392
281800;15596;15596;-31192;15620
281900;15620;-31240;15704;15704
282000;-31408;15668;15668;-31336
282100;15624;15624;-31248;15592
282200;15592;-31184;15716;15716
282300;-31432;15604;15604;-31208
282400;15636;15636;-31272;15584
282500;15584;-31168;15612;15612
282600;-31224;15532;15532;-31064
282700;15572;15572;-31144;15536
282800;15536;-31072;15604;15604
282900;-31208;15564;15564;-31128
283000;15256;15256;-30512;15468
283100;15468;-30936;15524;15524
283200;-31048;15564;15564;-31128
283300;15504;15504;-31008;15556
283400;15556;-31112;15532;15532
283500;-31064;15596;15596;-31192
283600;15572;15572;-31144;15596
283700;15596;-31192;15588;15588
283800;-31176;15496;15496;-30992
283900;-8360;-8360;16720;-5980
284000;-5980;11960;-5824;-5824
284100;11648;-5824;-5824;11648
284200;-5744;-5744;11488;-5776
284300;-5776;11552;-5828;-5828
284400;11656;-5772;-5772;11544
284500;-5780;-5780;11560;-5848
284600;-5848;11696;-5776;-5776
284700;11552;-5812;-5812;11624
284800;-5788;-5788;11576;-5816
284900;-5816;11632;-5784;-5784
285000;11568;-5788;-5788;11576
285100;-5812;-5812;11624;-5764
285200;-5764;11528;-5776;-5776
285300;11552;-5772;-5772;11544
285400;-5740;-5740;11480;-5780
285500;-5780;11560;-5792;-5792
285600;11584;-5748;-5748;11496
285700;-5780;-5780;11560;-5780
285800;-5780;11560;-5764;-5764
285900;11528;-5772;-5772;11544
286000;-5728;-5728;11456;-5788
286100;-5788;11576;-5800;-5800
286200;11600;-5768;-5768;11536
286300;-5808;-5808;11616;-5816
286400;-5816;11632;-5840;-5840
286500;11680;-5776;-5776;11552
286600;-5808;-5808;11616;-5820
286700;-5820;11640;-5792;-5792
286800;11584;-5848;-5848;11696
286900;-5852;-5852;11704;-6428
287000;-6428;12856;-5804;-5804
287100;11608;-5844;-5844;11688
287200;-5860;-5860;11720;-5848
287300;-5848;11696;-5900;-5900
287400;11800;-5900;-5900;11800
287500;-5984;-5984;11968;-5940
287600;-5940;11880;-5960;-5960
287700;11920;-5980;-5980;11960
287800;-6040;-6040;12080;-6024
287900;-6024;12048;-6072;-6072
288000;12144;-6128;-6128;12256
288100;-6160;-6160;12320;-6220
288200;-6220;12440;-6288;-6288
288300;12576;-6252;-6252;12504
288400;-6348;-6348;12696;-6400
288500;-6400;12800;-6520;-6520
288600;13040;-6468;-6468;12936
288700;-6512;-6512;13024;-6596
288800;-6596;13192;-6596;-6596
288900;13192;-6528;-6528;13056
289000;-6544;-6544;13088;-6596
289100;-6596;13192;-6628;-6628
289200;13256;-6652;-6652;13304
289300;-6672;-6672;13344;-6712
289400;-6712;13424;-6756;-6756
289500;13512;-6824;-6824;13648
289600;-6920;-6920;13840;-6828
289700;-6828;13656;-6896;-6896
289800;13792;-6888;-6888;13776
289900;-6924;-6924;13848;-6940
290000;-6940;13880;-6832;-6832
290100;13664;-6940;-6940;13880
290200;-7036;-7036;14072;-7088
290300;-7088;14176;-7112;-7112
290400;14224;-7124;-7124;14248
290500;-7180;-7180;14360;-7252
290600;-7252;14504;-7236;-7236
290700;14472;-7316;-7316;14632
290800;-7344;-7344;14688;-7348
290900;-7348;14696;-7376;-7376
291000;14752;-7348;-7348;14696
291100;-7324;-7324;14648;-7352
291200;-7352;14704;-7348;-7348
291300;14696;-7444;-7444;14888
291400;-7368;-7368;14736;-7360
291500;-7360;14720;-7480;-7480
291600;14960;-7560;-7560;15120
291700;-7604;-7604;15208;-7708
291800;-7708;15416;-7688;-7688
291900;15376;-7728;-7728;15456
292000;-7824;-7824;15648;-7892
292100;-7892;15784;-8428;-8428
292200;16856;-8012;-8012;16024
292300;-8112;-8112;16224;-8208
292400;-8208;16416;-8280;-8280
292500;16560;-8372;-8372;16744
292600;-8472;-8472;16944;-8472
292700;-8472;16944;-8540;-8540
292800;17080;-8608;-8608;17216
292900;-8676;-8676;17352;-8748
293000;-8748;17496;-8812;-8812
293100;17624;-8932;-8932;17864
293200;-9004;-9004;18008;-9212
293300;-9212;18424;-9108;-9108
293400;18216;-9184;-9184;18368
293500;-9256;-9256;18512;-9212
293600;-9212;18424;-9268;-9268
293700;18536;-9320;-9320;18640
293800;-9316;-9316;18632;-9292
293900;-9292;18584;-9276;-9276
294000;18552;-9232;-9232;18464
294100;-9244;-9244;18488;-9196
294200;-9196;18392;-9120;-9120
294300;18240;-9096;-9096;18192
294400;-9128;-9128;18256;-9100
294500;-9100;18200;-9076;-9076
294600;18152;-9024;-9024;18048
294700;-9044;-9044;18088;-9056
294800;-9056;18112;-9024;-9024
294900;18048;-9048;-9048;18096
295000;-9112;-9112;18224;-9100
295100;-9100;18200;-9128;-9128
295200;18256;-9144;-9144;18288
295300;-9140;-9140;18280;-9236
295400;-9236;18472;-9304;-9304
295500;18608;-9288;-9288;18576
295600;-9344;-9344;18688;-9444
295700;-9444;18888;-9412;-9412
295800;18824;-9492;-9492;18984
295900;-9532;-9532;19064;-9572
296000;-9572;19144;-9568;-9568
296100;19136;-9620;-9620;19240
296200;-9680;-9680;19360;-9732
296300;-9732;19464;-9724;-9724
296400;19448;-9784;-9784;19568
296500;-9756;-9756;19512;-9828
296600;-9828;19656;-9876;-9876
296700;19752;-9912;-9912;19824
296800;-9896;-9896;19792;-9920
296900;-9920;19840;-10020;-10020
297000;20040;-9964;-9964;19928
297100;-10032;-10032;20064;-14848
297200;-14848;29696;-13392;-13392
297300;26784;-13660;-13660;27320
297400;-13804;-13804;27608;-13912
297500;-13912;27824;-14000;-14000
297600;28000;-13996;-13996;27992
297700;-14092;-14092;28184;-14028
297800;-14028;28056;-14044;-14044
297900;28088;-14000;-14000;28000
298000;-14012;-14012;28024;-13936
298100;-13936;27872;-13956;-13956
298200;27912;-13948;-13948;27896
298300;-13960;-13960;27920;-13884
298400;-13884;27768;-13860;-13860
298500;27720;-13860;-13860;27720
298600;-13856;-13856;27712;-13864
298700;-13864;27728;-13804;-13804
298800;27608;-13788;-13788;27576
298900;-13756;-13756;27512;-13784
299000;-13784;27568;-13744;-13744
299100;27488;-13664;-13664;27328
299200;-13684;-13684;27368;-13580
299300;-13580;27160;-13592;-13592
299400;27184;-13608;-13608;27216
299500;-13564;-13564;27128;-13624
299600;-13624;27248;-13404;-13404
299700;26808;-13424;-13424;26848
299800;-13492;-13492;26984;-13364
299900;-13364;26728;-13380;-13380
300000;26760;-13260;-13260;26520
300100;-13212;-13212;26424;-13272
300200;-13272;26544;-13212;-13212
300300;26424;-13156;-13156;26312
300400;-13120;-13120;26240;-13096
300500;-13096;26192;-13088;-13088
300600;26176;-13076;-13076;26152
300700;-12936;-12936;25872;-12964
300800;-12964;25928;-12892;-12892
300900;25784;-12848;-12848;25696
301000;-12856;-12856;25712;-12836
301100;-12836;25672;-12792;-12792
301200;25584;-12724;-12724;25448
301300;-12704;-12704;25408;-12704
301400;-12704;25408;-12636;-12636
301500;25272;-12616;-12616;25232
301600;-12572;-12572;25144;-12548
301700;-12548;25096;-12528;-12528
301800;25056;-12520;-12520;25040
301900;-12348;-12348;24696;-12360
302000;-12360;24720;-12344;-12344
302100;24688;-12336;-12336;24672
302200;-12232;-12232;24464;-12240
302300;-12240;24480;-12172;-12172
302400;24344;-12168;-12168;24336
302500;-12108;-12108;24216;-12104
302600;-12104;24208;-12096;-12096
302700;24192;-12092;-12092;24184
302800;-12096;-12096;24192;-11988
302900;-11988;23976;-12040;-12040
303000;24080;-12076;-12076;24152
303100;-12040;-12040;24080;-11984
303200;-11984;23968;-12020;-12020
303300;24040;-12028;-12028;24056
303400;-12024;-12024;24048;-12040
303500;-12040;24080;-12056;-12056
303600;24112;-11980;-11980;23960
303700;-11960;-11960;23920;-12000
303800;-12000;24000;-12036;-12036
303900;24072;-12020;-12020;24040
304000;-11944;-11944;23888;-11976
304100;-11976;23952;-12000;-12000
304200;24000;-12572;-12572;25144
304300;-11956;-11956;23912;-12016
304400;-12016;24032;-12036;-12036
304500;24072;-12040;-12040;24080
304600;-12016;-12016;24032;-12020
304700;-12020;24040;-11976;-11976
304800;23952;-12012;-12012;24024
304900;-11996;-11996;23992;-12016
305000;-12016;24032;-11972;-11972
305100;23944;-11972;-11972;23944
305200;-11992;-11992;23984;-12056
305300;-12056;24112;-12048;-12048
305400;24096;-12036;-12036;24072
305500;-11920;-11920;23840;-11932
305600;-11932;23864;-12000;-12000
305700;24000;-12020;-12020;24040
305800;-11976;-11976;23952;-11932
305900;-11932;23864;-11980;-11980
306000;23960;-11884;-11884;23768
306100;-11912;-11912;23824;-11920
306200;-11920;23840;-11900;-11900
306300;23800;-11904;-11904;23808
306400;-11868;-11868;23736;-11904
306500;-11904;23808;-11892;-11892
306600;23784;-11884;-11884;23768
306700;-11876;-11876;23752;-11744
306800;-11744;23488;-11828;-11828
306900;23656;-11792;-11792;23584
307000;-11828;-11828;23656;-11832
307100;-11832;23664;-11720;-11720
307200;23440;-11696;-11696;23392
307300;-11768;-11768;23536;-11700
307400;-11700;23400;-11648;-11648
307500;23296;-11660;-11660;23320
307600;-11688;-11688;23376;-11648
307700;-11648;23296;-11580;-11580
307800;23160;-11616;-11616;23232
307900;-11636;-11636;23272;-11600
308000;-11600;23200;-11556;-11556
308100;23112;-11524;-11524;23048
308200;-11540;-11540;23080;-11388
308300;-11388;22776;-11412;-11412
308400;22824;-11376;-11376;22752
308500;-11288;-11288;22576;-11264
308600;-11264;22528;-11252;-11252
308700;22504;-11304;-11304;22608
308800;-11160;-11160;22320;-11132
308900;-11132;22264;-11136;-11136
309000;22272;-11036;-11036;22072
309100;-11028;-11028;22056;-10968
309200;-10968;21936;-11008;-11008
309300;22016;-10984;-10984;21968
309400;-10796;-10796;21592;-10812
309500;-10812;21624;-10760;-10760
309600;21520;-10672;-10672;21344
309700;-10692;-10692;21384;-10620
309800;-10620;21240;-10560;-10560
309900;21120;-10508;-10508;21016
310000;-10480;-10480;20960;-10440
310100;-10440;20880;-10376;-10376
310200;20752;-10340;-10340;20680
310300;-10252;-10252;20504;-10232
310400;-10232;20464;-10124;-10124
310500;20248;-10132;-10132;20264
310600;-10132;-10132;20264;7812
310700;7812;-15624;6772;6772
310800;-13544;6268;6268;-12536
310900;6040;6040;-12080;5996
311000;5996;-11992;5948;5948
311100;-11896;5992;5992;-11984
311200;6024;6024;-12048;6116
311300;6116;-12232;6084;6084
311400;-12168;6120;6120;-12240
311500;6168;6168;-12336;6220
311600;6220;-12440;6156;6156
311700;-12312;6380;6380;-12760
311800;6440;6440;-12880;6444
311900;6444;-12888;6560;6560
312000;-13120;6540;6540;-13080
312100;6632;6632;-13264;6696
312200;6696;-13392;6760;6760
312300;-13520;6776;6776;-13552
312400;6824;6824;-13648;6904
312500;6904;-13808;7020;7020
312600;-14040;6936;6936;-13872
312700;7092;7092;-14184;7104
312800;7104;-14208;7220;7220
312900;-14440;7280;7280;-14560
313000;7212;7212;-14424;7384
313100;7384;-14768;7464;7464
313200;-14928;7436;7436;-14872
313300;7584;7584;-15168;7684
313400;7684;-15368;7712;7712
313500;-15424;7840;7840;-15680
313600;7852;7852;-15704;7920
313700;7920;-15840;7968;7968
313800;-15936;8056;8056;-16112
313900;8136;8136;-16272;8156
314000;8156;-16312;8292;8292
314100;-16584;8240;8240;-16480
314200;8372;8372;-16744;8452
314300;8452;-16904;8492;8492
314400;-16984;8572;8572;-17144
314500;8608;8608;-17216;8616
314600;8616;-17232;8732;8732
314700;-17464;8840;8840;-17680
314800;8832;8832;-17664;8844
314900;8844;-17688;8852;8852
315000;-17704;8828;8828;-17656
315100;8872;8872;-17744;8884
315200;8884;-17768;8856;8856
315300;-17712;8864;8864;-17728
315400;8924;8924;-17848;8956
315500;8956;-17912;8836;8836
315600;-17672;8864;8864;-17728
315700;8928;8928;-17856;8828
315800;8828;-17656;8884;8884
315900;-17768;8352;8352;-16704
316000;8916;8916;-17832;8792
316100;8792;-17584;8920;8920
316200;-17840;8876;8876;-17752
316300;8852;8852;-17704;8844
316400;8844;-17688;8880;8880
316500;-17760;8792;8792;-17584
316600;8980;8980;-17960;8872
316700;8872;-17744;8880;8880
316800;-17760;8908;8908;-17816
316900;8860;8860;-17720;8944
317000;8944;-17888;8884;8884
317100;-17768;8924;8924;-17848
317200;8932;8932;-17864;8928
317300;8928;-17856;8952;8952
317400;-17904;8892;8892;-17784
317500;8924;8924;-17848;8936
317600;8936;-17872;8912;8912
317700;-17824;8884;8884;-17768
317800;8920;8920;-17840;8892
317900;8892;-17784;8976;8976
318000;-17952;8868;8868;-17736
318100;8860;8860;-17720;8960
318200;8960;-17920;8996;8996
318300;-17992;8952;8952;-17904
318400;8960;8960;-17920;8424
318500;8424;-16848;8976;8976
318600;-17952;9028;9028;-18056
318700;8988;8988;-17976;9060
318800;9060;-18120;9064;9064
318900;-18128;9108;9108;-18216
319000;9132;9132;-18264;9136
319100;9136;-18272;9204;9204
319200;-18408;9304;9304;-18608
319300;9344;9344;-18688;9400
319400;9400;-18800;9400;9400
319500;-18800;9492;9492;-18984
319600;9496;9496;-18992;9480
319700;9480;-18960;9644;9644
319800;-19288;9668;9668;-19336
319900;9808;9808;-19616;9744
320000;9744;-19488;9828;9828
320100;-19656;9928;9928;-19856
320200;9944;9944;-19888;10016
320300;10016;-20032;9992;9992
320400;-19984;10080;10080;-20160
320500;10020;10020;-20040;10168
320600;10168;-20336;10148;10148
320700;-20296;10224;10224;-20448
320800;10248;10248;-20496;10312
320900;10312;-20624;10564;10564
321000;-21128;10360;10360;-20720
321100;10500;10500;-21000;10536
321200;10536;-21072;10172;10172
321300;-20344;10540;10540;-21080
321400;10600;10600;-21200;10656
321500;10656;-21312;10756;10756
321600;-21512;10620;10620;-21240
321700;10760;10760;-21520;10764
321800;10764;-21528;10876;10876
321900;-21752;10760;10760;-21520
322000;10988;10988;-21976;10960
322100;10960;-21920;11036;11036
322200;-22072;11092;11092;-22184
322300;11452;11452;-22904;11184
322400;11184;-22368;11256;11256
322500;-22512;11176;11176;-22352
322600;11380;11380;-22760;11472
322700;11472;-22944;11472;11472
322800;-22944;11568;11568;-23136
322900;11548;11548;-23096;11652
323000;11652;-23304;11636;11636
323100;-23272;11728;11728;-23456
323200;11724;11724;-23448;11744
323300;11744;-23488;11824;11824
323400;-23648;11912;11912;-23824
323500;11964;11964;-23928;11964
323600;11964;-23928;12044;12044
323700;-24088;12140;12140;-24280
323800;12192;12192;-24384;12272
323900;12272;-24544;12272;12272
324000;-24544;7380;7380;-14760
324100;2876;2876;-5752;2892
324200;2892;-5784;2900;2900
324300;-5800;2908;2908;-5816
324400;2892;2892;-5784;2960
324500;2960;-5920;2904;2904
324600;-5808;2948;2948;-5896
324700;2892;2892;-5784;2924
324800;2924;-5848;2944;2944
324900;-5888;2968;2968;-5936
325000;2964;2964;-5928;2952
325100;2952;-5904;2968;2968
325200;-5936;3020;3020;-6040
325300;2936;2936;-5872;2952
325400;2952;-5904;3056;3056
325500;-6112;2964;2964;-5928
325600;2960;2960;-5920;2964
325700;2964;-5928;2940;2940
325800;-5880;2912;2912;-5824
325900;2912;2912;-5824;2852
326000;2852;-5704;2828;2828
326100;-5656;2796;2796;-5592
326200;2788;2788;-5576;2784
326300;2784;-5568;2720;2720
326400;-5440;2760;2760;-5520
326500;2724;2724;-5448;2748
326600;2748;-5496;2664;2664
326700;-5328;2672;2672;-5344
326800;2644;2644;-5288;2612
326900;2612;-5224;2632;2632
327000;-5264;2560;2560;-5120
327100;2572;2572;-5144;2560
327200;2560;-5120;2540;2540
327300;-5080;2596;2596;-5192
327400;2540;2540;-5080;2648
327500;2648;-5296;2676;2676
327600;-5352;2708;2708;-5416
327700;2772;2772;-5544;2812
327800;2812;-5624;3524;3524
327900;-7048;2860;2860;-5720
328000;2912;2912;-5824;3048
328100;3048;-6096;2988;2988
328200;-5976;3036;3036;-6072
328300;3088;3088;-6176;3056
328400;3056;-6112;3072;3072
328500;-6144;3168;3168;-6336
328600;3196;3196;-6392;3296
328700;3296;-6592;3276;3276
328800;-6552;3280;3280;-6560
328900;3352;3352;-6704;3232
329000;3232;-6464;3260;3260
329100;-6520;3236;3236;-6472
329200;3244;3244;-6488;3272
329300;3272;-6544;3280;3280
329400;-6560;3228;3228;-6456
329500;3244;3244;-6488;3372
329600;3372;-6744;3312;3312
329700;-6624;3416;3416;-6832
329800;3452;3452;-6904;3512
329900;3512;-7024;3628;3628
330000;-7256;3580;3580;-7160
330100;3620;3620;-7240;3636
330200;3636;-7272;3720;3720
330300;-7440;4220;4220;-8440
330400;3776;3776;-7552;3844
330500;3844;-7688;3892;3892
330600;-7784;3920;3920;-7840
330700;3904;3904;-7808;4024
330800;4024;-8048;4068;4068
330900;-8136;4116;4116;-8232
331000;4132;4132;-8264;4180
331100;4180;-8360;4204;4204
331200;-8408;4252;4252;-8504
331300;4248;4248;-8496;4320
331400;4320;-8640;4320;4320
331500;-8640;4368;4368;-8736
331600;4384;4384;-8768;4428
331700;4428;-8856;4500;4500
331800;-9000;4484;4484;-8968
331900;4504;4504;-9008;4552
332000;4552;-9104;4548;4548
332100;-9096;4616;4616;-9232
332200;4680;4680;-9360;4604
332300;4604;-9208;4680;4680
332400;-9360;4752;4752;-9504
332500;4792;4792;-9584;4840
332600;4840;-9680;5396;5396
332700;-10792;4924;4924;-9848
332800;4996;4996;-9992;5064
332900;5064;-10128;5088;5088
333000;-10176;5148;5148;-10296
333100;5220;5220;-10440;5228
333200;5228;-10456;5324;5324
333300;-10648;5432;5432;-10864
333400;5444;5444;-10888;5420
333500;5420;-10840;5576;5576
333600;-11152;5604;5604;-11208
333700;5652;5652;-11304;5660
333800;5660;-11320;5704;5704
333900;-11408;5724;5724;-11448
334000;5736;5736;-11472;5760
334100;5760;-11520;5788;5788
334200;-11576;5828;5828;-11656
334300;5840;5840;-11680;5876
334400;5876;-11752;5852;5852
334500;-11704;5892;5892;-11784
334600;5992;5992;-11984;5928
334700;5928;-11856;5968;5968
334800;-11936;5988;5988;-11976
334900;6044;6044;-12088;6168
335000;6168;-12336;6088;6088
335100;-12176;6092;6092;-12184
335200;6184;6184;-12368;6244
335300;6244;-12488;6288;6288
335400;-12576;6360;6360;-12720
335500;6396;6396;-12792;6420
335600;6420;-12840;6484;6484
335700;-12968;6508;6508;-13016
335800;6568;6568;-13136;6596
335900;6596;-13192;6596;6596
336000;-13192;6672;6672;-13344
336100;6752;6752;-13504;6816
336200;6816;-13632;6864;6864
336300;-13728;6952;6952;-13904
336400;7096;7096;-14192;7016
336500;7016;-14032;7032;7032
336600;-14064;7100;7100;-14200
336700;7164;7164;-14328;7160
336800;7160;-14320;7220;7220
336900;-14440;7296;7296;-14592
337000;7344;7344;-14688;7368
337100;7368;-14736;7360;7360
337200;-14720;7412;7412;-14824
337300;7420;7420;-14840;7460
337400;7460;-14920;7488;7488
337500;-14976;7272;7272;-14544
337600;7384;7384;-14768;7392
337700;7392;-14784;8112;8112
337800;-16224;7452;7452;-14904
337900;7452;7452;-14904;7460
338000;7460;-14920;7492;7492
338100;-14984;7448;7448;-14896
338200;7388;7388;-14776;7356
338300;7356;-14712;7388;7388
338400;-14776;7380;7380;-14760
338500;7400;7400;-14800;7288
338600;7288;-14576;7288;7288
338700;-14576;7368;7368;-14736
338800;7196;7196;-14392;7160
338900;7160;-14320;7100;7100
339000;-14200;7116;7116;-14232
339100;7072;7072;-14144;7088
339200;7088;-14176;7052;7052
339300;-14104;7084;7084;-14168
339400;6992;6992;-13984;7012
339500;7012;-14024;6888;6888
339600;-13776;6900;6900;-13800
339700;6972;6972;-13944;6796
339800;6796;-13592;6780;6780
339900;-13560;7120;7120;-14240
340000;6720;6720;-13440;6708
340100;6708;-13416;6620;6620
340200;-13240;6620;6620;-13240
340300;6600;6600;-13200;6616
340400;6616;-13232;6496;6496
340500;-12992;6464;6464;-12928
340600;6492;6492;-12984;6396
340700;6396;-12792;6324;6324
340800;-12648;6376;6376;-12752
340900;6296;6296;-12592;6284
341000;6284;-12568;6312;6312
341100;-12624;6188;6188;-12376
341200;6148;6148;-12296;6124
341300;6124;-12248;6048;6048
341400;-12096;6068;6068;-12136
341500;5992;5992;-11984;6044
341600;6044;-12088;5940;5940
341700;-11880;5900;5900;-11800
341800;5888;5888;-11776;5816
341900;5816;-11632;5776;5776
342000;-11552;5700;5700;-11400
342100;5708;5708;-11416;5816
342200;5816;-11632;5608;5608
342300;-11216;5556;5556;-11112
342400;5552;5552;-11104;5416
342500;5416;-10832;5412;5412
342600;-10824;5344;5344;-10688
342700;5300;5300;-10600;5292
342800;5292;-10584;5236;5236
342900;-10472;5188;5188;-10376
343000;5280;5280;-10560;5124
343100;5124;-10248;5068;5068
343200;-10136;5016;5016;-10032
343300;5028;5028;-10056;4932
343400;4932;-9864;4876;4876
343500;-9752;4864;4864;-9728
343600;5188;5188;-10376;4740
343700;4740;-9480;4804;4804
343800;-9608;4756;4756;-9512
343900;4764;4764;-9528;4760
344000;4760;-9520;4756;4756
344100;-9512;4740;4740;-9480
344200;4716;4716;-9432;4760
344300;4760;-9520;4832;4832
344400;-9664;4744;4744;-9488
344500;4720;4720;-9440;4776
344600;4776;-9552;4692;4692
344700;-9384;4704;4704;-9408
344800;4704;4704;-9408;4708
344900;4708;-9416;4728;4728
345000;-9456;4744;4744;-9488
345100;4680;4680;-9360;4636
345200;4636;-9272;4628;4628
345300;-9256;4624;4624;-9248
345400;4624;4624;-9248;4600
345500;4600;-9200;4548;4548
345600;-9096;4536;4536;-9072
345700;4508;4508;-9016;4524
345800;4524;-9048;4532;4532
345900;-9064;4472;4472;-8944
346000;4464;4464;-8928;4444
346100;4444;-8888;4480;4480
346200;-8960;4572;4572;-9144
346300;4424;4424;-8848;4372
346400;4372;-8744;4392;4392
346500;-8784;4348;4348;-8696
346600;4332;4332;-8664;4356
346700;4356;-8712;4336;4336
346800;-8672;4284;4284;-8568
346900;4256;4256;-8512;4264
347000;4264;-8528;4264;4264
347100;-8528;4272;4272;-8544
347200;4212;4212;-8424;4108
347300;4108;-8216;4108;4108
347400;-8216;4112;4112;-8224
347500;4164;4164;-8328;4104
347600;4104;-8208;4064;4064
347700;-8128;4036;4036;-8072
347800;4052;4052;-8104;4044
347900;4044;-8088;4036;4036
348000;-8072;4004;4004;-8008
348100;3992;3992;-7984;3948
348200;3948;-7896;3916;3916
348300;-7832;3880;3880;-7760
348400;3932;3932;-7864;3860
348500;3860;-7720;3784;3784
348600;-7568;3776;3776;-7552
348700;3744;3744;-7488;3776
348800;3776;-7552;3632;3632
348900;-7264;3672;3672;-7344
349000;3636;3636;-7272;3984
349100;3984;-7968;3492;3492
349200;-6984;3476;3476;-6952
349300;3444;3444;-6888;3436
349400;3436;-6872;3400;3400
349500;-6800;3336;3336;-6672
349600;3272;3272;-6544;3240
349700;3240;-6480;3212;3212
349800;-6424;3128;3128;-6256
349900;3124;3124;-6248;3108
350000;3108;-6216;3068;3068
350100;-6136;3028;3028;-6056
350200;2948;2948;-5896;2916
350300;2916;-5832;2888;2888
350400;-5776;2868;2868;-5736
350500;2752;2752;-5504;2732
350600;2732;-5464;16068;16068
350700;-32136;17964;17964;29608
350800;18508;18508;28520;18600
350900;18600;28336;18668;18668
351000;28200;18640;18640;28256
351100;18604;18604;28328;18536
351200;18536;28464;18504;18504
351300;28528;18504;18504;28528
351400;18352;18352;28832;18408
351500;18408;28720;18308;18308
351600;28920;18356;18356;28824
351700;18244;18244;29048;18188
351800;18188;29160;18144;18144
351900;29248;18196;18196;29144
352000;18056;18056;29424;18020
352100;18020;29496;17984;17984
352200;29568;17984;17984;29568
352300;17852;17852;29832;17860
352400;17860;29816;17844;17844
352500;29848;17752;17752;30032
352600;17780;17780;29976;17920
352700;17920;29696;17616;17616
352800;30304;17584;17584;30368
352900;17548;17548;30440;17600
353000;17600;30336;17484;17484
353100;30568;17476;17476;30584
353200;17516;17516;30504;17396
353300;17396;30744;17096;17096
353400;31344;17276;17276;30984
353500;17288;17288;30960;17232
353600;17232;31072;17288;17288
353700;30960;17268;17268;31000
353800;17084;17084;31368;17088
353900;17088;31360;17064;17064
354000;31408;17096;17096;31344
354100;17008;17008;31520;16904
354200;16904;31728;16936;16936
354300;31664;16864;16864;31808
354400;16872;16872;31792;16880
354500;16880;31776;16868;16868
354600;31800;16888;16888;31760
354700;16924;16924;31688;16984
354800;16984;31568;16876;16876
354900;31784;16988;16988;31560
355000;16988;16988;31560;16976
355100;16976;31584;16992;16992
355200;31552;16960;16960;31616
355300;17032;17032;31472;17028
355400;17028;31480;17048;17048
355500;31440;17088;17088;31360
355600;17052;17052;31432;17128
355700;17128;31280;17044;17044
355800;31448;17048;17048;31440
355900;17028;17028;31480;17016
356000;17016;31504;16936;16936
356100;31664;16908;16908;31720
356200;16872;16872;31792;16736
356300;16736;32064;16772;16772
356400;31992;16640;16640;32256
356500;16584;16584;32368;16484
356600;16484;32568;16508;16508
356700;32520;16368;16368;-32736
356800;16296;16296;-32592;16196
356900;16196;-32392;16300;16300
357000;-32600;16176;16176;-32352
357100;16160;16160;-32320;16104
357200;16104;-32208;16416;16416
357300;32704;16000;16000;-32000
357400;15992;15992;-31984;15828
357500;15828;-31656;16184;16184
357600;-32368;15776;15776;-31552
357700;15768;15768;-31536;15728
357800;15728;-31456;15672;15672
357900;-31344;15648;15648;-31296
358000;15564;15564;-31128;15452
358100;15452;-30904;15492;15492
358200;-30984;15424;15424;-30848
358300;15324;15324;-30648;15352
358400;15352;-30704;15260;15260
358500;-30520;15196;15196;-30392
358600;15232;15232;-30464;15220
358700;15220;-30440;15216;15216
358800;-30432;15252;15252;-30504
358900;15356;15356;-30712;15240
359000;15240;-30480;15304;15304
359100;-30608;15316;15316;-30632
359200;15312;15312;-30624;15452
359300;15452;-30904;15380;15380
359400;-30760;15420;15420;-30840
359500;15464;15464;-30928;15500
359600;15500;-31000;15500;15500
359700;-31000;15428;15428;-30856
359800;15524;15524;-31048;15548
359900;15548;-31096;15560;15560
360000;-31120;15660;15660;-31320
360100;15668;15668;-31336;15624
360200;15624;-31248;15640;15640
360300;-31280;15684;15684;-31368
360400;15660;15660;-31320;15732
360500;15732;-31464;15716;15716
360600;-31432;15720;15720;-31440
360700;15692;15692;-31384;15668
360800;15668;-31336;15680;15680
360900;-31360;15716;15716;-31432
361000;15672;15672;-31344;15276
361100;15276;-30552;15648;15648
361200;-31296;15680;15680;-31360
361300;15644;15644;-31288;15668
361400;15668;-31336;15808;15808
361500;-31616;15664;15664;-31328
361600;15652;15652;-31304;15680
361700;15680;-31360;15680;15680
361800;-31360;15660;15660;-31320
361900;15628;15628;-31256;15632
362000;15632;-31264;15644;15644
362100;-31288;15604;15604;-31208
362200;15468;15468;-30936;15624
362300;15624;-31248;15640;15640
362400;-31280;15560;15560;-31120
362500;15572;15572;-31144;15656
362600;15656;-31312;15592;15592
362700;-31184;15588;15588;-31176
362800;15592;15592;-31184;15588
362900;15588;-31176;15824;15824
363000;-31648;15556;15556;-31112
363100;15516;15516;-31032;15632
363200;15632;-31264;15584;15584
363300;-31168;15496;15496;-30992
363400;15556;15556;-31112;15500
363500;15500;-31000;15576;15576
363600;-31152;15536;15536;-31072
363700;15580;15580;-31160;15540
363800;15540;-31080;15560;15560
363900;-31120;15540;15540;-31080
364000;-8308;-8308;16616;-5968
364100;-5968;11936;-5856;-5856
364200;11712;-5868;-5868;11736
364300;-5804;-5804;11608;-5812
364400;-5812;11624;-5804;-5804
364500;11608;-5836;-5836;11672
364600;-5756;-5756;11512;-5816
364700;-5816;11632;-5808;-5808
364800;11616;-5800;-5800;11600
364900;-5760;-5760;11520;-5788
365000;-5788;11576;-5804;-5804
365100;11608;-5748;-5748;11496
365200;-5776;-5776;11552;-5776
365300;-5776;11552;-5800;-5800
365400;11600;-5844;-5844;11688
365500;-5800;-5800;11600;-5800
365600;-5800;11600;-5804;-5804
365700;11608;-5784;-5784;11568
365800;-5748;-5748;11496;-5760
365900;-5760;11520;-5796;-5796
366000;11592;-5732;-5732;11464
366100;-5764;-5764;11528;-5836
366200;-5836;11672;-5748;-5748
366300;11496;-5800;-5800;11600
366400;-5832;-5832;11664;-5756
366500;-5756;11512;-5788;-5788
366600;11576;-5848;-5848;11696
366700;-5776;-5776;11552;-5820
366800;-5820;11640;-5808;-5808
366900;11616;-5796;-5796;11592
367000;-5796;-5796;11592;-5848
367100;-5848;11696;-5832;-5832
367200;11664;-5832;-5832;11664
367300;-5848;-5848;11696;-5900
367400;-5900;11800;-5844;-5844
367500;11688;-5892;-5892;11784
367600;-5916;-5916;11832;-5864
367700;-5864;11728;-5928;-5928
367800;11856;-5980;-5980;11960
367900;-5968;-5968;11936;-6040
368000;-6040;12080;-6072;-6072
368100;12144;-6048;-6048;12096
368200;-6100;-6100;12200;-6176
368300;-6176;12352;-6340;-6340
368400;12680;-6272;-6272;12544
368500;-6284;-6284;12568;-6320
368600;-6320;12640;-6352;-6352
368700;12704;-6456;-6456;12912
368800;-6412;-6412;12824;-6512
368900;-6512;13024;-6540;-6540
369000;13080;-6596;-6596;13192
369100;-6564;-6564;13128;-6612
369200;-6612;13224;-6640;-6640
369300;13280;-6676;-6676;13352
369400;-6700;-6700;13400;-6672
369500;-6672;13344;-6764;-6764
369600;13528;-6720;-6720;13440
369700;-6824;-6824;13648;-6852
369800;-6852;13704;-6916;-6916
369900;13832;-6828;-6828;13656
370000;-6924;-6924;13848;-6956
370100;-6956;13912;-6980;-6980
370200;13960;-6944;-6944;13888
370300;-6972;-6972;13944;-7004
370400;-7004;14008;-7040;-7040
370500;14080;-7084;-7084;14168
370600;-7128;-7128;14256;-7152
370700;-7152;14304;-7280;-7280
370800;14560;-7216;-7216;14432
370900;-7280;-7280;14560;-7324
371000;-7324;14648;-7384;-7384
371100;14768;-7300;-7300;14600
371200;-7336;-7336;14672;-7276
371300;-7276;14552;-7348;-7348
371400;14696;-7304;-7304;14608
371500;-7356;-7356;14712;-7412
371600;-7412;14824;-7444;-7444
371700;14888;-7536;-7536;15072
371800;-7480;-7480;14960;-7524
371900;-7524;15048;-7604;-7604
372000;15208;-7664;-7664;15328
372100;-7804;-7804;15608;-7832
372200;-7832;15664;-7896;-7896
372300;15792;-7964;-7964;15928
372400;-8044;-8044;16088;-8128
372500;-8128;16256;-8160;-8160
372600;16320;-8268;-8268;16536
372700;-8384;-8384;16768;-8500
372800;-8500;17000;-8516;-8516
372900;17032;-8592;-8592;17184
373000;-8712;-8712;17424;-8748
373100;-8748;17496;-8784;-8784
373200;17568;-8832;-8832;17664
373300;-8868;-8868;17736;-8996
373400;-8996;17992;-9044;-9044
373500;18088;-9120;-9120;18240
373600;-9144;-9144;18288;-9188
373700;-9188;18376;-9272;-9272
373800;18544;-9304;-9304;18608
373900;-9348;-9348;18696;-9360
374000;-9360;18720;-9228;-9228
374100;18456;-9284;-9284;18568
374200;-9312;-9312;18624;-9264
374300;-9264;18528;-9212;-9212
374400;18424;-9316;-9316;18632
374500;-9112;-9112;18224;-9160
374600;-9160;18320;-9084;-9084
374700;18168;-9060;-9060;18120
374800;-9092;-9092;18184;-9000
374900;-9000;18000;-9012;-9012
375000;18024;-9048;-9048;18096
375100;-9072;-9072;18144;-9060
375200;-9060;18120;-9076;-9076
375300;18152;-9084;-9084;18168
375400;-9116;-9116;18232;-9164
375500;-9164;18328;-9252;-9252
375600;18504;-9288;-9288;18576
375700;-9412;-9412;18824;-9424
375800;-9424;18848;-9380;-9380
375900;18760;-9444;-9444;18888
376000;-9488;-9488;18976;-9512
376100;-9512;19024;-9536;-9536
376200;19072;-9608;-9608;19216
376300;-9656;-9656;19312;-9676
376400;-9676;19352;-9744;-9744
376500;19488;-9772;-9772;19544
376600;-9724;-9724;19448;-9864
376700;-9864;19728;-9880;-9880
376800;19760;-9936;-9936;19872
376900;-9872;-9872;19744;-9928
377000;-9928;19856;-10008;-10008
377100;20016;-9976;-9976;19952
377200;-9992;-9992;19984;-10020
377300;-10020;20040;-14900;-14900
377400;29800;-13348;-13348;26696
377500;-13648;-13648;27296;-13880
377600;-13880;27760;-13944;-13944
377700;27888;-13968;-13968;27936
377800;-13968;-13968;27936;-14028
377900;-14028;28056;-14036;-14036
378000;28072;-14020;-14020;28040
378100;-13960;-13960;27920;-13968
378200;-13968;27936;-13948;-13948
378300;27896;-13972;-13972;27944
378400;-13900;-13900;27800;-13956
378500;-13956;27912;-13904;-13904
378600;27808;-13864;-13864;27728
378700;-13896;-13896;27792;-13840
378800;-13840;27680;-13772;-13772
378900;27544;-13756;-13756;27512
379000;-13788;-13788;27576;-13776
379100;-13776;27552;-13796;-13796
379200;27592;-13720;-13720;27440
379300;-13704;-13704;27408;-13652
379400;-13652;27304;-13472;-13472
379500;26944;-13572;-13572;27144
379600;-13608;-13608;27216;-13524
379700;-13524;27048;-13480;-13480
379800;26960;-13460;-13460;26920
379900;-13460;-13460;26920;-13448
380000;-13448;26896;-13332;-13332
380100;26664;-13292;-13292;26584
380200;-13352;-13352;26704;-13196
380300;-13196;26392;-13248;-13248
380400;26496;-13240;-13240;26480
380500;-13236;-13236;26472;-13132
380600;-13132;26264;-13108;-13108
380700;26216;-13072;-13072;26144
380800;-12976;-12976;25952;-12972
380900;-12972;25944;-12996;-12996
381000;25992;-12892;-12892;25784
381100;-12892;-12892;25784;-12864
381200;-12864;25728;-12788;-12788
381300;25576;-12792;-12792;25584
381400;-12816;-12816;25632;-12712
381500;-12712;25424;-12676;-12676
381600;25352;-12668;-12668;25336
381700;-12624;-12624;25248;-12532
381800;-12532;25064;-12520;-12520
381900;25040;-12488;-12488;24976
382000;-12500;-12500;25000;-12420
382100;-12420;24840;-12348;-12348
382200;24696;-12340;-12340;24680
382300;-12276;-12276;24552;-12272
382400;-12272;24544;-12204;-12204
382500;24408;-12184;-12184;24368
382600;-12144;-12144;24288;-12144
382700;-12144;24288;-12068;-12068
382800;24136;-12104;-12104;24208
382900;-12120;-12120;24240;-12008
383000;-12008;24016;-12000;-12000
383100;24000;-12072;-12072;24144
383200;-12016;-12016;24032;-12020
383300;-12020;24040;-12028;-12028
383400;24056;-12068;-12068;24136
383500;-11996;-11996;23992;-12000
383600;-12000;24000;-11976;-11976
383700;23952;-11976;-11976;23952
383800;-12008;-12008;24016;-12012
383900;-12012;24024;-12080;-12080
384000;24160;-11996;-11996;23992
384100;-11992;-11992;23984;-12048
384200;-12048;24096;-11948;-11948
384300;23896;-11984;-11984;23968
384400;-12036;-12036;24072;-12072
384500;-12072;24144;-12004;-12004
384600;24008;-11992;-11992;23984
384700;-12012;-12012;24024;-11948
384800;-11948;23896;-11964;-11964
384900;23928;-12048;-12048;24096
385000;-12056;-12056;24112;-12088
385100;-12088;24176;-12020;-12020
385200;24040;-12024;-12024;24048
385300;-12064;-12064;24128;-11996
385400;-11996;23992;-12036;-12036
385500;24072;-12060;-12060;24120
385600;-12056;-12056;24112;-11996
385700;-11996;23992;-12008;-12008
385800;24016;-11996;-11996;23992
385900;-12004;-12004;24008;-11980
386000;-11980;23960;-11960;-11960
386100;23920;-11984;-11984;23968
386200;-11972;-11972;23944;-11896
386300;-11896;23792;-11912;-11912
386400;23824;-11908;-11908;23816
386500;-11928;-11928;23856;-11884
386600;-11884;23768;-11872;-11872
386700;23744;-11824;-11824;23648
386800;-11852;-11852;23704;-11824
386900;-11824;23648;-11836;-11836
387000;23672;-11840;-11840;23680
387100;-11880;-11880;23760;-11740
387200;-11740;23480;-11756;-11756
387300;23512;-11796;-11796;23592
387400;-11832;-11832;23664;-11720
387500;-11720;23440;-11680;-11680
387600;23360;-11720;-11720;23440
387700;-11668;-11668;23336;-11680
387800;-11680;23360;-11584;-11584
387900;23168;-11640;-11640;23280
388000;-11632;-11632;23264;-11608
388100;-11608;23216;-11600;-11600
388200;23200;-11508;-11508;23016
388300;-11476;-11476;22952;-11436
388400;-11436;22872;-11480;-11480
388500;22960;-11412;-11412;22824
388600;-11308;-11308;22616;-11304
388700;-11304;22608;-11296;-11296
388800;22592;-11172;-11172;22344
388900;-11128;-11128;22256;-11156
389000;-11156;22312;-11120;-11120
389100;22240;-11128;-11128;22256
389200;-11060;-11060;22120;-11308
389300;-11308;22616;-10928;-10928
389400;21856;-10944;-10944;21888
389500;-10876;-10876;21752;-10888
389600;-10888;21776;-10884;-10884
389700;21768;-10760;-10760;21520
389800;-10720;-10720;21440;-10680
389900;-10680;21360;-10696;-10696
390000;21392;-10568;-10568;21136
390100;-10464;-10464;20928;-10484
390200;-10484;20968;-10452;-10452
390300;20904;-10388;-10388;20776
390400;-10352;-10352;20704;-10248
390500;-10248;20496;-10240;-10240
390600;20480;-10176;-10176;20352
390700;-10020;-10020;20040;7740
390800;7740;-15480;6856;6856
390900;-13712;6260;6260;-12520
391000;5968;5968;-11936;5936
391100;5936;-11872;5924;5924
391200;-11848;5932;5932;-11864
391300;6028;6028;-12056;6000
391400;6000;-12000;6092;6092
391500;-12184;6060;6060;-12120
391600;6144;6144;-12288;5584
391700;5584;-11168;6240;6240
391800;-12480;6312;6312;-12624
391900;6368;6368;-12736;6436
392000;6436;-12872;7036;7036
392100;-14072;6516;6516;-13032
392200;6568;6568;-13136;6692
392300;6692;-13384;6276;6276
392400;-12552;6728;6728;-13456
392500;6868;6868;-13736;6812
392600;6812;-13624;7020;7020
392700;-14040;6924;6924;-13848
392800;6996;6996;-13992;6932
392900;6932;-13864;7136;7136
393000;-14272;7128;7128;-14256
393100;7196;7196;-14392;7332
393200;7332;-14664;7376;7376
393300;-14752;7496;7496;-14992
393400;7576;7576;-15152;7716
393500;7716;-15432;7632;7632
393600;-15264;7708;7708;-15416
393700;7784;7784;-15568;7788
393800;7788;-15576;7908;7908
393900;-15816;7964;7964;-15928
394000;8128;8128;-16256;8152
394100;8152;-16304;8232;8232
394200;-16464;8348;8348;-16696
394300;8448;8448;-16896;8420
394400;8420;-16840;8480;8480
394500;-16960;8548;8548;-17096
394600;8656;8656;-17312;8716
394700;8716;-17432;8720;8720
394800;-17440;8788;8788;-17576
394900;8768;8768;-17536;8800
395000;8800;-17600;8808;8808
395100;-17616;8900;8900;-17800
395200;9176;9176;-18352;8908
395300;8908;-17816;8864;8864
395400;-17728;8896;8896;-17792
395500;8872;8872;-17744;8872
395600;8872;-17744;9352;9352
395700;-18704;8904;8904;-17808
395800;8932;8932;-17864;8848
395900;8848;-17696;8860;8860
396000;-17720;8884;8884;-17768
396100;8880;8880;-17760;8916
396200;8916;-17832;8876;8876
396300;-17752;8992;8992;-17984
396400;8912;8912;-17824;8948
396500;8948;-17896;8968;8968
396600;-17936;8900;8900;-17800
396700;8936;8936;-17872;8856
396800;8856;-17712;8904;8904
396900;-17808;8892;8892;-17784
397000;8872;8872;-17744;8864
397100;8864;-17728;8904;8904
397200;-17808;8908;8908;-17816
397300;8880;8880;-17760;8988
397400;8988;-17976;8924;8924
397500;-17848;8892;8892;-17784
397600;8860;8860;-17720;8944
397700;8944;-17888;8964;8964
397800;-17928;8828;8828;-17656
397900;8924;8924;-17848;8948
398000;8948;-17896;9012;9012
398100;-18024;8900;8900;-17800
398200;8984;8984;-17968;8976
398300;8976;-17952;8896;8896
398400;-17792;9080;9080;-18160
398500;8896;8896;-17792;8976
398600;8976;-17952;9028;9028
398700;-18056;8972;8972;-17944
398800;9016;9016;-18032;9052
398900;9052;-18104;9128;9128
399000;-18256;9116;9116;-18232
399100;9132;9132;-18264;9192
399200;9192;-18384;9172;9172
399300;-18344;9236;9236;-18472
399400;9312;9312;-18624;9428
399500;9428;-18856;9380;9380
399600;-18760;9452;9452;-18904
399700;9508;9508;-19016;9580
399800;9580;-19160;9620;9620
399900;-19240;9684;9684;-19368
400000;9748;9748;-19496;9720
400100;9720;-19440;9824;9824
400200;-19648;9888;9888;-19776
400300;9824;9824;-19648;10008
400400;10008;-20016;9956;9956
400500;-19912;10008;10008;-20016
400600;10092;10092;-20184;10160
400700;10160;-20320;10104;10104
400800;-20208;10208;10208;-20416
400900;10220;10220;-20440;10348
401000;10348;-20696;10376;10376
401100;-20752;10436;10436;-20872
401200;10412;10412;-20824;10388
401300;10388;-20776;10144;10144
401400;-20288;10728;10728;-21456
401500;10660;10660;-21320;10700
401600;10700;-21400;10640;10640
401700;-21280;10876;10876;-21752
401800;10744;10744;-21488;10812
401900;10812;-21624;10876;10876
402000;-21752;10424;10424;-20848
402100;10932;10932;-21864;11012
402200;11012;-22024;11096;11096
402300;-22192;11028;11028;-22056
402400;11072;11072;-22144;11272
402500;11272;-22544;11252;11252
402600;-22504;11300;11300;-22600
402700;11348;11348;-22696;11332
402800;11332;-22664;11484;11484
402900;-22968;11520;11520;-23040
403000;11536;11536;-23072;11640
403100;11640;-23280;11608;11608
403200;-23216;11772;11772;-23544
403300;11752;11752;-23504;11940
403400;11940;-23880;11844;11844
403500;-23688;11892;11892;-23784
403600;11956;11956;-23912;11932
403700;11932;-23864;12140;12140
403800;-24280;12068;12068;-24136
403900;12216;12216;-24432;12236
404000;12236;-24472;12200;12200
404100;-24400;12408;12408;-24816
404200;7384;7384;-14768;2868
404300;2868;-5736;2900;2900
404400;-5800;2916;2916;-5832
404500;2856;2856;-5712;2920
404600;2920;-5840;2904;2904
404700;-5808;2976;2976;-5952
404800;2928;2928;-5856;2956
404900;2956;-5912;2908;2908
405000;-5816;3044;3044;-6088
405100;2940;2940;-5880;2952
405200;2952;-5904;2960;2960
405300;-5920;2980;2980;-5960
405400;2988;2988;-5976;2908
405500;2908;-5816;2936;2936
405600;-5872;2936;2936;-5872
405700;2960;2960;-5920;3048
405800;3048;-6096;2924;2924
405900;-5848;2944;2944;-5888
406000;2908;2908;-5816;2904
406100;2904;-5808;2816;2816
406200;-5632;2828;2828;-5656
406300;2840;2840;-5680;2804
406400;2804;-5608;2772;2772
406500;-5544;2684;2684;-5368
406600;2760;2760;-5520;2724
406700;2724;-5448;2668;2668
406800;-5336;2668;2668;-5336
406900;2680;2680;-5360;2696
407000;2696;-5392;2728;2728
407100;-5456;2604;2604;-5208
407200;2616;2616;-5232;2580
407300;2580;-5160;2668;2668
407400;-5336;2536;2536;-5072
407500;2568;2568;-5136;2608
407600;2608;-5216;2680;2680
407700;-5360;2640;2640;-5280
407800;2716;2716;-5432;2868
407900;2868;-5736;2796;2796
408000;-5592;2872;2872;-5744
408100;2916;2916;-5832;2908
408200;2908;-5816;2960;2960
408300;-5920;3056;3056;-6112
408400;3056;3056;-6112;3072
408500;3072;-6144;3224;3224
408600;-6448;3200;3200;-6400
408700;3224;3224;-6448;3180
408800;3180;-6360;3236;3236
408900;-6472;3248;3248;-6496
409000;3320;3320;-6640;3284
409100;3284;-6568;3304;3304
409200;-6608;3272;3272;-6544
409300;3240;3240;-6480;3672
409400;3672;-7344;3244;3244
409500;-6488;3244;3244;-6488
409600;3336;3336;-6672;3280
409700;3280;-6560;3312;3312
409800;-6624;3340;3340;-6680
409900;3380;3380;-6760;3424
410000;3424;-6848;3516;3516
410100;-7032;3528;3528;-7056
410200;3564;3564;-7128;3620
410300;3620;-7240;3720;3720
410400;-7440;3736;3736;-7472
410500;3780;3780;-7560;3792
410600;3792;-7584;3844;3844
410700;-7688;3972;3972;-7944
410800;3928;3928;-7856;3992
410900;3992;-7984;4048;4048
411000;-8096;4160;4160;-8320
411100;4104;4104;-8208;4160
411200;4160;-8320;4208;4208
411300;-8416;4252;4252;-8504
411400;4240;4240;-8480;4304
411500;4304;-8608;4356;4356
411600;-8712;4360;4360;-8720
411700;4368;4368;-8736;4368
411800;4368;-8736;4408;4408
411900;-8816;4472;4472;-8944
412000;4436;4436;-8872;4524
412100;4524;-9048;4584;4584
412200;-9168;4588;4588;-9176
412300;4632;4632;-9264;4676
412400;4676;-9352;4580;4580
412500;-9160;4708;4708;-9416
412600;4736;4736;-9472;4780
412700;4780;-9560;4816;4816
412800;-9632;4888;4888;-9776
412900;4976;4976;-9952;5016
413000;5016;-10032;5136;5136
413100;-10272;5128;5128;-10256
413200;5176;5176;-10352;5232
413300;5232;-10464;5260;5260
413400;-10520;5328;5328;-10656
413500;5432;5432;-10864;5468
413600;5468;-10936;5484;5484
413700;-10968;5588;5588;-11176
413800;5596;5596;-11192;5672
413900;5672;-11344;5692;5692
414000;-11384;5700;5700;-11400
414100;5780;5780;-11560;5768
414200;5768;-11536;5780;5780
414300;-11560;5792;5792;-11584
414400;5844;5844;-11688;5832
414500;5832;-11664;5856;5856
414600;-11712;5856;5856;-11712
414700;5940;5940;-11880;5908
414800;5908;-11816;5936;5936
414900;-11872;5976;5976;-11952
415000;5968;5968;-11936;6048
415100;6048;-12096;6028;6028
415200;-12056;6096;6096;-12192
415300;6116;6116;-12232;6176
415400;6176;-12352;6244;6244
415500;-12488;6304;6304;-12608
415600;6316;6316;-12632;6336
415700;6336;-12672;6484;6484
415800;-12968;6536;6536;-13072
415900;6512;6512;-13024;6540
416000;6540;-13080;6588;6588
416100;-13176;6636;6636;-13272
416200;6688;6688;-13376;6732
416300;6732;-13464;6820;6820
416400;-13640;6868;6868;-13736
416500;6860;6860;-13720;6964
416600;6964;-13928;7004;7004
416700;-14008;7080;7080;-14160
416800;7120;7120;-14240;7128
416900;7128;-14256;7208;7208
417000;-14416;7204;7204;-14408
417100;7248;7248;-14496;7320
417200;7320;-14640;7352;7352
417300;-14704;7380;7380;-14760
417400;7480;7480;-14960;7460
417500;7460;-14920;7512;7512
417600;-15024;7264;7264;-14528
417700;7324;7324;-14648;7400
417800;7400;-14800;7708;7708
417900;-15416;7444;7444;-14888
418000;7448;7448;-14896;7496
418100;7496;-14992;7496;7496
418200;-14992;7440;7440;-14880
418300;7476;7476;-14952;7408
418400;7408;-14816;7384;7384
418500;-14768;7448;7448;-14896
418600;7364;7364;-14728;7352
418700;7352;-14704;7316;7316
418800;-14632;7264;7264;-14528
418900;7216;7216;-14432;7184
419000;7184;-14368;7152;7152
419100;-14304;7116;7116;-14232
419200;7100;7100;-14200;7096
419300;7096;-14192;7080;7080
419400;-14160;7040;7040;-14080
419500;7008;7008;-14016;6980
419600;6980;-13960;6968;6968
419700;-13936;6904;6904;-13808
419800;6956;6956;-13912;6820
419900;6820;-13640;6836;6836
420000;-13672;6768;6768;-13536
420100;6776;6776;-13552;6692
420200;6692;-13384;6728;6728
420300;-13456;6640;6640;-13280
420400;6604;6604;-13208;6556
420500;6556;-13112;6520;6520
420600;-13040;6476;6476;-12952
420700;6584;6584;-13168;6424
420800;6424;-12848;6348;6348
420900;-12696;6332;6332;-12664
421000;6336;6336;-12672;6264
421100;6264;-12528;6244;6244
421200;-12488;6188;6188;-12376
421300;6208;6208;-12416;6092
421400;6092;-12184;6136;6136
421500;-12272;6096;6096;-12192
421600;5948;5948;-11896;6040
421700;6040;-12080;5976;5976
421800;-11952;6036;6036;-12072
421900;5836;5836;-11672;5852
422000;5852;-11704;5732;5732
422100;-11464;5708;5708;-11416
422200;5736;5736;-11472;5680
422300;5680;-11360;5604;5604
422400;-11208;5624;5624;-11248
422500;5548;5548;-11096;5492
422600;5492;-10984;5460;5460
422700;-10920;5392;5392;-10784
422800;5424;5424;-10848;5272
422900;5272;-10544;5256;5256
423000;-10512;5192;5192;-10384
423100;5176;5176;-10352;5168
423200;5168;-10336;5128;5128
423300;-10256;5064;5064;-10128
423400;5036;5036;-10072;4956
423500;4956;-9912;4960;4960
423600;-9920;4916;4916;-9832
423700;4876;4876;-9752;4880
423800;4880;-9760;4792;4792
423900;-9584;4788;4788;-9576
424000;4748;4748;-9496;4732
424100;4732;-9464;4724;4724
424200;-9448;4832;4832;-9664
424300;4744;4744;-9488;4760
424400;4760;-9520;5200;5200
424500;-10400;4708;4708;-9416
424600;4740;4740;-9480;5280
424700;5280;-10560;4708;4708
424800;-9416;4716;4716;-9432
424900;4608;4608;-9216;4672
425000;4672;-9344;4676;4676
425100;-9352;4760;4760;-9520
425200;4636;4636;-9272;4696
425300;4696;-9392;4636;4636
425400;-9272;5328;5328;-10656
425500;4624;4624;-9248;4576
425600;4576;-9152;4580;4580
425700;-9160;4652;4652;-9304
425800;4560;4560;-9120;4548
425900;4548;-9096;4544;4544
426000;-9088;4536;4536;-9072
426100;4488;4488;-8976;4484
426200;4484;-8968;4364;4364
426300;-8728;4400;4400;-8800
426400;4364;4364;-8728;4352
426500;4352;-8704;4652;4652
426600;-9304;4376;4376;-8752
426700;4336;4336;-8672;4336
426800;4336;-8672;4372;4372
426900;-8744;4300;4300;-8600
427000;4304;4304;-8608;4260
427100;4260;-8520;4320;4320
427200;-8640;4208;4208;-8416
427300;4232;4232;-8464;4168
427400;4168;-8336;4164;4164
427500;-8328;4144;4144;-8288
427600;4148;4148;-8296;4128
427700;4128;-8256;4124;4124
427800;-8248;4048;4048;-8096
427900;4064;4064;-8128;4032
428000;4032;-8064;4028;4028
428100;-8056;3948;3948;-7896
428200;4580;4580;-9160;3940
428300;3940;-7880;3884;3884
428400;-7768;3876;3876;-7752
428500;3872;3872;-7744;3836
428600;3836;-7672;3836;3836
428700;-7672;3776;3776;-7552
428800;4100;4100;-8200;3744
428900;3744;-7488;3740;3740
429000;-7480;3700;3700;-7400
429100;3720;3720;-7440;3704
429200;3704;-7408;3604;3604
429300;-7208;3544;3544;-7088
429400;3532;3532;-7064;3472
429500;3472;-6944;3420;3420
429600;-6840;3436;3436;-6872
429700;3328;3328;-6656;3288
429800;3288;-6576;3248;3248
429900;-6496;3224;3224;-6448
430000;3272;3272;-6544;3092
430100;3092;-6184;3112;3112
430200;-6224;3064;3064;-6128
430300;3032;3032;-6064;3004
430400;3004;-6008;2952;2952
430500;-5904;2856;2856;-5712
430600;2824;2824;-5648;2752
430700;2752;-5504;2720;2720
430800;-5440;2672;2672;-5344
430900;16196;16196;-32392;17972
431000;17972;29592;18044;18044
431100;29448;18648;18648;28240
431200;18636;18636;28264;18612
431300;18612;28312;18428;18428
431400;28680;18620;18620;28296
431500;18472;18472;28592;18468
431600;18468;28600;18384;18384
431700;28768;18280;18280;28976
431800;18300;18300;28936;18168
431900;18168;29200;18232;18232
432000;29072;18228;18228;29080
432100;18188;18188;29160;18068
432200;18068;29400;18088;18088
432300;29360;18040;18040;29456
432400;17960;17960;29616;17504
432500;17504;30528;17864;17864
432600;29808;17860;17860;29816
432700;17800;17800;29936;17752
432800;17752;30032;17808;17808
432900;29920;17660;17660;30216
433000;17628;17628;30280;17552
433100;17552;30432;17536;17536
433200;30464;17632;17632;30272
433300;17492;17492;30552;17508
433400;17508;30520;17492;17492
433500;30552;16776;16776;31984
433600;17348;17348;30840;17308
433700;17308;30920;17292;17292
433800;30952;16824;16824;31888
433900;17196;17196;31144;17168
434000;17168;31200;17108;17108
434100;31320;17192;17192;31152
434200;17032;17032;31472;17024
434300;17024;31488;16944;16944
434400;31648;16996;16996;31544
434500;16844;16844;31848;16860
434600;16860;31816;16916;16916
434700;31704;17276;17276;30984
434800;16896;16896;31744;16988
434900;16988;31560;17000;17000
435000;31536;16964;16964;31608
435100;16968;16968;31600;16992
435200;16992;31552;16952;16952
435300;31632;16964;16964;31608
435400;16992;16992;31552;17124
435500;17124;31288;17076;17076
435600;31384;17076;17076;31384
435700;17032;17032;31472;17024
435800;17024;31488;17124;17124
435900;31288;16992;16992;31552
436000;17092;17092;31352;16864
436100;16864;31808;16980;16980
436200;31576;16964;16964;31608
436300;16880;16880;31776;16800
436400;16800;31936;16752;16752
436500;32032;16684;16684;32168
436600;16632;16632;32272;16556
436700;16556;32424;16508;16508
436800;32520;16380;16380;-32760
436900;16364;16364;-32728;16320
437000;16320;-32640;16204;16204
437100;-32408;16212;16212;-32424
437200;16140;16140;-32280;16068
437300;16068;-32136;16216;16216
437400;-32432;16060;16060;-32120
437500;15960;15960;-31920;16104
437600;16104;-32208;15904;15904
437700;-31808;15880;15880;-31760
437800;15768;15768;-31536;15664
437900;15664;-31328;15668;15668
438000;-31336;15548;15548;-31096
438100;15592;15592;-31184;15480
438200;15480;-30960;15544;15544
438300;-31088;15424;15424;-30848
438400;15400;15400;-30800;15344
438500;15344;-30688;15392;15392
438600;-30784;15252;15252;-30504
438700;15264;15264;-30528;15260
438800;15260;-30520;15188;15188
438900;-30376;15236;15236;-30472
439000;15240;15240;-30480;15252
439100;15252;-30504;15348;15348
439200;-30696;15324;15324;-30648
439300;15360;15360;-30720;15312
439400;15312;-30624;15372;15372
439500;-30744;15392;15392;-30784
439600;15416;15416;-30832;15448
439700;15448;-30896;15448;15448
439800;-30896;15620;15620;-31240
439900;15500;15500;-31000;15604
440000;15604;-31208;15508;15508
440100;-31016;15588;15588;-31176
440200;15576;15576;-31152;15668
440300;15668;-31336;15652;15652
440400;-31304;15760;15760;-31520
440500;15628;15628;-31256;15680
440600;15680;-31360;15696;15696
440700;-31392;15732;15732;-31464
440800;15672;15672;-31344;15700
440900;15700;-31400;15812;15812
441000;-31624;15644;15644;-31288
441100;15696;15696;-31392;15628
441200;15628;-31256;15672;15672
441300;-31344;15608;15608;-31216
441400;15628;15628;-31256;15696
441500;15696;-31392;15732;15732
441600;-31464;15688;15688;-31376
441700;15500;15500;-31000;15736
441800;15736;-31472;15616;15616
441900;-31232;15612;15612;-31224
442000;15660;15660;-31320;15616
442100;15616;-31232;15696;15696
442200;-31392;15564;15564;-31128
442300;15600;15600;-31200;15612
442400;15612;-31224;15668;15668
442500;-31336;15712;15712;-31424
442600;15584;15584;-31168;15572
442700;15572;-31144;15572;15572
442800;-31144;15460;15460;-30920
442900;15560;15560;-31120;15648
443000;15648;-31296;15584;15584
443100;-31168;15556;15556;-31112
443200;15572;15572;-31144;15560
443300;15560;-31120;15556;15556
443400;-31112;15556;15556;-31112
443500;15600;15600;-31200;15936
443600;15936;-31872;15476;15476
443700;-30952;15560;15560;-31120
443800;15512;15512;-31024;14976
443900;14976;-29952;15576;15576
444000;-31152;15448;15448;-30896
444100;15500;15500;-31000;-8368
444200;-8368;16736;-5944;-5944
444300;11888;-5900;-5900;11800
444400;-5876;-5876;11752;-6188
444500;-6188;12376;-5812;-5812
444600;11624;-5848;-5848;11696
444700;-5844;-5844;11688;-5836
444800;-5836;11672;-5792;-5792
444900;11584;-5812;-5812;11624
445000;-5792;-5792;11584;-5812
445100;-5812;11624;-5772;-5772
445200;11544;-5836;-5836;11672
445300;-5764;-5764;11528;-5792
445400;-5792;11584;-5796;-5796
445500;11592;-5772;-5772;11544
445600;-5832;-5832;11664;-5740
445700;-5740;11480;-5764;-5764
445800;11528;-5800;-5800;11600
445900;-5800;-5800;11600;-5688
446000;-5688;11376;-5780;-5780
446100;11560;-5780;-5780;11560
446200;-5772;-5772;11544;-5844
446300;-5844;11688;-5784;-5784
446400;11568;-5772;-5772;11544
446500;-5788;-5788;11576;-5804
446600;-5804;11608;-5844;-5844
446700;11688;-5776;-5776;11552
446800;-5760;-5760;11520;-5812
446900;-5812;11624;-5788;-5788
447000;11576;-5732;-5732;11464
447100;-5776;-5776;11552;-5844
447200;-5844;11688;-5836;-5836
447300;11672;-5864;-5864;11728
447400;-5848;-5848;11696;-5836
447500;-5836;11672;-5860;-5860
447600;11720;-5912;-5912;11824
447700;-5904;-5904;11808;-5868
447800;-5868;11736;-5944;-5944
447900;11888;-5988;-5988;11976
448000;-6000;-6000;12000;-6352
448100;-6352;12704;-5996;-5996
448200;11992;-6072;-6072;12144
448300;-6084;-6084;12168;-6156
448400;-6156;12312;-6108;-6108
448500;12216;-6204;-6204;12408
448600;-6276;-6276;12552;-6256
448700;-6256;12512;-6352;-6352
448800;12704;-6400;-6400;12800
448900;-6432;-6432;12864;-6488
449000;-6488;12976;-6540;-6540
449100;13080;-6512;-6512;13024
449200;-6564;-6564;13128;-6572
449300;-6572;13144;-6548;-6548
449400;13096;-6592;-6592;13184
449500;-6632;-6632;13264;-6680
449600;-6680;13360;-6692;-6692
449700;13384;-6768;-6768;13536
449800;-6752;-6752;13504;-6752
449900;-6752;13504;-6852;-6852
450000;13704;-6908;-6908;13816
450100;-6892;-6892;13784;-6932
450200;-6932;13864;-6984;-6984
450300;13968;-6940;-6940;13880
450400;-7012;-7012;14024;-7036
450500;-7036;14072;-7064;-7064
450600;14128;-7072;-7072;14144
450700;-7088;-7088;14176;-7152
450800;-7152;14304;-7172;-7172
450900;14344;-7172;-7172;14344
451000;-7248;-7248;14496;-7764
451100;-7764;15528;-7260;-7260
451200;14520;-7352;-7352;14704
451300;-7336;-7336;14672;-7320
451400;-7320;14640;-7340;-7340
451500;14680;-7380;-7380;14760
451600;-7344;-7344;14688;-7396
451700;-7396;14792;-7376;-7376
451800;14752;-7432;-7432;14864
451900;-7512;-7512;15024;-7492
452000;-7492;14984;-7572;-7572
452100;15144;-7672;-7672;15344
452200;-7712;-7712;15424;-7732
452300;-7732;15464;-7796;-7796
452400;15592;-7872;-7872;15744
452500;-8008;-8008;16016;-8096
452600;-8096;16192;-8172;-8172
452700;16344;-8164;-8164;16328
452800;-8320;-8320;16640;-8348
452900;-8348;16696;-8488;-8488
453000;16976;-8548;-8548;17096
453100;-8668;-8668;17336;-8708
453200;-8708;17416;-8764;-8764
453300;17528;-8892;-8892;17784
453400;-8872;-8872;17744;-8956
453500;-8956;17912;-8980;-8980
453600;17960;-9040;-9040;18080
453700;-9088;-9088;18176;-9152
453800;-9152;18304;-9240;-9240
453900;18480;-9296;-9296;18592
454000;-9396;-9396;18792;-9316
454100;-9316;18632;-9344;-9344
454200;18688;-9400;-9400;18800
454300;-9276;-9276;18552;-9288
454400;-9288;18576;-9172;-9172
454500;18344;-9144;-9144;18288
454600;-9184;-9184;18368;-9144
454700;-9144;18288;-9112;-9112
454800;18224;-9184;-9184;18368
454900;-9008;-9008;18016;-9064
455000;-9064;18128;-9020;-9020
455100;18040;-9044;-9044;18088
455200;-9064;-9064;18128;-9080
455300;-9080;18160;-9072;-9072
455400;18144;-9112;-9112;18224
455500;-9124;-9124;18248;-9172
455600;-9172;18344;-9200;-9200
455700;18400;-9220;-9220;18440
455800;-9276;-9276;18552;-9352
455900;-9352;18704;-9368;-9368
456000;18736;-9488;-9488;18976
456100;-9388;-9388;18776;-9496
456200;-9496;18992;-9528;-9528
456300;19056;-9572;-9572;19144
456400;-9592;-9592;19184;-9656
456500;-9656;19312;-9704;-9704
456600;19408;-9676;-9676;19352
456700;-9780;-9780;19560;-9832
456800;-9832;19664;-9848;-9848
456900;19696;-9892;-9892;19784
457000;-9888;-9888;19776;-9856
457100;-9856;19712;-10004;-10004
457200;20008;-9924;-9924;19848
457300;-9940;-9940;19880;-10016
457400;-10016;20032;-10056;-10056
457500;20112;-14876;-14876;29752
457600;-13400;-13400;26800;-13668
457700;-13668;27336;-13884;-13884
457800;27768;-13968;-13968;27936
457900;-13988;-13988;27976;-13988
458000;-13988;27976;-14048;-14048
458100;28096;-14056;-14056;28112
458200;-14012;-14012;28024;-13988
458300;-13988;27976;-14000;-14000
458400;28000;-13992;-13992;27984
458500;-13960;-13960;27920;-13956
458600;-13956;27912;-13912;-13912
458700;27824;-13852;-13852;27704
458800;-13932;-13932;27864;-13820
458900;-13820;27640;-13864;-13864
459000;27728;-13844;-13844;27688
459100;-13796;-13796;27592;-13788
459200;-13788;27576;-13708;-13708
459300;27416;-13704;-13704;27408
459400;-13724;-13724;27448;-13680
459500;-13680;27360;-13676;-13676
459600;27352;-13652;-13652;27304
459700;-13580;-13580;27160;-13568
459800;-13568;27136;-13568;-13568
459900;27136;-13504;-13504;27008
460000;-13456;-13456;26912;-13484
460100;-13484;26968;-13364;-13364
460200;26728;-13380;-13380;26760
460300;-13308;-13308;26616;-13272
460400;-13272;26544;-13256;-13256
460500;26512;-13236;-13236;26472
460600;-13192;-13192;26384;-13140
460700;-13140;26280;-13132;-13132
460800;26264;-13096;-13096;26192
460900;-13100;-13100;26200;-13048
461000;-13048;26096;-12932;-12932
461100;25864;-12968;-12968;25936
461200;-12932;-12932;25864;-12928
461300;-12928;25856;-12824;-12824
461400;25648;-12800;-12800;25600
461500;-12824;-12824;25648;-12788
461600;-12788;25576;-12672;-12672
461700;25344;-12684;-12684;25368
461800;-12680;-12680;25360;-12584
461900;-12584;25168;-12524;-12524
462000;25048;-12508;-12508;25016
462100;-12428;-12428;24856;-12384
462200;-12384;24768;-12316;-12316
462300;24632;-12308;-12308;24616
462400;-12276;-12276;24552;-12244
462500;-12244;24488;-12228;-12228
462600;24456;-12208;-12208;24416
462700;-12144;-12144;24288;-12128
462800;-12128;24256;-12128;-12128
462900;24256;-12152;-12152;24304
463000;-12116;-12116;24232;-12072
463100;-12072;24144;-12056;-12056
463200;24112;-12040;-12040;24080
463300;-11996;-11996;23992;-12040
463400;-12040;24080;-12000;-12000
463500;24000;-11992;-11992;23984
463600;-11996;-11996;23992;-12024
463700;-12024;24048;-12000;-12000
463800;24000;-11960;-11960;23920
463900;-11996;-11996;23992;-12072
464000;-12072;24144;-12264;-12264
464100;24528;-12008;-12008;24016
464200;-12032;-12032;24064;-12000
464300;-12000;24000;-11960;-11960
464400;23920;-11984;-11984;23968
464500;-12016;-12016;24032;-12064
464600;-12064;24128;-11952;-11952
464700;23904;-12016;-12016;24032
464800;-12048;-12048;24096;-11992
464900;-11992;23984;-12000;-12000
465000;24000;-12052;-12052;24104
465100;-12000;-12000;24000;-12004
465200;-12004;24008;-12004;-12004
465300;24008;-11964;-11964;23928
465400;-12004;-12004;24008;-12028
465500;-12028;24056;-12004;-12004
465600;24008;-11996;-11996;23992
465700;-12052;-12052;24104;-12028
465800;-12028;24056;-11984;-11984
465900;23968;-11972;-11972;23944
466000;-12012;-12012;24024;-11988
466100;-11988;23976;-11988;-11988
466200;23976;-12044;-12044;24088
466300;-11992;-11992;23984;-11892
466400;-11892;23784;-11884;-11884
466500;23768;-11900;-11900;23800
466600;-11884;-11884;23768;-11880
466700;-11880;23760;-11908;-11908
466800;23816;-11856;-11856;23712
466900;-11864;-11864;23728;-11852
467000;-11852;23704;-11880;-11880
467100;23760;-11840;-11840;23680
467200;-11772;-11772;23544;-11808
467300;-11808;23616;-11800;-11800
467400;23600;-12116;-12116;24232
467500;-11724;-11724;23448;-11756
467600;-11756;23512;-11812;-11812
467700;23624;-11668;-11668;23336
467800;-11720;-11720;23440;-11700
467900;-11700;23400;-11644;-11644
468000;23288;-11636;-11636;23272
468100;-11660;-11660;23320;-11636
468200;-11636;23272;-11564;-11564
468300;23128;-11592;-11592;23184
468400;-11568;-11568;23136;-11472
468500;-11472;22944;-11408;-11408
468600;22816;-11464;-11464;22928
468700;-11380;-11380;22760;-11360
468800;-11360;22720;-11264;-11264
468900;22528;-11244;-11244;22488
469000;-11224;-11224;22448;-11180
469100;-11180;22360;-11120;-11120
469200;22240;-11088;-11088;22176
469300;-11108;-11108;22216;-11040
469400;-11040;22080;-11016;-11016
469500;22032;-10944;-10944;21888
469600;-10964;-10964;21928;-10896
469700;-10896;21792;-10868;-10868
469800;21736;-10876;-10876;21752
469900;-10744;-10744;21488;-10744
470000;-10744;21488;-10696;-10696
470100;21392;-10648;-10648;21296
470200;-10532;-10532;21064;-10492
470300;-10492;20984;-10504;-10504
470400;21008;-10416;-10416;20832
470500;-10368;-10368;20736;-10268
470600;-10268;20536;-10252;-10252
470700;20504;-10256;-10256;20512
470800;-10184;-10184;20368;-10128
470900;-10128;20256;7724;7724
471000;-15448;6812;6812;-13624
471100;6304;6304;-12608;6108
471200;6108;-12216;6000;6000
471300;-12000;6044;6044;-12088
471400;5896;5896;-11792;5984
471500;5984;-11968;6016;6016
471600;-12032;6084;6084;-12168
471700;6188;6188;-12376;6104
471800;6104;-12208;6208;6208
471900;-12416;6244;6244;-12488
472000;6340;6340;-12680;6304
472100;6304;-12608;6388;6388
472200;-12776;6448;6448;-12896
472300;6548;6548;-13096;6584
472400;6584;-13168;6668;6668
472500;-13336;6624;6624;-13248
472600;6724;6724;-13448;6848
472700;6848;-13696;6952;6952
472800;-13904;6960;6960;-13920
472900;6912;6912;-13824;7108
473000;7108;-14216;7068;7068
473100;-14136;7124;7124;-14248
473200;7184;7184;-14368;7288
473300;7288;-14576;7256;7256
473400;-14512;7424;7424;-14848
473500;7448;7448;-14896;7564
473600;7564;-15128;7560;7560
473700;-15120;7672;7672;-15344
473800;7688;7688;-15376;7740
473900;7740;-15480;7832;7832
474000;-15664;7864;7864;-15728
474100;7856;7856;-15712;8040
474200;8040;-16080;8100;8100
474300;-16200;8228;8228;-16456
474400;8252;8252;-16504;8280
474500;8280;-16560;8404;8404
474600;-16808;8460;8460;-16920
474700;8508;8508;-17016;8684
474800;8684;-17368;8636;8636
474900;-17272;8700;8700;-17400
475000;8704;8704;-17408;8800
475100;8800;-17600;8860;8860
475200;-17720;8824;8824;-17648
475300;8816;8816;-17632;8860
475400;8860;-17720;8796;8796
475500;-17592;8916;8916;-17832
475600;8760;8760;-17520;8900
475700;8900;-17800;8776;8776
475800;-17552;8852;8852;-17704
475900;8772;8772;-17544;8996
476000;8996;-17992;8852;8852
476100;-17704;8912;8912;-17824
476200;8896;8896;-17792;8884
476300;8884;-17768;8908;8908
476400;-17816;8896;8896;-17792
476500;8884;8884;-17768;8840
476600;8840;-17680;8868;8868
476700;-17736;8924;8924;-17848
476800;8976;8976;-17952;8912
476900;8912;-17824;8920;8920
477000;-17840;8852;8852;-17704
477100;8932;8932;-17864;8840
477200;8840;-17680;8896;8896
477300;-17792;8876;8876;-17752
477400;8900;8900;-17800;8404
477500;8404;-16808;8876;8876
477600;-17752;8876;8876;-17752
477700;8892;8892;-17784;8908
477800;8908;-17816;8912;8912
477900;-17824;8896;8896;-17792
478000;9012;9012;-18024;8880
478100;8880;-17760;8912;8912
478200;-17824;8856;8856;-17712
478300;9052;9052;-18104;8908
478400;8908;-17816;8924;8924
478500;-17848;8920;8920;-17840
478600;8928;8928;-17856;8996
478700;8996;-17992;8956;8956
478800;-17912;8964;8964;-17928
478900;8988;8988;-17976;9032
479000;9032;-18064;8988;8988
479100;-17976;9060;9060;-18120
479200;9072;9072;-18144;9104
479300;9104;-18208;9128;9128
479400;-18256;9184;9184;-18368
479500;9180;9180;-18360;9272
479600;9272;-18544;9380;9380
479700;-18760;9372;9372;-18744
479800;9440;9440;-18880;9576
479900;9576;-19152;9508;9508
480000;-19016;9584;9584;-19168
480100;9660;9660;-19320;9724
480200;9724;-19448;9788;9788
480300;-19576;9776;9776;-19552
480400;9888;9888;-19776;9856
480500;9856;-19712;9904;9904
480600;-19808;9988;9988;-19976
480700;10020;10020;-20040;10064
480800;10064;-20128;10084;10084
480900;-20168;10164;10164;-20328
481000;10160;10160;-20320;10224
481100;10224;-20448;10324;10324
481200;-20648;10336;10336;-20672
481300;10408;10408;-20816;10484
481400;10484;-20968;10416;10416
481500;-20832;10820;10820;-21640
481600;10516;10516;-21032;10596
481700;10596;-21192;10680;10680
481800;-21360;10704;10704;-21408
481900;10756;10756;-21512;10848
482000;10848;-21696;10788;10788
482100;-21576;10824;10824;-21648
482200;10920;10920;-21840;10968
482300;10968;-21936;10964;10964
482400;-21928;11008;11008;-22016
482500;11112;11112;-22224;11036
482600;11036;-22072;11136;11136
482700;-22272;11164;11164;-22328
482800;11212;11212;-22424;11268
482900;11268;-22536;11372;11372
483000;-22744;11428;11428;-22856
483100;11400;11400;-22800;11540
483200;11540;-23080;11588;11588
483300;-23176;11644;11644;-23288
483400;11696;11696;-23392;11744
483500;11744;-23488;11844;11844
483600;-23688;11872;11872;-23744
483700;11824;11824;-23648;11960
483800;11960;-23920;11964;11964
483900;-23928;12044;12044;-24088
484000;12056;12056;-24112;12172
484100;12172;-24344;12140;12140
484200;-24280;12228;12228;-24456
484300;12272;12272;-24544;7464
484400;7464;-14928;2900;2900
484500;-5800;2864;2864;-5728
484600;2920;2920;-5840;2920
484700;2920;-5840;2908;2908
484800;-5816;2908;2908;-5816
484900;2956;2956;-5912;2876
485000;2876;-5752;2944;2944
485100;-5888;2936;2936;-5872
485200;2928;2928;-5856;3024
485300;3024;-6048;2928;2928
485400;-5856;2932;2932;-5864
485500;2956;2956;-5912;2928
485600;2928;-5856;2932;2932
485700;-5864;2964;2964;-5928
485800;2968;2968;-5936;2980
485900;2980;-5960;2984;2984
486000;-5968;2956;2956;-5912
486100;2952;2952;-5904;2920
486200;2920;-5840;2888;2888
486300;-5776;2904;2904;-5808
486400;2856;2856;-5712;2784
486500;2784;-5568;2788;2788
486600;-5576;2788;2788;-5576
486700;2708;2708;-5416;2824
486800;2824;-5648;2728;2728
486900;-5456;2668;2668;-5336
487000;2696;2696;-5392;2644
487100;2644;-5288;2636;2636
487200;-5272;2648;2648;-5296
487300;2596;2596;-5192;2624
487400;2624;-5248;2600;2600
487500;-5200;2516;2516;-5032
487600;2524;2524;-5048;2580
487700;2580;-5160;2632;2632
487800;-5264;2576;2576;-5152
487900;2696;2696;-5392;2716
488000;2716;-5432;2800;2800
488100;-5600;2780;2780;-5560
488200;2864;2864;-5728;2892
488300;2892;-5784;2864;2864
488400;-5728;2944;2944;-5888
488500;3008;3008;-6016;3036
488600;3036;-6072;3068;3068
488700;-6136;3580;3580;-7160
488800;3156;3156;-6312;3248
488900;3248;-6496;3244;3244
489000;-6488;3248;3248;-6496
489100;3268;3268;-6536;3228
489200;3228;-6456;3216;3216
489300;-6432;3196;3196;-6392
489400;3232;3232;-6464;3212
489500;3212;-6424;3244;3244
489600;-6488;3320;3320;-6640
489700;3228;3228;-6456;3268
489800;3268;-6536;3300;3300
489900;-6600;3288;3288;-6576
490000;3352;3352;-6704;3384
490100;3384;-6768;3444;3444
490200;-6888;3456;3456;-6912
490300;3528;3528;-7056;3568
490400;3568;-7136;3656;3656
490500;-7312;3644;3644;-7288
490600;3708;3708;-7416;3776
490700;3776;-7552;3792;3792
490800;-7584;3836;3836;-7672
490900;3956;3956;-7912;3964
491000;3964;-7928;4072;4072
491100;-8144;4016;4016;-8032
491200;4032;4032;-8064;4084
491300;4084;-8168;4156;4156
491400;-8312;4264;4264;-8528
491500;4224;4224;-8448;4220
491600;4220;-8440;4324;4324
491700;-8648;4580;4580;-9160
491800;4336;4336;-8672;4348
491900;4348;-8696;4436;4436
492000;-8872;4436;4436;-8872
492100;4500;4500;-9000;4572
492200;4572;-9144;4520;4520
492300;-9040;4564;4564;-9128
492400;4660;4660;-9320;4612
492500;4612;-9224;4648;4648
492600;-9296;4700;4700;-9400
492700;4672;4672;-9344;4720
492800;4720;-9440;4832;4832
492900;-9664;4820;4820;-9640
493000;4896;4896;-9792;4952
493100;4952;-9904;5012;5012
493200;-10024;5112;5112;-10224
493300;5104;5104;-10208;5176
493400;5176;-10352;5272;5272
493500;-10544;5316;5316;-10632
493600;5324;5324;-10648;5428
493700;5428;-10856;5456;5456
493800;-10912;5488;5488;-10976
493900;5584;5584;-11168;5596
494000;5596;-11192;5596;5596
494100;-11192;5716;5716;-11432
494200;5736;5736;-11472;5764
494300;5764;-11528;5764;5764
494400;-11528;5880;5880;-11760
494500;5796;5796;-11592;5836
494600;5836;-11672;5852;5852
494700;-11704;5868;5868;-11736
494800;5884;5884;-11768;5908
494900;5908;-11816;5908;5908
495000;-11816;5940;5940;-11880
495100;5968;5968;-11936;6024
495200;6024;-12048;6052;6052
495300;-12104;6028;6028;-12056
495400;6100;6100;-12200;6152
495500;6152;-12304;6140;6140
495600;-12280;6248;6248;-12496
495700;6316;6316;-12632;6884
495800;6884;-13768;6380;6380
495900;-12760;6464;6464;-12928
496000;6552;6552;-13104;6520
496100;6520;-13040;6588;6588
496200;-13176;6656;6656;-13312
496300;6556;6556;-13112;6672
496400;6672;-13344;6732;6732
496500;-13464;6792;6792;-13584
496600;6872;6872;-13744;6908
496700;6908;-13816;6968;6968
496800;-13936;7060;7060;-14120
496900;7060;7060;-14120;7100
497000;7100;-14200;7152;7152
497100;-14304;7140;7140;-14280
497200;7256;7256;-14512;7252
497300;7252;-14504;7268;7268
497400;-14536;7368;7368;-14736
497500;7368;7368;-14736;7412
497600;7412;-14824;7440;7440
497700;-14880;7508;7508;-15016
497800;7332;7332;-14664;7776
497900;7776;-15552;7416;7416
498000;-14832;7420;7420;-14840
498100;7464;7464;-14928;7464
498200;7464;-14928;7496;7496
498300;-14992;7488;7488;-14976
498400;7452;7452;-14904;7464
498500;7464;-14928;7424;7424
498600;-14848;7524;7524;-15048
498700;7344;7344;-14688;7360
498800;7360;-14720;7332;7332
498900;-14664;7336;7336;-14672
499000;7380;7380;-14760;7232
499100;7232;-14464;7172;7172
499200;-14344;7148;7148;-14296
499300;7156;7156;-14312;7112
499400;7112;-14224;7604;7604
499500;-15208;7076;7076;-14152
499600;7028;7028;-14056;6980
499700;6980;-13960;6980;6980
499800;-13960;7016;7016;-14032
499900;6896;6896;-13792;6900
500000;6900;-13800;6848;6848
500100;-13696;6820;6820;-13640
500200;6776;6776;-13552;7056
500300;7056;-14112;6656;6656
500400;-13312;6664;6664;-13328
500500;6588;6588;-13176;6592
500600;6592;-13184;6576;6576
500700;-13152;6552;6552;-13104
500800;7168;7168;-14336;6480
500900;6480;-12960;6424;6424
501000;-12848;6456;6456;-12912
501100;6344;6344;-12688;6292
501200;6292;-12584;6252;6252
501300;-12504;6228;6228;-12456
501400;6172;6172;-12344;6152
501500;6152;-12304;6104;6104
501600;-12208;6084;6084;-12168
501700;6072;6072;-12144;6076
501800;6076;-12152;6036;6036
501900;-12072;5972;5972;-11944
502000;5944;5944;-11888;5888
502100;5888;-11776;5772;5772
502200;-11544;5776;5776;-11552
502300;5844;5844;-11688;5704
502400;5704;-11408;5680;5680
502500;-11360;5600;5600;-11200
502600;5552;5552;-11104;5548
502700;5548;-11096;5492;5492
502800;-10984;5480;5480;-10960
502900;5428;5428;-10856;6016
503000;6016;-12032;5296;5296
503100;-10592;5264;5264;-10528
503200;5168;5168;-10336;5144
503300;5144;-10288;5100;5100
503400;-10200;5124;5124;-10248
503500;5060;5060;-10120;4992
503600;4992;-9984;5000;5000
503700;-10000;4944;4944;-9888
503800;4880;4880;-9760;4844
503900;4844;-9688;4796;4796
504000;-9592;4788;4788;-9576
504100;4800;4800;-9600;4720
504200;4720;-9440;4768;4768
504300;-9536;4716;4716;-9432
504400;4692;4692;-9384;4716
504500;4716;-9432;4708;4708
504600;-9416;4752;4752;-9504
504700;4716;4716;-9432;4736
504800;4736;-9472;4716;4716
504900;-9432;4796;4796;-9592
505000;4692;4692;-9384;4676
505100;4676;-9352;4652;4652
505200;-9304;4636;4636;-9272
505300;4636;4636;-9272;4656
505400;4656;-9312;4628;4628
505500;-9256;4676;4676;-9352
505600;4620;4620;-9240;4624
505700;4624;-9248;4664;4664
505800;-9328;4628;4628;-9256
505900;4580;4580;-9160;4568
506000;4568;-9136;4556;4556
506100;-9112;4516;4516;-9032
506200;4488;4488;-8976;4476
506300;4476;-8952;4408;4408
506400;-8816;4408;4408;-8816
506500;4400;4400;-8800;4348
506600;4348;-8696;4320;4320
506700;-8640;4388;4388;-8776
506800;4372;4372;-8744;4320
506900;4320;-8640;4300;4300
507000;-8600;4356;4356;-8712
507100;4268;4268;-8536;4288
507200;4288;-8576;4220;4220
507300;-8440;4236;4236;-8472
507400;4280;4280;-8560;4264
507500;4264;-8528;4188;4188
507600;-8376;4172;4172;-8344
507700;4152;4152;-8304;4444
507800;4444;-8888;4092;4092
507900;-8184;4088;4088;-8176
508000;4048;4048;-8096;4056
508100;4056;-8112;4016;4016
508200;-8032;4028;4028;-8056
508300;3960;3960;-7920;3956
508400;3956;-7912;3980;3980
508500;-7960;3852;3852;-7704
508600;3880;3880;-7760;3852
508700;3852;-7704;3708;3708
508800;-7416;3760;3760;-7520
508900;3816;3816;-7632;3816
509000;3816;-7632;3828;3828
509100;-7656;3700;3700;-7400
509200;3684;3684;-7368;3660
509300;3660;-7320;3676;3676
509400;-7352;3568;3568;-7136
509500;3544;3544;-7088;3472
509600;3472;-6944;3412;3412
509700;-6824;3400;3400;-6800
509800;3376;3376;-6752;3308
509900;3308;-6616;3268;3268
510000;-6536;3300;3300;-6600
510100;3208;3208;-6416;3160
510200;3160;-6320;3072;3072
510300;-6144;3088;3088;-6176
510400;3028;3028;-6056;2940
510500;2940;-5880;3008;3008
510600;-6016;2888;2888;-5776
510700;2884;2884;-5768;2800
510800;2800;-5600;2768;2768
510900;-5536;2708;2708;-5416
511000;2788;2788;-5576;16032
511100;16032;-32064;17920;17920
511200;29696;18488;18488;28560
511300;18604;18604;28328;18372
511400;18372;28792;18612;18612
511500;28312;18520;18520;28496
511600;18536;18536;28464;18372
511700;18372;28792;18672;18672
511800;28192;18356;18356;28824
511900;18344;18344;28848;18248
512000;18248;29040;18216;18216
512100;29104;18108;18108;29320
512200;18168;18168;29200;18104
512300;18104;29328;17632;17632
512400;30272;18072;18072;29392
512500;18020;18020;29496;17980
512600;17980;29576;17940;17940
512700;29656;17884;17884;29768
512800;17820;17820;29896;17800
512900;17800;29936;17716;17716
513000;30104;17700;17700;30136
513100;17564;17564;30408;17652
513200;17652;30232;17584;17584
513300;30368;17592;17592;30352
513400;17540;17540;30456;17496
513500;17496;30544;17468;17468
513600;30600;17340;17340;30856
513700;17340;17340;30856;17288
513800;17288;30960;17260;17260
513900;31016;17284;17284;30968
514000;17192;17192;31152;17144
514100;17144;31248;17180;17180
514200;31176;17124;17124;31288
514300;17092;17092;31352;16796
514400;16796;31944;17080;17080
514500;31376;16928;16928;31680
514600;16924;16924;31688;16884
514700;16884;31768;16844;16844
514800;31848;16920;16920;31696
514900;16972;16972;31592;16872
515000;16872;31792;16880;16880
515100;31776;16964;16964;31608
515200;16972;16972;31592;16848
515300;16848;31840;17004;17004
515400;31528;16964;16964;31608
515500;16952;16952;31632;16996
515600;16996;31544;17032;17032
515700;31472;17004;17004;31528
515800;17056;17056;31424;17072
515900;17072;31392;17020;17020
516000;31496;16988;16988;31560
516100;17064;17064;31408;17068
516200;17068;31400;17024;17024
516300;31488;16904;16904;31728
516400;16968;16968;31600;16876
516500;16876;31784;16828;16828
516600;31880;16776;16776;31984
516700;16668;16668;32200;17036
516800;17036;31464;16556;16556
516900;32424;16512;16512;32512
517000;16500;16500;32536;16460
517100;16460;32616;16312;16312
517200;-32624;16272;16272;-32544
517300;16196;16196;-32392;16240
517400;16240;-32480;16100;16100
517500;-32200;16036;16036;-32072
517600;15984;15984;-31968;16044
517700;16044;-32088;15924;15924
517800;-31848;15908;15908;-31816
517900;15844;15844;-31688;15816
518000;15816;-31632;16044;16044
518100;-32088;15696;15696;-31392
518200;15684;15684;-31368;15684
518300;15684;-31368;15568;15568
518400;-31136;15492;15492;-30984
518500;15440;15440;-30880;15392
518600;15392;-30784;15340;15340
518700;-30680;15280;15280;-30560
518800;15296;15296;-30592;15304
518900;15304;-30608;15256;15256
519000;-30512;15228;15228;-30456
519100;15180;15180;-30360;15212
519200;15212;-30424;15280;15280
519300;-30560;15268;15268;-30536
519400;15312;15312;-30624;15364
519500;15364;-30728;15312;15312
519600;-30624;15416;15416;-30832
519700;15420;15420;-30840;15400
519800;15400;-30800;15424;15424
519900;-30848;15492;15492;-30984
520000;15424;15424;-30848;15680
520100;15680;-31360;15524;15524
520200;-31048;15608;15608;-31216
520300;15508;15508;-31016;15616
520400;15616;-31232;15644;15644
520500;-31288;15644;15644;-31288
520600;15696;15696;-31392;15736
520700;15736;-31472;15696;15696
520800;-31392;15712;15712;-31424
520900;15704;15704;-31408;15616
521000;15616;-31232;15688;15688
521100;-31376;15660;15660;-31320
521200;15780;15780;-31560;15680
521300;15680;-31360;15700;15700
521400;-31400;15788;15788;-31576
521500;15676;15676;-31352;15660
521600;15660;-31320;15604;15604
521700;-31208;15756;15756;-31512
521800;15664;15664;-31328;15624
521900;15624;-31248;15748;15748
522000;-31496;15636;15636;-31272
522100;15652;15652;-31304;15692
522200;15692;-31384;15552;15552
522300;-31104;15596;15596;-31192
522400;15656;15656;-31312;15660
522500;15660;-31320;15680;15680
522600;-31360;15564;15564;-31128
522700;15628;15628;-31256;15580
522800;15580;-31160;15704;15704
522900;-31408;15636;15636;-31272
523000;15572;15572;-31144;15616
523100;15616;-31232;15624;15624
523200;-31248;15648;15648;-31296
523300;15556;15556;-31112;15576
523400;15576;-31152;15576;15576
523500;-31152;15556;15556;-31112
523600;15536;15536;-31072;15564
523700;15564;-31128;15564;15564
523800;-31128;15364;15364;-30728
523900;15544;15544;-31088;15548
524000;15548;-31096;15508;15508
524100;-31016;15512;15512;-31024
524200;15524;15524;-31048;15540
524300;15540;-31080;-8408;-8408
524400;16816;-5912;-5912;11824
524500;-5828;-5828;11656;-5848
524600;-5848;11696;-5884;-5884
524700;11768;-5780;-5780;11560
524800;-5808;-5808;11616;-5824
524900;-5824;11648;-5836;-5836
525000;11672;-5740;-5740;11480
525100;-5800;-5800;11600;-5788
525200;-5788;11576;-5780;-5780
525300;11560;-6248;-6248;12496
525400;-5748;-5748;11496;-5832
525500;-5832;11664;-5772;-5772
525600;11544;-5872;-5872;11744
525700;-5760;-5760;11520;-5756
525800;-5756;11512;-5772;-5772
525900;11544;-5708;-5708;11416
526000;-5776;-5776;11552;-5788
526100;-5788;11576;-5740;-5740
526200;11480;-5756;-5756;11512
526300;-5776;-5776;11552;-5760
526400;-5760;11520;-5748;-5748
526500;11496;-5776;-5776;11552
526600;-5784;-5784;11568;-5832
526700;-5832;11664;-5760;-5760
526800;11520;-5788;-5788;11576
526900;-5808;-5808;11616;-5808
527000;-5808;11616;-5792;-5792
527100;11584;-5888;-5888;11776
527200;-5772;-5772;11544;-5816
527300;-5816;11632;-5840;-5840
527400;11680;-5852;-5852;11704
527500;-5824;-5824;11648;-5748
527600;-5748;11496;-5844;-5844
527700;11688;-5860;-5860;11720
527800;-5880;-5880;11760;-5880
527900;-5880;11760;-5772;-5772
528000;11544;-5868;-5868;11736
528100;-5940;-5940;11880;-5984
528200;-5984;11968;-6020;-6020
528300;12040;-6020;-6020;12040
528400;-6056;-6056;12112;-6076
528500;-6076;12152;-6108;-6108
528600;12216;-6200;-6200;12400
528700;-6228;-6228;12456;-6296
528800;-6296;12592;-6356;-6356
528900;12712;-6392;-6392;12784
529000;-6388;-6388;12776;-6424
529100;-6424;12848;-6416;-6416
529200;12832;-6524;-6524;13048
529300;-6548;-6548;13096;-7020
529400;-7020;14040;-6596;-6596
529500;13192;-6572;-6572;13144
529600;-6664;-6664;13328;-6648
529700;-6648;13296;-6644;-6644
529800;13288;-6732;-6732;13464
529900;-6748;-6748;13496;-6824
530000;-6824;13648;-6856;-6856
530100;13712;-6824;-6824;13648
530200;-6856;-6856;13712;-6888
530300;-6888;13776;-6936;-6936
530400;13872;-6960;-6960;13920
530500;-6936;-6936;13872;-6928
530600;-6928;13856;-7012;-7012
530700;14024;-7040;-7040;14080
530800;-7060;-7060;14120;-6988
530900;-6988;13976;-7092;-7092
531000;14184;-7112;-7112;14224
531100;-7208;-7208;14416;-7260
531200;-7260;14520;-7412;-7412
531300;14824;-7308;-7308;14616
531400;-7356;-7356;14712;-7352
531500;-7352;14704;-7324;-7324
531600;14648;-7308;-7308;14616
531700;-7340;-7340;14680;-7372
531800;-7372;14744;-7368;-7368
531900;14736;-7388;-7388;14776
532000;-7384;-7384;14768;-7492
532100;-7492;14984;-7504;-7504
532200;15008;-7568;-7568;15136
532300;-7620;-7620;15240;-7644
532400;-7644;15288;-7728;-7728
532500;15456;-7864;-7864;15728
532600;-7884;-7884;15768;-7932
532700;-7932;15864;-8044;-8044
532800;16088;-8108;-8108;16216
532900;-8160;-8160;16320;-8308
533000;-8308;16616;-8376;-8376
533100;16752;-8400;-8400;16800
533200;-8536;-8536;17072;-8620
533300;-8620;17240;-8668;-8668
533400;17336;-8812;-8812;17624
533500;-8812;-8812;17624;-8920
533600;-8920;17840;-8992;-8992
533700;17984;-9076;-9076;18152
533800;-9092;-9092;18184;-9188
533900;-9188;18376;-9140;-9140
534000;18280;-9204;-9204;18408
534100;-9304;-9304;18608;-9260
534200;-9260;18520;-9292;-9292
534300;18584;-9360;-9360;18720
534400;-9356;-9356;18712;-9296
534500;-9296;18592;-9312;-9312
534600;18624;-9276;-9276;18552
534700;-9216;-9216;18432;-9184
534800;-9184;18368;-9176;-9176
534900;18352;-9120;-9120;18240
535000;-9092;-9092;18184;-9080
535100;-9080;18160;-9020;-9020
535200;18040;-9012;-9012;18024
535300;-9032;-9032;18064;-9052
535400;-9052;18104;-9088;-9088
535500;18176;-9132;-9132;18264
535600;-9100;-9100;18200;-9144
535700;-9144;18288;-9132;-9132
535800;18264;-9180;-9180;18360
535900;-9244;-9244;18488;-9300
536000;-9300;18600;-9324;-9324
536100;18648;-9376;-9376;18752
536200;-9420;-9420;18840;-9560
536300;-9560;19120;-9528;-9528
536400;19056;-9528;-9528;19056
536500;-9600;-9600;19200;-9580
536600;-9580;19160;-9636;-9636
536700;19272;-9704;-9704;19408
536800;-9748;-9748;19496;-9736
536900;-9736;19472;-9816;-9816
537000;19632;-9892;-9892;19784
537100;-9844;-9844;19688;-9916
537200;-9916;19832;-9932;-9932
537300;19864;-9964;-9964;19928
537400;-9916;-9916;19832;-10008
537500;-10008;20016;-10000;-10000
537600;20000;-10024;-10024;20048
537700;-14888;-14888;29776;-13428
537800;-13428;26856;-13648;-13648
537900;27296;-13824;-13824;27648
538000;-13960;-13960;27920;-14024
538100;-14024;28048;-13968;-13968
538200;27936;-14100;-14100;28200
538300;-13952;-13952;27904;-14032
538400;-14032;28064;-13996;-13996
538500;27992;-13984;-13984;27968
538600;-13996;-13996;27992;-13956
538700;-13956;27912;-13920;-13920
538800;27840;-13912;-13912;27824
538900;-13836;-13836;27672;-13840
539000;-13840;27680;-13848;-13848
539100;27696;-13748;-13748;27496
539200;-13792;-13792;27584;-13756
539300;-13756;27512;-13772;-13772
539400;27544;-13800;-13800;27600
539500;-13764;-13764;27528;-13680
539600;-13680;27360;-13696;-13696
539700;27392;-13652;-13652;27304
539800;-13640;-13640;27280;-13652
539900;-13652;27304;-13572;-13572
540000;27144;-13532;-13532;27064
540100;-13504;-13504;27008;-13524
540200;-13524;27048;-13392;-13392
540300;26784;-13324;-13324;26648
540400;-13352;-13352;26704;-13324
540500;-13324;26648;-13216;-13216
540600;26432;-13180;-13180;26360
540700;-13208;-13208;26416;-13188
540800;-13188;26376;-13148;-13148
540900;26296;-13144;-13144;26288
541000;-13096;-13096;26192;-13060
541100;-13060;26120;-13040;-13040
541200;26080;-13004;-13004;26008
541300;-12940;-12940;25880;-12908
541400;-12908;25816;-12868;-12868
541500;25736;-12852;-12852;25704
541600;-12828;-12828;25656;-12840
541700;-12840;25680;-12808;-12808
541800;25616;-12720;-12720;25440
541900;-12676;-12676;25352;-12664
542000;-12664;25328;-12640;-12640
542100;25280;-12540;-12540;25080
542200;-12500;-12500;25000;-12508
542300;-12508;25016;-12392;-12392
542400;24784;-12340;-12340;24680
542500;-12344;-12344;24688;-12304
542600;-12304;24608;-12252;-12252
542700;24504;-12220;-12220;24440
542800;-12304;-12304;24608;-12128
542900;-12128;24256;-12148;-12148
543000;24296;-12144;-12144;24288
543100;-12104;-12104;24208;-12500
543200;-12500;25000;-12016;-12016
543300;24032;-12092;-12092;24184
543400;-12084;-12084;24168;-12048
543500;-12048;24096;-12080;-12080
543600;24160;-12020;-12020;24040
543700;-12020;-12020;24040;-12052
543800;-12052;24104;-12032;-12032
543900;24064;-11964;-11964;23928
544000;-12012;-12012;24024;-12020
544100;-12020;24040;-11992;-11992
544200;23984;-11996;-11996;23992
544300;-12024;-12024;24048;-12032
544400;-12032;24064;-11996;-11996
544500;23992;-12196;-12196;24392
544600;-11960;-11960;23920;-11996
544700;-11996;23992;-12032;-12032
544800;24064;-12064;-12064;24128
544900;-12000;-12000;24000;-12016
545000;-12016;24032;-11992;-11992
545100;23984;-12100;-12100;24200
545200;-12036;-12036;24072;-12048
545300;-12048;24096;-12056;-12056
545400;24112;-12052;-12052;24104
545500;-11952;-11952;23904;-12016
545600;-12016;24032;-11972;-11972
545700;23944;-12036;-12036;24072
545800;-12004;-12004;24008;-11976
545900;-11976;23952;-11976;-11976
546000;23952;-11984;-11984;23968
546100;-11904;-11904;23808;-11924
546200;-11924;23848;-11972;-11972
546300;23944;-12048;-12048;24096
546400;-12020;-12020;24040;-11964
546500;-11964;23928;-11920;-11920
546600;23840;-11960;-11960;23920
546700;-11924;-11924;23848;-11940
546800;-11940;23880;-11876;-11876
546900;23752;-11880;-11880;23760
547000;-11908;-11908;23816;-11872
547100;-11872;23744;-11840;-11840
547200;23680;-11896;-11896;23792
547300;-11860;-11860;23720;-11916
547400;-11916;23832;-11768;-11768
547500;23536;-11812;-11812;23624
547600;-11796;-11796;23592;-11736
547700;-11736;23472;-11716;-11716
547800;23432;-11680;-11680;23360
547900;-11684;-11684;23368;-11684
548000;-11684;23368;-11636;-11636
548100;23272;-11632;-11632;23264
548200;-11676;-11676;23352;-11672
548300;-11672;23344;-11568;-11568
548400;23136;-11588;-11588;23176
548500;-11484;-11484;22968;-11524
548600;-11524;23048;-11512;-11512
548700;23024;-11408;-11408;22816
548800;-11432;-11432;22864;-11380
548900;-11380;22760;-11368;-11368
549000;22736;-11264;-11264;22528
549100;-11268;-11268;22536;-11204
549200;-11204;22408;-11256;-11256
549300;22512;-11176;-11176;22352
549400;-11136;-11136;22272;-11028
549500;-11028;22056;-11044;-11044
549600;22088;-10972;-10972;21944
549700;-10972;-10972;21944;-10920
549800;-10920;21840;-10888;-10888
549900;21776;-10788;-10788;21576
550000;-10792;-10792;21584;-10756
550100;-10756;21512;-10716;-10716
550200;21432;-10672;-10672;21344
550300;-10668;-10668;21336;-10596
550400;-10596;21192;-10492;-10492
550500;20984;-10488;-10488;20976
550600;-10460;-10460;20920;-10384
550700;-10384;20768;-10312;-10312
550800;20624;-10264;-10264;20528
550900;-10248;-10248;20496;-10244
551000;-10244;20488;-10152;-10152
551100;20304;7704;7704;-15408
551200;6784;6784;-13568;6240
551300;6240;-12480;6044;6044
551400;-12088;6008;6008;-12016
551500;6020;6020;-12040;6116
551600;6116;-12232;5964;5964
551700;-11928;6068;6068;-12136
551800;6028;6028;-12056;6116
551900;6116;-12232;6196;6196
552000;-12392;6276;6276;-12552
552100;6200;6200;-12400;6288
552200;6288;-12576;6256;6256
552300;-12512;6456;6456;-12912
552400;6456;6456;-12912;6544
552500;6544;-13088;6608;6608
552600;-13216;6644;6644;-13288
552700;6696;6696;-13392;6632
552800;6632;-13264;6816;6816
552900;-13632;6868;6868;-13736
553000;6964;6964;-13928;6952
553100;6952;-13904;7092;7092
553200;-14184;7100;7100;-14200
553300;7216;7216;-14432;7248
553400;7248;-14496;7268;7268
553500;-14536;7344;7344;-14688
553600;7356;7356;-14712;7516
553700;7516;-15032;7612;7612
553800;-15224;7592;7592;-15184
553900;7636;7636;-15272;7692
554000;7692;-15384;7752;7752
554100;-15504;7856;7856;-15712
554200;7884;7884;-15768;7968
554300;7968;-15936;8060;8060
554400;-16120;8132;8132;-16264
554500;8256;8256;-16512;8272
554600;8272;-16544;8316;8316
554700;-16632;8396;8396;-16792
554800;8436;8436;-16872;8584
554900;8584;-17168;8572;8572
555000;-17144;8632;8632;-17264
555100;8812;8812;-17624;8740
555200;8740;-17480;8856;8856
555300;-17712;8820;8820;-17640
555400;8812;8812;-17624;8864
555500;8864;-17728;8896;8896
555600;-17792;8948;8948;-17896
555700;8920;8920;-17840;8828
555800;8828;-17656;8912;8912
555900;-17824;8860;8860;-17720
556000;8932;8932;-17864;8908
556100;8908;-17816;8832;8832
556200;-17664;8872;8872;-17744
556300;8888;8888;-17776;8932
556400;8932;-17864;8872;8872
556500;-17744;8900;8900;-17800
556600;8876;8876;-17752;8876
556700;8876;-17752;8928;8928
556800;-17856;8908;8908;-17816
556900;8864;8864;-17728;8900
557000;8900;-17800;8920;8920
557100;-17840;8848;8848;-17696
557200;8904;8904;-17808;8964
557300;8964;-17928;8920;8920
557400;-17840;8880;8880;-17760
557500;8928;8928;-17856;8916
557600;8916;-17832;8868;8868
557700;-17736;8832;8832;-17664
557800;9004;9004;-18008;8896
557900;8896;-17792;8900;8900
558000;-17800;8944;8944;-17888
558100;8892;8892;-17784;8924
558200;8924;-17848;8964;8964
558300;-17928;8908;8908;-17816
558400;8924;8924;-17848;8888
558500;8888;-17776;8964;8964
558600;-17928;8980;8980;-17960
558700;8924;8924;-17848;8972
558800;8972;-17944;8960;8960
558900;-17920;8984;8984;-17968
559000;8980;8980;-17960;8984
559100;8984;-17968;9024;9024
559200;-18048;9028;9028;-18056
559300;9156;9156;-18312;9104
559400;9104;-18208;9148;9148
559500;-18296;9764;9764;-19528
559600;9216;9216;-18432;9256
559700;9256;-18512;9308;9308
559800;-18616;9396;9396;-18792
559900;9396;9396;-18792;9504
560000;9504;-19008;9544;9544
560100;-19088;9612;9612;-19224
560200;9616;9616;-19232;9636
560300;9636;-19272;9792;9792
560400;-19584;9792;9792;-19584
560500;9932;9932;-19864;9880
560600;9880;-19760;9936;9936
560700;-19872;10028;10028;-20056
560800;10016;10016;-20032;10040
560900;10040;-20080;10060;10060
561000;-20120;9948;9948;-19896
561100;10252;10252;-20504;10196
561200;10196;-20392;10308;10308
561300;-20616;10292;10292;-20584
561400;10376;10376;-20752;10480
561500;10480;-20960;10432;10432
561600;-20864;10456;10456;-20912
561700;10544;10544;-21088;10592
561800;10592;-21184;10612;10612
561900;-21224;10700;10700;-21400
562000;10772;10772;-21544;10788
562100;10788;-21576;10808;10808
562200;-21616;10812;10812;-21624
562300;10956;10956;-21912;10920
562400;10920;-21840;11020;11020
562500;-22040;11036;11036;-22072
562600;11072;11072;-22144;11108
562700;11108;-22216;11172;11172
562800;-22344;11144;11144;-22288
562900;11300;11300;-22600;11264
563000;11264;-22528;11312;11312
563100;-22624;11428;11428;-22856
563200;11520;11520;-23040;11488
563300;11488;-22976;11552;11552
563400;-23104;11664;11664;-23328
563500;11664;11664;-23328;11272
563600;11272;-22544;11736;11736
563700;-23472;11808;11808;-23616
563800;11884;11884;-23768;11992
563900;11992;-23984;12028;12028
564000;-24056;12120;12120;-24240
564100;11968;11968;-23936;12164
564200;12164;-24328;12160;12160
564300;-24320;12212;12212;-24424
564400;12616;12616;-25232;12376
564500;12376;-24752;7408;7408
564600;-14816;2836;2836;-5672
564700;2936;2936;-5872;2856
564800;2856;-5712;2860;2860
564900;-5720;2896;2896;-5792
565000;2908;2908;-5816;3292
565100;3292;-6584;2936;2936
565200;-5872;2940;2940;-5880
565300;2944;2944;-5888;2908
565400;2908;-5816;2948;2948
565500;-5896;2936;2936;-5872
565600;2928;2928;-5856;2956
565700;2956;-5912;2972;2972
565800;-5944;3632;3632;-7264
565900;2932;2932;-5864;2976
566000;2976;-5952;2940;2940
566100;-5880;2936;2936;-5872
566200;3048;3048;-6096;2920
566300;2920;-5840;2928;2928
566400;-5856;2824;2824;-5648
566500;2844;2844;-5688;2852
566600;2852;-5704;2836;2836
566700;-5672;2960;2960;-5920
566800;2736;2736;-5472;2776
566900;2776;-5552;2764;2764
567000;-5528;2744;2744;-5488
567100;2692;2692;-5384;2620
567200;2620;-5240;2680;2680
567300;-5360;2624;2624;-5248
567400;2664;2664;-5328;2564
567500;2564;-5128;2596;2596
567600;-5192;2548;2548;-5096
567700;2620;2620;-5240;2548
567800;2548;-5096;2584;2584
567900;-5168;2604;2604;-5208
568000;2612;2612;-5224;2896
568100;2896;-5792;2696;2696
568200;-5392;2792;2792;-5584
568300;2820;2820;-5640;2876
568400;2876;-5752;2860;2860
568500;-5720;2880;2880;-5760
568600;2960;2960;-5920;3000
568700;3000;-6000;3036;3036
568800;-6072;3088;3088;-6176
568900;3156;3156;-6312;3192
569000;3192;-6384;3240;3240
569100;-6480;3228;3228;-6456
569200;3364;3364;-6728;3276
569300;3276;-6552;3244;3244
569400;-6488;3252;3252;-6504
569500;3276;3276;-6552;3228
569600;3228;-6456;3272;3272
569700;-6544;3180;3180;-6360
569800;3272;3272;-6544;3288
569900;3288;-6576;3360;3360
570000;-6720;3288;3288;-6576
570100;3344;3344;-6688;3376
570200;3376;-6752;3400;3400
570300;-6800;3420;3420;-6840
570400;3580;3580;-7160;3520
570500;3520;-7040;3580;3580
570600;-7160;3620;3620;-7240
570700;3660;3660;-7320;3700
570800;3700;-7400;3772;3772
570900;-7544;3832;3832;-7664
571000;3900;3900;-7800;3940
571100;3940;-7880;4016;4016
571200;-8032;4048;4048;-8096
571300;4040;4040;-8080;4032
571400;4032;-8064;4092;4092
571500;-8184;4160;4160;-8320
571600;4220;4220;-8440;4216
571700;4216;-8432;4240;4240
571800;-8480;4252;4252;-8504
571900;4336;4336;-8672;4348
572000;4348;-8696;4392;4392
572100;-8784;4408;4408;-8816
572200;4384;4384;-8768;4444
572300;4444;-8888;4484;4484
572400;-8968;4444;4444;-8888
572500;4560;4560;-9120;4560
572600;4560;-9120;4632;4632
572700;-9264;4644;4644;-9288
572800;4656;4656;-9312;4720
572900;4720;-9440;4792;4792
573000;-9584;4868;4868;-9736
573100;5472;5472;-10944;4908
573200;4908;-9816;4980;4980
573300;-9960;5020;5020;-10040
573400;5076;5076;-10152;5188
573500;5188;-10376;5292;5292
573600;-10584;5256;5256;-10512
573700;5328;5328;-10656;5280
573800;5280;-10560;5408;5408
573900;-10816;5456;5456;-10912
574000;5468;5468;-10936;5532
574100;5532;-11064;5620;5620
574200;-11240;5652;5652;-11304
574300;5728;5728;-11456;5732
574400;5732;-11464;5760;5760
574500;-11520;5816;5816;-11632
574600;5852;5852;-11704;5792
574700;5792;-11584;5824;5824
574800;-11648;5848;5848;-11696
574900;5872;5872;-11744;5860
575000;5860;-11720;5912;5912
575100;-11824;5876;5876;-11752
575200;5940;5940;-11880;5940
575300;5940;-11880;6020;6020
575400;-12040;6000;6000;-12000
575500;6036;6036;-12072;6092
575600;6092;-12184;6152;6152
575700;-12304;6164;6164;-12328
575800;6236;6236;-12472;6300
575900;6300;-12600;6396;6396
576000;-12792;6364;6364;-12728
576100;6484;6484;-12968;6476
576200;6476;-12952;6532;6532
576300;-13064;6588;6588;-13176
576400;6624;6624;-13248;6676
576500;6676;-13352;6740;6740
576600;-13480;6836;6836;-13672
576700;6856;6856;-13712;6836
576800;6836;-13672;6952;6952
576900;-13904;7036;7036;-14072
577000;6988;6988;-13976;7068
577100;7068;-14136;7124;7124
577200;-14248;7128;7128;-14256
577300;7220;7220;-14440;7416
577400;7416;-14832;7272;7272
577500;-14544;7352;7352;-14704
577600;7384;7384;-14768;7324
577700;7324;-14648;7400;7400
577800;-14800;7448;7448;-14896
577900;7468;7468;-14936;7260
578000;7260;-14520;7356;7356
578100;-14712;7420;7420;-14840
578200;7428;7428;-14856;7476
578300;7476;-14952;7452;7452
578400;-14904;7436;7436;-14872
578500;7492;7492;-14984;7452
578600;7452;-14904;7464;7464
578700;-14928;7388;7388;-14776
578800;7416;7416;-14832;7416
578900;7416;-14832;7352;7352
579000;-14704;7344;7344;-14688
579100;7364;7364;-14728;7252
579200;7252;-14504;7196;7196
579300;-14392;7180;7180;-14360
579400;7140;7140;-14280;7128
579500;7128;-14256;7108;7108
579600;-14216;7100;7100;-14200
579700;7028;7028;-14056;7004
579800;7004;-14008;6964;6964
579900;-13928;7284;7284;-14568
580000;6952;6952;-13904;6924
580100;6924;-13848;6872;6872
580200;-13744;6832;6832;-13664
580300;6816;6816;-13632;6772
580400;6772;-13544;6848;6848
580500;-13696;6728;6728;-13456
580600;6684;6684;-13368;6616
580700;6616;-13232;6868;6868
580800;-13736;6528;6528;-13056
580900;6548;6548;-13096;6516
581000;6516;-13032;6460;6460
581100;-12920;6428;6428;-12856
581200;6360;6360;-12720;6320
581300;6320;-12640;6312;6312
581400;-12624;6308;6308;-12616
581500;6252;6252;-12504;6200
581600;6200;-12400;6136;6136
581700;-12272;6092;6092;-12184
581800;6080;6080;-12160;6076
581900;6076;-12152;5972;5972
582000;-11944;6012;6012;-12024
582100;5976;5976;-11952;5844
582200;5844;-11688;5884;5884
582300;-11768;5844;5844;-11688
582400;5808;5808;-11616;5756
582500;5756;-11512;5804;5804
582600;-11608;5704;5704;-11408
582700;5640;5640;-11280;5596
582800;5596;-11192;5556;5556
582900;-11112;5472;5472;-10944
583000;5392;5392;-10784;5432
583100;5432;-10864;5344;5344
583200;-10688;5368;5368;-10736
583300;5328;5328;-10656;5232
583400;5232;-10464;5156;5156
583500;-10312;5120;5120;-10240
583600;5092;5092;-10184;5012
583700;5012;-10024;4996;4996
583800;-9992;5276;5276;-10552
583900;4920;4920;-9840;4864
584000;4864;-9728;4872;4872
584100;-9744;4836;4836;-9672
584200;4820;4820;-9640;4824
584300;4824;-9648;4732;4732
584400;-9464;4772;4772;-9544
584500;4748;4748;-9496;4812
584600;4812;-9624;4724;4724
584700;-9448;4740;4740;-9480
584800;4720;4720;-9440;4740
584900;4740;-9480;4772;4772
585000;-9544;4764;4764;-9528
585100;4800;4800;-9600;4720
585200;4720;-9440;4748;4748
585300;-9496;4736;4736;-9472
585400;4716;4716;-9432;4696
585500;4696;-9392;4692;4692
585600;-9384;4688;4688;-9376
585700;4772;4772;-9544;4672
585800;4672;-9344;4608;4608
585900;-9216;4584;4584;-9168
586000;4580;4580;-9160;4584
586100;4584;-9168;4552;4552
586200;-9104;4496;4496;-8992
586300;4552;4552;-9104;4516
586400;4516;-9032;4548;4548
586500;-9096;4516;4516;-9032
586600;4452;4452;-8904;4384
586700;4384;-8768;4420;4420
586800;-8840;4424;4424;-8848
586900;4472;4472;-8944;4392
587000;4392;-8784;4368;4368
587100;-8736;4348;4348;-8696
587200;4340;4340;-8680;4344
587300;4344;-8688;4236;4236
587400;-8472;4280;4280;-8560
587500;4260;4260;-8520;4220
587600;4220;-8440;4292;4292
587700;-8584;4212;4212;-8424
587800;4140;4140;-8280;4156
587900;4156;-8312;4164;4164
588000;-8328;4152;4152;-8304
588100;4160;4160;-8320;4144
588200;4144;-8288;4072;4072
588300;-8144;4048;4048;-8096
588400;4032;4032;-8064;3980
588500;3980;-7960;3948;3948
588600;-7896;3920;3920;-7840
588700;3908;3908;-7816;3868
588800;3868;-7736;3840;3840
588900;-7680;3776;3776;-7552
589000;3820;3820;-7640;3792
589100;3792;-7584;3800;3800
589200;-7600;3788;3788;-7576
589300;3736;3736;-7472;3696
589400;3696;-7392;3704;3704
589500;-7408;3704;3704;-7408
589600;3612;3612;-7224;3572
589700;3572;-7144;3592;3592
589800;-7184;3388;3388;-6776
589900;3432;3432;-6864;3380
590000;3380;-6760;3324;3324
590100;-6648;3244;3244;-6488
590200;3188;3188;-6376;3184
590300;3184;-6368;3156;3156
590400;-6312;3124;3124;-6248
590500;3088;3088;-6176;3008
590600;3008;-6016;2992;2992
590700;-5984;2992;2992;-5984
590800;2880;2880;-5760;2832
590900;2832;-5664;2804;2804
591000;-5608;2780;2780;-5560
591100;2708;2708;-5416;2708
591200;2708;-5416;16184;16184
591300;-32368;17916;17916;29704
591400;18572;18572;28392;18684
591500;18684;28168;18620;18620
591600;28296;18608;18608;28320
591700;18548;18548;28440;18476
591800;18476;28584;18468;18468
591900;28600;18500;18500;28536
592000;18404;18404;28728;18332
592100;18332;28872;18272;18272
592200;28992;18228;18228;29080
592300;18220;18220;29096;18128
592400;18128;29280;18088;18088
592500;29360;18056;18056;29424
592600;17956;17956;29624;17972
592700;17972;29592;17968;17968
592800;29600;17940;17940;29656
592900;17776;17776;29984;17964
593000;17964;29608;17784;17784
593100;29968;17716;17716;30104
593200;17688;17688;30160;17628
593300;17628;30280;17652;17652
593400;30232;17544;17544;30448
593500;17488;17488;30560;17484
593600;17484;30568;17484;17484
593700;30568;17476;17476;30584
593800;17372;17372;30792;17360
593900;17360;30816;17336;17336
594000;30864;17400;17400;30736
594100;17264;17264;31008;17212
594200;17212;31112;17164;17164
594300;31208;17108;17108;31320
594400;17096;17096;31344;16992
594500;16992;31552;17044;17044
594600;31448;16916;16916;31704
594700;16880;16880;31776;16900
594800;16900;31736;16752;16752
594900;32032;16876;16876;31784
595000;16872;16872;31792;16884
595100;16884;31768;16912;16912
595200;31712;16928;16928;31680
595300;16968;16968;31600;16940
595400;16940;31656;16960;16960
595500;31616;17024;17024;31488
595600;16788;16788;31960;17476
595700;17476;30584;16956;16956
595800;31624;17032;17032;31472
595900;16960;16960;31616;16984
596000;16984;31568;17060;17060
596100;31416;17032;17032;31472
596200;17100;17100;31336;16908
596300;16908;31720;16988;16988
596400;31560;17048;17048;31440
596500;16988;16988;31560;16964
596600;16964;31608;16880;16880
596700;31776;16880;16880;31776
596800;16664;16664;32208;16768
596900;16768;32000;16644;16644
597000;32248;16560;16560;32416
597100;16552;16552;32432;16400
597200;16400;32736;16420;16420
597300;32696;16324;16324;-32648
597400;16292;16292;-32584;16200
597500;16200;-32400;16148;16148
597600;-32296;16092;16092;-32184
597700;15996;15996;-31992;15952
597800;15952;-31904;15976;15976
597900;-31952;15924;15924;-31848
598000;15892;15892;-31784;15764
598100;15764;-31528;15800;15800
598200;-31600;15760;15760;-31520
598300;15760;15760;-31520;15636
598400;15636;-31272;15604;15604
598500;-31208;15540;15540;-31080
598600;15468;15468;-30936;15408
598700;15408;-30816;15388;15388
598800;-30776;15336;15336;-30672
598900;15372;15372;-30744;15256
599000;15256;-30512;15208;15208
599100;-30416;15192;15192;-30384
599200;15128;15128;-30256;15240
599300;15240;-30480;15224;15224
599400;-30448;15276;15276;-30552
599500;15288;15288;-30576;15368
599600;15368;-30736;15416;15416
599700;-30832;15324;15324;-30648
599800;15416;15416;-30832;15388
599900;15388;-30776;15432;15432
600000;-30864;15520;15520;-31040
600100;15476;15476;-30952;15536
600200;15536;-31072;15620;15620
600300;-31240;15568;15568;-31136
600400;15564;15564;-31128;15628
600500;15628;-31256;15596;15596
600600;-31192;15716;15716;-31432
600700;15696;15696;-31392;15692
600800;15692;-31384;15724;15724
600900;-31448;15764;15764;-31528
601000;15680;15680;-31360;15700
601100;15700;-31400;15708;15708
601200;-31416;15664;15664;-31328
601300;15716;15716;-31432;15688
601400;15688;-31376;15792;15792
601500;-31584;15768;15768;-31536
601600;15600;15600;-31200;15732
601700;15732;-31464;15652;15652
601800;-31304;15756;15756;-31512
601900;15692;15692;-31384;15676
602000;15676;-31352;15656;15656
602100;-31312;15792;15792;-31584
602200;15644;15644;-31288;15632
602300;15632;-31264;15592;15592
602400;-31184;15624;15624;-31248
602500;15632;15632;-31264;15612
602600;15612;-31224;15608;15608
602700;-31216;15588;15588;-31176
602800;15596;15596;-31192;15604
602900;15604;-31208;15596;15596
603000;-31192;15532;15532;-31064
603100;15572;15572;-31144;15608
603200;15608;-31216;15612;15612
603300;-31224;15576;15576;-31152
603400;15544;15544;-31088;15488
603500;15488;-30976;15608;15608
603600;-31216;15568;15568;-31136
603700;15552;15552;-31104;15616
603800;15616;-31232;15524;15524
603900;-31048;15528;15528;-31056
604000;15468;15468;-30936;15552
604100;15552;-31104;15536;15536
604200;-31072;15432;15432;-30864
604300;15504;15504;-31008;15504
604400;15504;-31008;15404;15404
604500;-30808;-8316;-8316;16632
604600;-5960;-5960;11920;-5844
604700;-5844;11688;-5852;-5852
604800;11704;-5848;-5848;11696
604900;-5856;-5856;11712;-5760
605000;-5760;11520;-5820;-5820
605100;11640;-5832;-5832;11664
605200;-5760;-5760;11520;-5812
605300;-5812;11624;-5804;-5804
605400;11608;-5824;-5824;11648
605500;-5788;-5788;11576;-5868
605600;-5868;11736;-5816;-5816
605700;11632;-5816;-5816;11632
605800;-5856;-5856;11712;-5804
605900;-5804;11608;-5800;-5800
606000;11600;-5736;-5736;11472
606100;-5740;-5740;11480;-5816
606200;-5816;11632;-5780;-5780
606300;11560;-5808;-5808;11616
606400;-5724;-5724;11448;-5740
606500;-5740;11480;-5832;-5832
606600;11664;-5816;-5816;11632
606700;-5772;-5772;11544;-5808
606800;-5808;11616;-5792;-5792
606900;11584;-5772;-5772;11544
607000;-5828;-5828;11656;-5888
607100;-5888;11776;-5760;-5760
607200;11520;-5844;-5844;11688
607300;-5848;-5848;11696;-6336
607400;-6336;12672;-5840;-5840
607500;11680;-5860;-5860;11720
607600;-5840;-5840;11680;-5860
607700;-5860;11720;-5812;-5812
607800;11624;-5872;-5872;11744
607900;-5852;-5852;11704;-5860
608000;-5860;11720;-5868;-5868
608100;11736;-5944;-5944;11888
608200;-5948;-5948;11896;-6000
608300;-6000;12000;-5952;-5952
608400;11904;-6024;-6024;12048
608500;-6068;-6068;12136;-6108
608600;-6108;12216;-6104;-6104
608700;12208;-6196;-6196;12392
608800;-6204;-6204;12408;-6264
608900;-6264;12528;-6360;-6360
609000;12720;-6312;-6312;12624
609100;-6356;-6356;12712;-6396
609200;-6396;12792;-6484;-6484
609300;12968;-6448;-6448;12896
609400;-6548;-6548;13096;-6552
609500;-6552;13104;-6608;-6608
609600;13216;-6572;-6572;13144
609700;-6556;-6556;13112;-6640
609800;-6640;13280;-6712;-6712
609900;13424;-6636;-6636;13272
610000;-6684;-6684;13368;-6732
610100;-6732;13464;-6780;-6780
610200;13560;-6856;-6856;13712
610300;-6932;-6932;13864;-6820
610400;-6820;13640;-6888;-6888
610500;13776;-6936;-6936;13872
610600;-6948;-6948;13896;-7068
610700;-7068;14136;-7548;-7548
610800;15096;-7028;-7028;14056
610900;-7080;-7080;14160;-7088
611000;-7088;14176;-7084;-7084
611100;14168;-7108;-7108;14216
611200;-7168;-7168;14336;-7236
611300;-7236;14472;-7304;-7304
611400;14608;-7308;-7308;14616
611500;-7364;-7364;14728;-7304
611600;-7304;14608;-7336;-7336
611700;14672;-7292;-7292;14584
611800;-7344;-7344;14688;-7360
611900;-7360;14720;-7356;-7356
612000;14712;-7476;-7476;14952
612100;-7384;-7384;14768;-7456
612200;-7456;14912;-7528;-7528
612300;15056;-7552;-7552;15104
612400;-7552;-7552;15104;-7592
612500;-7592;15184;-7684;-7684
612600;15368;-7760;-7760;15520
612700;-7836;-7836;15672;-7860
612800;-7860;15720;-7952;-7952
612900;15904;-8004;-8004;16008
613000;-8116;-8116;16232;-8232
613100;-8232;16464;-8328;-8328
613200;16656;-8432;-8432;16864
613300;-8436;-8436;16872;-8536
613400;-8536;17072;-8588;-8588
613500;17176;-8668;-8668;17336
613600;-8828;-8828;17656;-8968
613700;-8968;17936;-8884;-8884
613800;17768;-8972;-8972;17944
613900;-9020;-9020;18040;-9072
614000;-9072;18144;-9168;-9168
614100;18336;-9180;-9180;18360
614200;-9192;-9192;18384;-9212
614300;-9212;18424;-9316;-9316
614400;18632;-9380;-9380;18760
614500;-9360;-9360;18720;-9376
614600;-9376;18752;-9240;-9240
614700;18480;-9232;-9232;18464
614800;-9240;-9240;18480;-9204
614900;-9204;18408;-9160;-9160
615000;18320;-9128;-9128;18256
615100;-9104;-9104;18208;-9116
615200;-9116;18232;-9052;-9052
615300;18104;-9048;-9048;18096
615400;-9044;-9044;18088;-9052
615500;-9052;18104;-9000;-9000
615600;18000;-9080;-9080;18160
615700;-9104;-9104;18208;-9132
615800;-9132;18264;-9104;-9104
615900;18208;-9184;-9184;18368
616000;-9208;-9208;18416;-9244
616100;-9244;18488;-9248;-9248
616200;18496;-9312;-9312;18624
616300;-9380;-9380;18760;-9412
616400;-9412;18824;-9408;-9408
616500;18816;-9456;-9456;18912
616600;-9556;-9556;19112;-9544
616700;-9544;19088;-9624;-9624
616800;19248;-9616;-9616;19232
616900;-9664;-9664;19328;-9688
617000;-9688;19376;-9816;-9816
617100;19632;-9828;-9828;19656
617200;-9792;-9792;19584;-9812
617300;-9812;19624;-9900;-9900
617400;19800;-9916;-9916;19832
617500;-9920;-9920;19840;-10004
617600;-10004;20008;-10048;-10048
617700;20096;-10028;-10028;20056
617800;-10040;-10040;20080;-14876
617900;-14876;29752;-13432;-13432
618000;26864;-13564;-13564;27128
618100;-13844;-13844;27688;-13900
618200;-13900;27800;-13996;-13996
618300;27992;-14048;-14048;28096
618400;-14008;-14008;28016;-14068
618500;-14068;28136;-14040;-14040
618600;28080;-14012;-14012;28024
618700;-13964;-13964;27928;-13940
618800;-13940;27880;-13908;-13908
618900;27816;-13952;-13952;27904
619000;-13916;-13916;27832;-13860
619100;-13860;27720;-13820;-13820
619200;27640;-13896;-13896;27792
619300;-13776;-13776;27552;-13776
619400;-13776;27552;-13776;-13776
619500;27552;-13724;-13724;27448
619600;-13748;-13748;27496;-13708
619700;-13708;27416;-13692;-13692
619800;27384;-13676;-13676;27352
619900;-13648;-13648;27296;-13656
620000;-13656;27312;-13608;-13608
620100;27216;-13556;-13556;27112
620200;-13556;-13556;27112;-13504
620300;-13504;27008;-13468;-13468
620400;26936;-13376;-13376;26752
620500;-13388;-13388;26776;-13352
620600;-13352;26704;-13288;-13288
620700;26576;-13264;-13264;26528
620800;-13216;-13216;26432;-13172
620900;-13172;26344;-13132;-13132
621000;26264;-13140;-13140;26280
621100;-13104;-13104;26208;-13160
621200;-13160;26320;-12960;-12960
621300;25920;-13000;-13000;26000
621400;-12908;-12908;25816;-12904
621500;-12904;25808;-12932;-12932
621600;25864;-12876;-12876;25752
621700;-12844;-12844;25688;-12792
621800;-12792;25584;-12804;-12804
621900;25608;-12740;-12740;25480
622000;-12700;-12700;25400;-12668
622100;-12668;25336;-12640;-12640
622200;25280;-12572;-12572;25144
622300;-12588;-12588;25176;-12500
622400;-12500;25000;-12468;-12468
622500;24936;-12484;-12484;24968
622600;-12336;-12336;24672;-12320
622700;-12320;24640;-12296;-12296
622800;24592;-12208;-12208;24416
622900;-12156;-12156;24312;-12140
623000;-12140;24280;-12164;-12164
623100;24328;-12152;-12152;24304
623200;-12088;-12088;24176;-12100
623300;-12100;24200;-12064;-12064
623400;24128;-12064;-12064;24128
623500;-12048;-12048;24096;-12132
623600;-12132;24264;-11992;-11992
623700;23984;-12012;-12012;24024
623800;-12008;-12008;24016;-12052
623900;-12052;24104;-11932;-11932
624000;23864;-11964;-11964;23928
624100;-11976;-11976;23952;-12016
624200;-12016;24032;-11988;-11988
624300;23976;-11904;-11904;23808
624400;-12016;-12016;24032;-12032
624500;-12032;24064;-11988;-11988
624600;23976;-11960;-11960;23920
624700;-11964;-11964;23928;-12096
624800;-12096;24192;-12004;-12004
624900;24008;-12016;-12016;24032
625000;-11988;-11988;23976;-11976
625100;-11976;23952;-12008;-12008
625200;24016;-12020;-12020;24040
625300;-11984;-11984;23968;-12056
625400;-12056;24112;-11968;-11968
625500;23936;-12004;-12004;24008
625600;-12016;-12016;24032;-11964
625700;-11964;23928;-12004;-12004
625800;24008;-12020;-12020;24040
625900;-12028;-12028;24056;-11968
626000;-11968;23936;-12016;-12016
626100;24032;-12012;-12012;24024
626200;-11980;-11980;23960;-12032
626300;-12032;24064;-11976;-11976
626400;23952;-11984;-11984;23968
626500;-11972;-11972;23944;-11940
626600;-11940;23880;-11876;-11876
626700;23752;-11868;-11868;23736
626800;-11852;-11852;23704;-11944
626900;-11944;23888;-11944;-11944
627000;23888;-11876;-11876;23752
627100;-11996;-11996;23992;-11844
627200;-11844;23688;-11872;-11872
627300;23744;-11884;-11884;23768
627400;-11852;-11852;23704;-11836
627500;-11836;23672;-11896;-11896
627600;23792;-11776;-11776;23552
627700;-11816;-11816;23632;-11776
627800;-11776;23552;-11848;-11848
627900;23696;-11708;-11708;23416
628000;-11720;-11720;23440;-11676
628100;-11676;23352;-11616;-11616
628200;23232;-11616;-11616;23232
628300;-11600;-11600;23200;-11632
628400;-11632;23264;-11628;-11628
628500;23256;-11564;-11564;23128
628600;-11592;-11592;23184;-11536
628700;-11536;23072;-11520;-11520
628800;23040;-12012;-12012;24024
628900;-11340;-11340;22680;-11448
629000;-11448;22896;-11376;-11376
629100;22752;-11388;-11388;22776
629200;-11364;-11364;22728;-11228
629300;-11228;22456;-11200;-11200
629400;22400;-11224;-11224;22448
629500;-11132;-11132;22264;-11128
629600;-11128;22256;-11076;-11076
629700;22152;-11020;-11020;22040
629800;-10928;-10928;21856;-10924
629900;-10924;21848;-10852;-10852
630000;21704;-10732;-10732;21464
630100;-10816;-10816;21632;-10796
630200;-10796;21592;-10716;-10716
630300;21432;-10672;-10672;21344
630400;-10696;-10696;21392;-10640
630500;-10640;21280;-10532;-10532
630600;21064;-10520;-10520;21040
630700;-10532;-10532;21064;-10508
630800;-10508;21016;-10376;-10376
630900;20752;-10360;-10360;20720
631000;-10296;-10296;20592;-10272
631100;-10272;20544;-10132;-10132
631200;20264;-10120;-10120;20240
631300;7844;7844;-15688;7408
631400;7408;-14816;6316;6316
631500;-12632;6072;6072;-12144
631600;6004;6004;-12008;5952
631700;5952;-11904;6008;6008
631800;-12016;6048;6048;-12096
631900;6032;6032;-12064;6148
632000;6148;-12296;5604;5604
632100;-11208;6116;6116;-12232
632200;6172;6172;-12344;6188
632300;6188;-12376;6320;6320
632400;-12640;6344;6344;-12688
632500;6384;6384;-12768;6460
632600;6460;-12920;6544;6544
632700;-13088;6528;6528;-13056
632800;6648;6648;-13296;6716
632900;6716;-13432;6800;6800
633000;-13600;6868;6868;-13736
633100;6868;6868;-13736;6884
633200;6884;-13768;7052;7052
633300;-14104;7024;7024;-14048
633400;7136;7136;-14272;7172
633500;7172;-14344;7236;7236
633600;-14472;7396;7396;-14792
633700;6964;6964;-13928;7460
633800;7460;-14920;7440;7440
633900;-14880;7872;7872;-15744
634000;7552;7552;-15104;7664
634100;7664;-15328;7664;7664
634200;-15328;7740;7740;-15480
634300;7844;7844;-15688;7776
634400;7776;-15552;7932;7932
634500;-15864;8028;8028;-16056
634600;8100;8100;-16200;8172
634700;8172;-16344;8252;8252
634800;-16504;8312;8312;-16624
634900;8388;8388;-16776;8476
635000;8476;-16952;8548;8548
635100;-17096;8604;8604;-17208
635200;8692;8692;-17384;8740
635300;8740;-17480;8808;8808
635400;-17616;8732;8732;-17464
635500;8800;8800;-17600;8828
635600;8828;-17656;8860;8860
635700;-17720;8840;8840;-17680
635800;8892;8892;-17784;8916
635900;8916;-17832;8856;8856
636000;-17712;8868;8868;-17736
636100;8824;8824;-17648;8900
636200;8900;-17800;8784;8784
636300;-17568;8832;8832;-17664
636400;8900;8900;-17800;8748
636500;8748;-17496;8828;8828
636600;-17656;8936;8936;-17872
636700;8904;8904;-17808;8992
636800;8992;-17984;8848;8848
636900;-17696;8876;8876;-17752
637000;8948;8948;-17896;8832
637100;8832;-17664;8884;8884
637200;-17768;8908;8908;-17816
637300;8876;8876;-17752;8812
637400;8812;-17624;8984;8984
637500;-17968;8816;8816;-17632
637600;8928;8928;-17856;8932
637700;8932;-17864;8904;8904
637800;-17808;8884;8884;-17768
637900;8900;8900;-17800;8876
638000;8876;-17752;8960;8960
638100;-17920;8884;8884;-17768
638200;8904;8904;-17808;8952
638300;8952;-17904;8764;8764
638400;-17528;9000;9000;-18000
638500;8880;8880;-17760;8868
638600;8868;-17736;8936;8936
638700;-17872;8952;8952;-17904
638800;9000;9000;-18000;8908
638900;8908;-17816;8932;8932
639000;-17864;8920;8920;-17840
639100;8872;8872;-17744;9076
639200;9076;-18152;9000;9000
639300;-18000;9016;9016;-18032
639400;8976;8976;-17952;9112
639500;9112;-18224;8664;8664
639600;-17328;9052;9052;-18104
639700;9108;9108;-18216;9160
639800;9160;-18320;9260;9260
639900;-18520;9384;9384;-18768
640000;9328;9328;-18656;9412
640100;9412;-18824;9392;9392
640200;-18784;9524;9524;-19048
640300;9552;9552;-19104;9652
640400;9652;-19304;9644;9644
640500;-19288;9716;9716;-19432
640600;9788;9788;-19576;9828
640700;9828;-19656;9860;9860
640800;-19720;9976;9976;-19952
640900;9964;9964;-19928;10016
641000;10016;-20032;10036;10036
641100;-20072;10052;10052;-20104
641200;10096;10096;-20192;10092
641300;10092;-20184;10144;10144
641400;-20288;10784;10784;-21568
641500;10268;10268;-20536;10208
641600;10208;-20416;10324;10324
641700;-20648;10464;10464;-20928
641800;10392;10392;-20784;10508
641900;10508;-21016;10460;10460
642000;-20920;10556;10556;-21112
642100;10632;10632;-21264;10732
642200;10732;-21464;10736;10736
642300;-21472;10788;10788;-21576
642400;10800;10800;-21600;10820
642500;10820;-21640;10972;10972
642600;-21944;10932;10932;-21864
642700;10972;10972;-21944;10996
642800;10996;-21992;10956;10956
642900;-21912;11032;11032;-22064
643000;11140;11140;-22280;11256
643100;11256;-22512;11124;11124
643200;-22248;11232;11232;-22464
643300;11400;11400;-22800;11444
643400;11444;-22888;11512;11512
643500;-23024;11488;11488;-22976
643600;11564;11564;-23128;11720
643700;11720;-23440;12076;12076
643800;-24152;11776;11776;-23552
643900;11776;11776;-23552;11900
644000;11900;-23800;11832;11832
644100;-23664;11948;11948;-23896
644200;11972;11972;-23944;12136
644300;12136;-24272;12136;12136
644400;-24272;12152;12152;-24304
644500;12200;12200;-24400;12260
644600;12260;-24520;12308;12308
644700;-24616;7376;7376;-14752
644800;2848;2848;-5696;2936
644900;2936;-5872;2892;2892
645000;-5784;2920;2920;-5840
645100;3048;3048;-6096;2892
645200;2892;-5784;2940;2940
645300;-5880;2932;2932;-5864
645400;2884;2884;-5768;2936
645500;2936;-5872;3056;3056
645600;-6112;2932;2932;-5864
645700;2948;2948;-5896;3020
645800;3020;-6040;2892;2892
645900;-5784;2944;2944;-5888
646000;2980;2980;-5960;2984
646100;2984;-5968;2960;2960
646200;-5920;2976;2976;-5952
646300;3508;3508;-7016;2912
646400;2912;-5824;2936;2936
646500;-5872;2964;2964;-5928
646600;2864;2864;-5728;2888
646700;2888;-5776;2836;2836
646800;-5672;2812;2812;-5624
646900;2780;2780;-5560;2788
647000;2788;-5576;2716;2716
647100;-5432;2736;2736;-5472
647200;2744;2744;-5488;2680
647300;2680;-5360;2668;2668
647400;-5336;2644;2644;-5288
647500;2684;2684;-5368;2588
647600;2588;-5176;2576;2576
647700;-5152;2568;2568;-5136
647800;2544;2544;-5088;2552
647900;2552;-5104;2576;2576
648000;-5152;2560;2560;-5120
648100;2564;2564;-5128;2604
648200;2604;-5208;2708;2708
648300;-5416;2724;2724;-5448
648400;2768;2768;-5536;2796
648500;2796;-5592;2904;2904
648600;-5808;2900;2900;-5800
648700;2928;2928;-5856;2904
648800;2904;-5808;2996;2996
648900;-5992;3064;3064;-6128
649000;3024;3024;-6048;3140
649100;3140;-6280;3152;3152
649200;-6304;3236;3236;-6472
649300;3300;3300;-6600;3212
649400;3212;-6424;3248;3248
649500;-6496;3212;3212;-6424
649600;3272;3272;-6544;3232
649700;3232;-6464;3236;3236
649800;-6472;3236;3236;-6472
649900;3348;3348;-6696;3228
650000;3228;-6456;3272;3272
650100;-6544;3300;3300;-6600
650200;3268;3268;-6536;3304
650300;3304;-6608;3352;3352
650400;-6704;3388;3388;-6776
650500;3412;3412;-6824;3456
650600;3456;-6912;3504;3504
650700;-7008;3568;3568;-7136
650800;3608;3608;-7216;3716
650900;3716;-7432;3748;3748
651000;-7496;3800;3800;-7600
651100;3820;3820;-7640;3960
651200;3960;-7920;3908;3908
651300;-7816;3964;3964;-7928
651400;4012;4012;-8024;4076
651500;4076;-8152;4064;4064
651600;-8128;4152;4152;-8304
651700;4108;4108;-8216;4176
651800;4176;-8352;4200;4200
651900;-8400;4256;4256;-8512
652000;4288;4288;-8576;4328
652100;4328;-8656;4336;4336
652200;-8672;4468;4468;-8936
652300;4372;4372;-8744;4436
652400;4436;-8872;4416;4416
652500;-8832;4448;4448;-8896
652600;4552;4552;-9104;4684
652700;4684;-9368;4544;4544
652800;-9088;4620;4620;-9240
652900;4640;4640;-9280;4652
653000;4652;-9304;4776;4776
653100;-9552;4752;4752;-9504
653200;4844;4844;-9688;4916
653300;4916;-9832;4924;4924
653400;-9848;5060;5060;-10120
653500;5012;5012;-10024;5056
653600;5056;-10112;5108;5108
653700;-10216;5184;5184;-10368
653800;5268;5268;-10536;5300
653900;5300;-10600;5328;5328
654000;-10656;5416;5416;-10832
654100;5456;5456;-10912;5504
654200;5504;-11008;5608;5608
654300;-11216;5584;5584;-11168
654400;5720;5720;-11440;5660
654500;5660;-11320;5668;5668
654600;-11336;5752;5752;-11504
654700;5800;5800;-11600;5832
654800;5832;-11664;5872;5872
654900;-11744;5832;5832;-11664
655000;5840;5840;-11680;5864
655100;5864;-11728;5884;5884
655200;-11768;5940;5940;-11880
655300;5896;5896;-11792;5952
655400;5952;-11904;5960;5960
655500;-11920;5996;5996;-11992
655600;6144;6144;-12288;6048
655700;6048;-12096;6096;6096
655800;-12192;6124;6124;-12248
655900;6212;6212;-12424;6240
656000;6240;-12480;6240;6240
656100;-12480;6328;6328;-12656
656200;6420;6420;-12840;6464
656300;6464;-12928;6484;6484
656400;-12968;6528;6528;-13056
656500;6592;6592;-13184;6608
656600;6608;-13216;6680;6680
656700;-13360;6740;6740;-13480
656800;6784;6784;-13568;6916
656900;6916;-13832;6880;6880
657000;-13760;6980;6980;-13960
657100;6976;6976;-13952;6980
657200;6980;-13960;7032;7032
657300;-14064;7104;7104;-14208
657400;7116;7116;-14232;7156
657500;7156;-14312;7180;7180
657600;-14360;7268;7268;-14536
657700;7316;7316;-14632;7384
657800;7384;-14768;7364;7364
657900;-14728;7404;7404;-14808
658000;7468;7468;-14936;7620
658100;7620;-15240;7256;7256
658200;-14512;7368;7368;-14736
658300;7392;7392;-14784;7496
658400;7496;-14992;7464;7464
658500;-14928;7472;7472;-14944
658600;7456;7456;-14912;7532
658700;7532;-15064;7424;7424
658800;-14848;7480;7480;-14960
658900;7396;7396;-14792;7340
659000;7340;-14680;7416;7416
659100;-14832;7324;7324;-14648
659200;7336;7336;-14672;7320
659300;7320;-14640;7260;7260
659400;-14520;7220;7220;-14440
659500;7176;7176;-14352;7172
659600;7172;-14344;7104;7104
659700;-14208;7092;7092;-14184
659800;7080;7080;-14160;7076
659900;7076;-14152;7016;7016
660000;-14032;6984;6984;-13968
660100;6980;6980;-13960;6920
660200;6920;-13840;6880;6880
660300;-13760;6828;6828;-13656
660400;6776;6776;-13552;6792
660500;6792;-13584;6760;6760
660600;-13520;6788;6788;-13576
660700;6660;6660;-13320;6668
660800;6668;-13336;6648;6648
660900;-13296;6608;6608;-13216
661000;6540;6540;-13080;6516
661100;6516;-13032;6516;6516
661200;-13032;6452;6452;-12904
661300;6332;6332;-12664;6408
661400;6408;-12816;6328;6328
661500;-12656;6388;6388;-12776
661600;6244;6244;-12488;6204
661700;6204;-12408;6172;6172
661800;-12344;6144;6144;-12288
661900;6116;6116;-12232;6056
662000;6056;-12112;6040;6040
662100;-12080;6048;6048;-12096
662200;5960;5960;-11920;5928
662300;5928;-11856;5880;5880
662400;-11760;5852;5852;-11704
662500;5824;5824;-11648;5816
662600;5816;-11632;5756;5756
662700;-11512;5692;5692;-11384
662800;5724;5724;-11448;5628
662900;5628;-11256;5564;5564
663000;-11128;5524;5524;-11048
663100;5496;5496;-10992;5444
663200;5444;-10888;5560;5560
663300;-11120;5340;5340;-10680
663400;5320;5320;-10640;5300
663500;5300;-10600;5184;5184
663600;-10368;5144;5144;-10288
663700;5120;5120;-10240;5032
663800;5032;-10064;4980;4980
663900;-9960;4984;4984;-9968
664000;4908;4908;-9816;4868
664100;4868;-9736;4848;4848
664200;-9696;4844;4844;-9688
664300;4788;4788;-9576;4764
664400;4764;-9528;4752;4752
664500;-9504;4724;4724;-9448
664600;4676;4676;-9352;5284
664700;5284;-10568;4684;4684
664800;-9368;4708;4708;-9416
664900;4708;4708;-9416;4752
665000;4752;-9504;4684;4684
665100;-9368;4676;4676;-9352
665200;4736;4736;-9472;4688
665300;4688;-9376;4704;4704
665400;-9408;4696;4696;-9392
665500;4664;4664;-9328;4668
665600;4668;-9336;4648;4648
665700;-9296;4676;4676;-9352
665800;4592;4592;-9184;4596
665900;4596;-9192;4624;4624
666000;-9248;4596;4596;-9192
666100;4736;4736;-9472;4584
666200;4584;-9168;4568;4568
666300;-9136;4512;4512;-9024
666400;4520;4520;-9040;4516
666500;4516;-9032;4460;4460
666600;-8920;4448;4448;-8896
666700;4444;4444;-8888;4436
666800;4436;-8872;4468;4468
666900;-8936;4348;4348;-8696
667000;4352;4352;-8704;4372
667100;4372;-8744;4388;4388
667200;-8776;4320;4320;-8640
667300;4272;4272;-8544;4288
667400;4288;-8576;4728;4728
667500;-9456;4280;4280;-8560
667600;4284;4284;-8568;4240
667700;4240;-8480;4212;4212
667800;-8424;4860;4860;-9720
667900;4188;4188;-8376;4160
668000;4160;-8320;4124;4124
668100;-8248;4064;4064;-8128
668200;4152;4152;-8304;4064
668300;4064;-8128;4048;4048
668400;-8096;4056;4056;-8112
668500;4028;4028;-8056;4060
668600;4060;-8120;3988;3988
668700;-7976;3964;3964;-7928
668800;3928;3928;-7856;3904
668900;3904;-7808;3876;3876
669000;-7752;3876;3876;-7752
669100;3756;3756;-7512;3780
669200;3780;-7560;3776;3776
669300;-7552;3792;3792;-7584
669400;3664;3664;-7328;3708
669500;3708;-7416;3696;3696
669600;-7392;3684;3684;-7368
669700;3720;3720;-7440;3552
669800;3552;-7104;3572;3572
669900;-7144;3544;3544;-7088
670000;3472;3472;-6944;3492
670100;3492;-6984;3328;3328
670200;-6656;3292;3292;-6584
670300;3228;3228;-6456;3208
670400;3208;-6416;3268;3268
670500;-6536;3128;3128;-6256
670600;3128;3128;-6256;3112
670700;3112;-6224;3532;3532
670800;-7064;2940;2940;-5880
670900;2924;2924;-5848;2900
671000;2900;-5800;2864;2864
671100;-5728;2764;2764;-5528
671200;2728;2728;-5456;2668
671300;2668;-5336;16116;16116
671400;-32232;17932;17932;29672
671500;18524;18524;28488;18656
671600;18656;28224;18700;18700
671700;28136;18612;18612;28312
671800;18612;18612;28312;18060
671900;18060;29416;18492;18492
672000;28552;18448;18448;28640
672100;18408;18408;28720;18384
672200;18384;28768;18324;18324
672300;28888;18272;18272;28992
672400;18188;18188;29160;18136
672500;18136;29264;18116;18116
672600;29304;18028;18028;29480
672700;18072;18072;29392;18004
672800;18004;29528;17972;17972
672900;29592;17892;17892;29752
673000;17792;17792;29952;17808
673100;17808;29920;17828;17828
673200;29880;17840;17840;29856
673300;17700;17700;30136;17712
673400;17712;30112;17628;17628
673500;30280;17660;17660;30216
673600;17624;17624;30288;17568
673700;17568;30400;17484;17484
673800;30568;17476;17476;30584
673900;17480;17480;30576;17356
674000;17356;30824;17340;17340
674100;30856;17324;17324;30888
674200;17268;17268;31000;17280
674300;17280;30976;17164;17164
674400;31208;17204;17204;31128
674500;17100;17100;31336;17096
674600;17096;31344;17000;17000
674700;31536;16888;16888;31760
674800;16932;16932;31672;16880
674900;16880;31776;16828;16828
675000;31880;16816;16816;31904
675100;16888;16888;31760;16400
675200;16400;32736;16852;16852
675300;31832;16932;16932;31672
675400;16892;16892;31752;16944
675500;16944;31648;16960;16960
675600;31616;16936;16936;31664
675700;16996;16996;31544;17016
675800;17016;31504;16996;16996
675900;31544;16988;16988;31560
676000;17048;17048;31440;17036
676100;17036;31464;16968;16968
676200;31600;17024;17024;31488
676300;17088;17088;31360;17048
676400;17048;31440;17032;17032
676500;31472;16984;16984;31568
676600;16964;16964;31608;17024
676700;17024;31488;16960;16960
676800;31616;16884;16884;31768
676900;16920;16920;31696;16740
677000;16740;32056;16680;16680
677100;32176;16696;16696;32144
677200;16744;16744;32048;16524
677300;16524;32488;16456;16456
677400;32624;16420;16420;32696
677500;16304;16304;-32608;16244
677600;16244;-32488;16168;16168
677700;-32336;16112;16112;-32224
677800;16132;16132;-32264;15964
677900;15964;-31928;16052;16052
678000;-32104;15920;15920;-31840
678100;15972;15972;-31944;15860
678200;15860;-31720;15840;15840
678300;-31680;15748;15748;-31496
678400;15680;15680;-31360;15576
678500;15576;-31152;15668;15668
678600;-31336;15564;15564;-31128
678700;15540;15540;-31080;15484
678800;15484;-30968;15368;15368
678900;-30736;15364;15364;-30728
679000;15340;15340;-30680;15320
679100;15320;-30640;15344;15344
679200;-30688;15212;15212;-30424
679300;15152;15152;-30304;15236
679400;15236;-30472;15204;15204
679500;-30408;15228;15228;-30456
679600;15268;15268;-30536;15312
679700;15312;-30624;15432;15432
679800;-30864;15428;15428;-30856
679900;15344;15344;-30688;15428
680000;15428;-30856;15424;15424
680100;-30848;15372;15372;-30744
680200;15540;15540;-31080;15456
680300;15456;-30912;15544;15544
680400;-31088;15480;15480;-30960
680500;15560;15560;-31120;15588
680600;15588;-31176;15596;15596
680700;-31192;15620;15620;-31240
680800;15660;15660;-31320;15564
680900;15564;-31128;15752;15752
681000;-31504;15676;15676;-31352
681100;15660;15660;-31320;15644
681200;15644;-31288;15716;15716
681300;-31432;15732;15732;-31464
681400;15776;15776;-31552;15708
681500;15708;-31416;15712;15712
681600;-31424;15692;15692;-31384
681700;15740;15740;-31480;15156
681800;15156;-30312;15688;15688
681900;-31376;15676;15676;-31352
682000;15684;15684;-31368;15656
682100;15656;-31312;15628;15628
682200;-31256;15628;15628;-31256
682300;15728;15728;-31456;15608
682400;15608;-31216;15612;15612
682500;-31224;15628;15628;-31256
682600;15560;15560;-31120;15676
682700;15676;-31352;15612;15612
682800;-31224;15564;15564;-31128
682900;15624;15624;-31248;15600
683000;15600;-31200;15552;15552
683100;-31104;15640;15640;-31280
683200;15564;15564;-31128;15600
683300;15600;-31200;15480;15480
683400;-30960;15896;15896;-31792
683500;15564;15564;-31128;15616
683600;15616;-31232;15588;15588
683700;-31176;15540;15540;-31080
683800;15632;15632;-31264;15544
683900;15544;-31088;15532;15532
684000;-31064;15504;15504;-31008
684100;15632;15632;-31264;15548
684200;15548;-31096;15572;15572
684300;-31144;15588;15588;-31176
684400;15620;15620;-31240;15576
684500;15576;-31152;15472;15472
684600;-30944;15484;15484;-30968
684700;-8340;-8340;16680;-5980
684800;-5980;11960;-5840;-5840
684900;11680;-5868;-5868;11736
685000;-5804;-5804;11608;-5780
685100;-5780;11560;-5860;-5860
685200;11720;-5812;-5812;11624
685300;-5832;-5832;11664;-5776
685400;-5776;11552;-5748;-5748
685500;11496;-5832;-5832;11664
685600;-5788;-5788;11576;-5844
685700;-5844;11688;-5812;-5812
685800;11624;-5816;-5816;11632
685900;-5808;-5808;11616;-5732
686000;-5732;11464;-5776;-5776
686100;11552;-5800;-5800;11600
686200;-5744;-5744;11488;-5776
686300;-5776;11552;-5800;-5800
686400;11600;-5728;-5728;11456
686500;-5740;-5740;11480;-5772
686600;-5772;11544;-5800;-5800
686700;11600;-5796;-5796;11592
686800;-5800;-5800;11600;-5776
686900;-5776;11552;-5812;-5812
687000;11624;-5744;-5744;11488
687100;-5812;-5812;11624;-5800
687200;-5800;11600;-5772;-5772
687300;11544;-5824;-5824;11648
687400;-5832;-5832;11664;-5864
687500;-5864;11728;-5792;-5792
687600;11584;-5808;-5808;11616
687700;-5836;-5836;11672;-5848
687800;-5848;11696;-5836;-5836
687900;11672;-5864;-5864;11728
688000;-5896;-5896;11792;-6228
688100;-6228;12456;-5876;-5876
688200;11752;-5920;-5920;11840
688300;-5900;-5900;11800;-5900
688400;-5900;11800;-5936;-5936
688500;11872;-5992;-5992;11984
688600;-6028;-6028;12056;-6036
688700;-6036;12072;-6064;-6064
688800;12128;-6128;-6128;12256
688900;-6208;-6208;12416;-6192
689000;-6192;12384;-6220;-6220
689100;12440;-6344;-6344;12688
689200;-6268;-6268;12536;-6388
689300;-6388;12776;-6400;-6400
689400;12800;-6396;-6396;12792
689500;-6460;-6460;12920;-6532
689600;-6532;13064;-6516;-6516
689700;13032;-6528;-6528;13056
689800;-6592;-6592;13184;-6596
689900;-6596;13192;-6660;-6660
690000;13320;-6620;-6620;13240
690100;-6652;-6652;13304;-6792
690200;-6792;13584;-6740;-6740
690300;13480;-6764;-6764;13528
690400;-6856;-6856;13712;-6876
690500;-6876;13752;-6868;-6868
690600;13736;-6912;-6912;13824
690700;-6976;-6976;13952;-6908
690800;-6908;13816;-6976;-6976
690900;13952;-6992;-6992;13984
691000;-7020;-7020;14040;-7036
691100;-7036;14072;-7088;-7088
691200;14176;-7172;-7172;14344
691300;-7140;-7140;14280;-7156
691400;-7156;14312;-7772;-7772
691500;15544;-7256;-7256;14512
691600;-7324;-7324;14648;-7344
691700;-7344;14688;-7332;-7332
691800;14664;-7340;-7340;14680
691900;-7360;-7360;14720;-7436
692000;-7436;14872;-7320;-7320
692100;14640;-7348;-7348;14696
692200;-7376;-7376;14752;-7356
692300;-7356;14712;-7492;-7492
692400;14984;-7500;-7500;15000
692500;-7564;-7564;15128;-7656
692600;-7656;15312;-7696;-7696
692700;15392;-7744;-7744;15488
692800;-7796;-7796;15592;-7864
692900;-7864;15728;-7936;-7936
693000;15872;-7924;-7924;15848
693100;-8028;-8028;16056;-8112
693200;-8112;16224;-8644;-8644
693300;17288;-8220;-8220;16440
693400;-8364;-8364;16728;-8448
693500;-8448;16896;-8572;-8572
693600;17144;-8556;-8556;17112
693700;-8696;-8696;17392;-8800
693800;-8800;17600;-8836;-8836
693900;17672;-8904;-8904;17808
694000;-8988;-8988;17976;-9080
694100;-9080;18160;-9084;-9084
694200;18168;-9152;-9152;18304
694300;-9256;-9256;18512;-9232
694400;-9232;18464;-9336;-9336
694500;18672;-9364;-9364;18728
694600;-9328;-9328;18656;-9388
694700;-9388;18776;-9312;-9312
694800;18624;-9336;-9336;18672
694900;-9312;-9312;18624;-9300
695000;-9300;18600;-9228;-9228
695100;18456;-9144;-9144;18288
695200;-9116;-9116;18232;-9140
695300;-9140;18280;-9084;-9084
695400;18168;-9108;-9108;18216
695500;-9092;-9092;18184;-9080
695600;-9080;18160;-9072;-9072
695700;18144;-9060;-9060;18120
695800;-9072;-9072;18144;-9060
695900;-9060;18120;-9152;-9152
696000;18304;-9120;-9120;18240
696100;-9116;-9116;18232;-9232
696200;-9232;18464;-9292;-9292
696300;18584;-9320;-9320;18640
696400;-9328;-9328;18656;-9416
696500;-9416;18832;-9432;-9432
696600;18864;-9488;-9488;18976
696700;-9496;-9496;18992;-9504
696800;-9504;19008;-9592;-9592
696900;19184;-9600;-9600;19200
697000;-9628;-9628;19256;-9736
697100;-9736;19472;-9720;-9720
697200;19440;-9760;-9760;19520
697300;-9804;-9804;19608;-9836
697400;-9836;19672;-9928;-9928
697500;19856;-9852;-9852;19704
697600;-9924;-9924;19848;-9988
697700;-9988;19976;-10044;-10044
697800;20088;-10008;-10008;20016
697900;-10036;-10036;20072;-14904
698000;-14904;29808;-13392;-13392
698100;26784;-13632;-13632;27264
698200;-13844;-13844;27688;-13968
698300;-13968;27936;-14040;-14040
698400;28080;-14012;-14012;28024
698500;-14064;-14064;28128;-14020
698600;-14020;28040;-14060;-14060
698700;28120;-14332;-14332;28664
698800;-13988;-13988;27976;-14020
698900;-14020;28040;-13980;-13980
699000;27960;-13992;-13992;27984
699100;-14056;-14056;28112;-13928
699200;-13928;27856;-13876;-13876
699300;27752;-13908;-13908;27816
699400;-13816;-13816;27632;-13836
699500;-13836;27672;-13804;-13804
699600;27608;-13756;-13756;27512
699700;-13800;-13800;27600;-13756
699800;-13756;27512;-13816;-13816
699900;27632;-13680;-13680;27360
700000;-13684;-13684;27368;-13676
700100;-13676;27352;-13588;-13588
700200;27176;-13584;-13584;27168
700300;-13592;-13592;27184;-13620
700400;-13620;27240;-13472;-13472
700500;26944;-13472;-13472;26944
700600;-13448;-13448;26896;-13404
700700;-13404;26808;-13348;-13348
700800;26696;-13296;-13296;26592
700900;-13216;-13216;26432;-13216
701000;-13216;26432;-13180;-13180
701100;26360;-13164;-13164;26328
701200;-13160;-13160;26320;-13144
701300;-13144;26288;-13076;-13076
701400;26152;-13040;-13040;26080
701500;-12952;-12952;25904;-12964
701600;-12964;25928;-12952;-12952
701700;25904;-12868;-12868;25736
701800;-12880;-12880;25760;-12876
701900;-12876;25752;-12852;-12852
702000;25704;-12792;-12792;25584
702100;-12772;-12772;25544;-12748
702200;-12748;25496;-12656;-12656
702300;25312;-12644;-12644;25288
702400;-12612;-12612;25224;-12516
702500;-12516;25032;-12432;-12432
702600;24864;-12464;-12464;24928
702700;-12388;-12388;24776;-12376
702800;-12376;24752;-12336;-12336
702900;24672;-12340;-12340;24680
703000;-12204;-12204;24408;-12172
703100;-12172;24344;-12196;-12196
703200;24392;-12140;-12140;24280
703300;-12152;-12152;24304;-12144
703400;-12144;24288;-12044;-12044
703500;24088;-12088;-12088;24176
703600;-12096;-12096;24192;-12044
703700;-12044;24088;-12068;-12068
703800;24136;-12088;-12088;24176
703900;-12368;-12368;24736;-11992
704000;-11992;23984;-12032;-12032
704100;24064;-12056;-12056;24112
704200;-11976;-11976;23952;-12008
704300;-12008;24016;-12040;-12040
704400;24080;-11980;-11980;23960
704500;-12012;-12012;24024;-12048
704600;-12048;24096;-12036;-12036
704700;24072;-12012;-12012;24024
704800;-12008;-12008;24016;-12040
704900;-12040;24080;-11976;-11976
705000;23952;-12004;-12004;24008
705100;-11996;-11996;23992;-11948
705200;-11948;23896;-12000;-12000
705300;24000;-12008;-12008;24016
705400;-12032;-12032;24064;-12080
705500;-12080;24160;-11972;-11972
705600;23944;-12012;-12012;24024
705700;-12032;-12032;24064;-12096
705800;-12096;24192;-12028;-12028
705900;24056;-12060;-12060;24120
706000;-12068;-12068;24136;-12076
706100;-12076;24152;-11964;-11964
706200;23928;-12036;-12036;24072
706300;-12040;-12040;24080;-12028
706400;-12028;24056;-11952;-11952
706500;23904;-12000;-12000;24000
706600;-12004;-12004;24008;-11900
706700;-11900;23800;-11892;-11892
706800;23784;-11960;-11960;23920
706900;-11968;-11968;23936;-11992
707000;-11992;23984;-11884;-11884
707100;23768;-11896;-11896;23792
707200;-11916;-11916;23832;-11916
707300;-11916;23832;-11876;-11876
707400;23752;-11840;-11840;23680
707500;-11896;-11896;23792;-11840
707600;-11840;23680;-11820;-11820
707700;23640;-11844;-11844;23688
707800;-11740;-11740;23480;-11780
707900;-11780;23560;-11832;-11832
708000;23664;-11772;-11772;23544
708100;-11604;-11604;23208;-11668
708200;-11668;23336;-11728;-11728
708300;23456;-11700;-11700;23400
708400;-11652;-11652;23304;-11524
708500;-11524;23048;-11620;-11620
708600;23240;-11596;-11596;23192
708700;-11624;-11624;23248;-11516
708800;-11516;23032;-11492;-11492
708900;22984;-11536;-11536;23072
709000;-11488;-11488;22976;-11472
709100;-11472;22944;-11440;-11440
709200;22880;-11344;-11344;22688
709300;-11320;-11320;22640;-11276
709400;-11276;22552;-11248;-11248
709500;22496;-11200;-11200;22400
709600;-11260;-11260;22520;-11192
709700;-11192;22384;-11084;-11084
709800;22168;-11064;-11064;22128
709900;-11056;-11056;22112;-10976
710000;-10976;21952;-10968;-10968
710100;21936;-10852;-10852;21704
710200;-10816;-10816;21632;-10836
710300;-10836;21672;-10808;-10808
710400;21616;-10732;-10732;21464
710500;-10652;-10652;21304;-10592
710600;-10592;21184;-10608;-10608
710700;21216;-10648;-10648;21296
710800;-10484;-10484;20968;-10484
710900;-10484;20968;-10452;-10452
711000;20904;-10428;-10428;20856
711100;-10308;-10308;20616;-10320
711200;-10320;20640;-10268;-10268
711300;20536;-10232;-10232;20464
711400;-10184;-10184;20368;7704
711500;7704;-15408;6748;6748
711600;-13496;6276;6276;-12552
711700;6128;6128;-12256;5948
711800;5948;-11896;5948;5948
711900;-11896;6076;6076;-12152
712000;6116;6116;-12232;6080
712100;6080;-12160;6124;6124
712200;-12248;6132;6132;-12264
712300;6164;6164;-12328;6240
712400;6240;-12480;6260;6260
712500;-12520;6292;6292;-12584
712600;6340;6340;-12680;6440
712700;6440;-12880;6444;6444
712800;-12888;6480;6480;-12960
712900;6576;6576;-13152;6616
713000;6616;-13232;6700;6700
713100;-13400;6708;6708;-13416
713200;6796;6796;-13592;6836
713300;6836;-13672;6924;6924
713400;-13848;6964;6964;-13928
713500;7036;7036;-14072;7036
713600;7036;-14072;7176;7176
713700;-14352;7288;7288;-14576
713800;7360;7360;-14720;7364
713900;7364;-14728;7448;7448
714000;-14896;7504;7504;-15008
714100;7612;7612;-15224;7644
714200;7644;-15288;7672;7672
714300;-15344;7832;7832;-15664
714400;7776;7776;-15552;7860
714500;7860;-15720;7948;7948
714600;-15896;8024;8024;-16048
714700;8016;8016;-16032;8092
714800;8092;-16184;8148;8148
714900;-16296;8240;8240;-16480
715000;8340;8340;-16680;8536
715100;8536;-17072;8496;8496
715200;-16992;8524;8524;-17048
715300;8648;8648;-17296;8608
715400;8608;-17216;8844;8844
715500;-17688;8776;8776;-17552
715600;8896;8896;-17792;8904
715700;8904;-17808;8824;8824
715800;-17648;8892;8892;-17784
715900;8860;8860;-17720;8888
716000;8888;-17776;8860;8860
716100;-17720;8864;8864;-17728
716200;8864;8864;-17728;8848
716300;8848;-17696;8800;8800
716400;-17600;8880;8880;-17760
716500;8924;8924;-17848;8880
716600;8880;-17760;8840;8840
716700;-17680;8924;8924;-17848
716800;8892;8892;-17784;8844
716900;8844;-17688;8932;8932
717000;-17864;8928;8928;-17856
717100;8816;8816;-17632;8856
717200;8856;-17712;8916;8916
717300;-17832;8940;8940;-17880
717400;8912;8912;-17824;8940
717500;8940;-17880;8968;8968
717600;-17936;8916;8916;-17832
717700;8964;8964;-17928;8868
717800;8868;-17736;8896;8896
717900;-17792;8956;8956;-17912
718000;8912;8912;-17824;8912
718100;8912;-17824;8920;8920
718200;-17840;8516;8516;-17032
718300;8892;8892;-17784;8964
718400;8964;-17928;8868;8868
718500;-17736;9084;9084;-18168
718600;8936;8936;-17872;8932
718700;8932;-17864;8868;8868
718800;-17736;8912;8912;-17824
718900;8968;8968;-17936;8928
719000;8928;-17856;8972;8972
719100;-17944;8952;8952;-17904
719200;8992;8992;-17984;8860
719300;8860;-17720;8972;8972
719400;-17944;9028;9028;-18056
719500;9032;9032;-18064;9068
719600;9068;-18136;9032;9032
719700;-18064;9100;9100;-18200
719800;9116;9116;-18232;9288
719900;9288;-18576;9180;9180
720000;-18360;9244;9244;-18488
720100;9312;9312;-18624;9948
720200;9948;-19896;9388;9388
720300;-18776;9512;9512;-19024
720400;9388;9388;-18776;9600
720500;9600;-19200;9644;9644
720600;-19288;9724;9724;-19448
720700;9652;9652;-19304;10000
720800;10000;-20000;9824;9824
720900;-19648;9880;9880;-19760
721000;9992;9992;-19984;10008
721100;10008;-20016;9968;9968
721200;-19936;10056;10056;-20112
721300;10108;10108;-20216;10132
721400;10132;-20264;10188;10188
721500;-20376;10176;10176;-20352
721600;10236;10236;-20472;10344
721700;10344;-20688;10496;10496
721800;-20992;10388;10388;-20776
721900;10444;10444;-20888;10512
722000;10512;-21024;10552;10552
722100;-21104;10588;10588;-21176
722200;10596;10596;-21192;10712
722300;10712;-21424;10688;10688
722400;-21376;10804;10804;-21608
722500;10528;10528;-21056;10944
722600;10944;-21888;10900;10900
722700;-21800;10940;10940;-21880
722800;11048;11048;-22096;10960
722900;10960;-21920;11672;11672
723000;-23344;11088;11088;-22176
723100;11160;11160;-22320;11232
723200;11232;-22464;11360;11360
723300;-22720;11228;11228;-22456
723400;11376;11376;-22752;11360
723500;11360;-22720;11468;11468
723600;-22936;11552;11552;-23104
723700;11576;11576;-23152;11612
723800;11612;-23224;11652;11652
723900;-23304;11780;11780;-23560
724000;11776;11776;-23552;11896
724100;11896;-23792;11876;11876
724200;-23752;11904;11904;-23808
724300;12004;12004;-24008;12040
724400;12040;-24080;12144;12144
724500;-24288;12240;12240;-24480
724600;12320;12320;-24640;12212
724700;12212;-24424;12292;12292
724800;-24584;7400;7400;-14800
724900;2876;2876;-5752;2908
725000;2908;-5816;2860;2860
725100;-5720;2880;2880;-5760
725200;2900;2900;-5800;2940
725300;2940;-5880;2956;2956
725400;-5912;2880;2880;-5760
725500;2912;2912;-5824;2932
725600;2932;-5864;2936;2936
725700;-5872;2904;2904;-5808
725800;2940;2940;-5880;2936
725900;2936;-5872;2960;2960
726000;-5920;2880;2880;-5760
726100;2992;2992;-5984;2952
726200;2952;-5904;2968;2968
726300;-5936;2988;2988;-5976
726400;3056;3056;-6112;2920
726500;2920;-5840;2940;2940
726600;-5880;2892;2892;-5784
726700;2916;2916;-5832;2892
726800;2892;-5784;2864;2864
726900;-5728;2876;2876;-5752
727000;2808;2808;-5616;2796
727100;2796;-5592;2792;2792
727200;-5584;2780;2780;-5560
727300;2720;2720;-5440;2724
727400;2724;-5448;2704;2704
727500;-5408;2672;2672;-5344
727600;2688;2688;-5376;2620
727700;2620;-5240;2644;2644
727800;-5288;2612;2612;-5224
727900;2520;2520;-5040;2540
728000;2540;-5080;2532;2532
728100;-5064;2580;2580;-5160
728200;2580;2580;-5160;2636
728300;2636;-5272;2720;2720
728400;-5440;2692;2692;-5384
728500;2752;2752;-5504;2764
728600;2764;-5528;3316;3316
728700;-6632;2844;2844;-5688
728800;2864;2864;-5728;2920
728900;2920;-5840;3016;3016
729000;-6032;2996;2996;-5992
729100;3032;3032;-6064;3056
729200;3056;-6112;3108;3108
729300;-6216;3188;3188;-6376
729400;3376;3376;-6752;3248
729500;3248;-6496;3228;3228
729600;-6456;3280;3280;-6560
729700;3244;3244;-6488;3268
729800;3268;-6536;3268;3268
729900;-6536;3272;3272;-6544
730000;3248;3248;-6496;3276
730100;3276;-6552;3256;3256
730200;-6512;3292;3292;-6584
730300;3300;3300;-6600;3316
730400;3316;-6632;3320;3320
730500;-6640;3384;3384;-6768
730600;3380;3380;-6760;3444
730700;3444;-6888;3440;3440
730800;-6880;3596;3596;-7192
730900;3568;3568;-7136;3624
731000;3624;-7248;3784;3784
731100;-7568;3700;3700;-7400
731200;3772;3772;-7544;3856
731300;3856;-7712;3884;3884
731400;-7768;3960;3960;-7920
731500;3980;3980;-7960;4052
731600;4052;-8104;4200;4200
731700;-8400;4096;4096;-8192
731800;4108;4108;-8216;4172
731900;4172;-8344;4208;4208
732000;-8416;4220;4220;-8440
732100;4192;4192;-8384;4288
732200;4288;-8576;4320;4320
732300;-8640;4360;4360;-8720
732400;4352;4352;-8704;4400
732500;4400;-8800;4456;4456
732600;-8912;4484;4484;-8968
732700;4500;4500;-9000;4532
732800;4532;-9064;4568;4568
732900;-9136;4656;4656;-9312
733000;4620;4620;-9240;4636
733100;4636;-9272;4644;4644
733200;-9288;4704;4704;-9408
733300;4772;4772;-9544;4844
733400;4844;-9688;4984;4984
733500;-9968;4920;4920;-9840
733600;5012;5012;-10024;5044
733700;5044;-10088;5108;5108
733800;-10216;5160;5160;-10320
733900;5164;5164;-10328;5232
734000;5232;-10464;5252;5252
734100;-10504;5344;5344;-10688
734200;5416;5416;-10832;5452
734300;5452;-10904;5624;5624
734400;-11248;5516;5516;-11032
734500;5580;5580;-11160;5656
734600;5656;-11312;5708;5708
734700;-11416;5768;5768;-11536
734800;5732;5732;-11464;5784
734900;5784;-11568;5780;5780
735000;-11560;5848;5848;-11696
735100;5848;5848;-11696;5884
735200;5884;-11768;5856;5856
735300;-11712;5844;5844;-11688
735400;5912;5912;-11824;5980
735500;5980;-11960;6040;6040
735600;-12080;5952;5952;-11904
735700;5996;5996;-11992;6060
735800;6060;-12120;6036;6036
735900;-12072;6112;6112;-12224
736000;6168;6168;-12336;6148
736100;6148;-12296;6216;6216
736200;-12432;6288;6288;-12576
736300;6316;6316;-12632;6388
736400;6388;-12776;6472;6472
736500;-12944;6496;6496;-12992
736600;6528;6528;-13056;6616
736700;6616;-13232;6660;6660
736800;-13320;6652;6652;-13304
736900;6768;6768;-13536;6800
737000;6800;-13600;6868;6868
737100;-13736;6908;6908;-13816
737200;6984;6984;-13968;7068
737300;7068;-14136;7020;7020
737400;-14040;7072;7072;-14144
737500;7104;7104;-14208;7132
737600;7132;-14264;7184;7184
737700;-14368;7232;7232;-14464
737800;7284;7284;-14568;7260
737900;7260;-14520;7348;7348
738000;-14696;7356;7356;-14712
738100;7400;7400;-14800;7588
738200;7588;-15176;7276;7276
738300;-14552;7344;7344;-14688
738400;7396;7396;-14792;7424
738500;7424;-14848;7436;7436
738600;-14872;7572;7572;-15144
738700;7424;7424;-14848;7408
738800;7408;-14816;7480;7480
738900;-14960;7468;7468;-14936
739000;7492;7492;-14984;7384
739100;7384;-14768;7396;7396
739200;-14792;7356;7356;-14712
739300;7384;7384;-14768;7360
739400;7360;-14720;7280;7280
739500;-14560;7296;7296;-14592
739600;7248;7248;-14496;7152
739700;7152;-14304;7052;7052
739800;-14104;7140;7140;-14280
739900;7120;7120;-14240;7104
740000;7104;-14208;6980;6980
740100;-13960;7076;7076;-14152
740200;6976;6976;-13952;6944
740300;6944;-13888;6880;6880
740400;-13760;6864;6864;-13728
740500;6852;6852;-13704;6800
740600;6800;-13600;6824;6824
740700;-13648;6816;6816;-13632
740800;6660;6660;-13320;6668
740900;6668;-13336;6644;6644
741000;-13288;6588;6588;-13176
741100;6556;6556;-13112;6584
741200;6584;-13168;6520;6520
741300;-13040;6540;6540;-13080
741400;6460;6460;-12920;6384
741500;6384;-12768;6424;6424
741600;-12848;6336;6336;-12672
741700;6300;6300;-12600;6220
741800;6220;-12440;6304;6304
741900;-12608;6152;6152;-12304
742000;6168;6168;-12336;6136
742100;6136;-12272;6096;6096
742200;-12192;6252;6252;-12504
742300;6020;6020;-12040;5964
742400;5964;-11928;5880;5880
742500;-11760;5860;5860;-11720
742600;5844;5844;-11688;5808
742700;5808;-11616;5724;5724
742800;-11448;5752;5752;-11504
742900;5808;5808;-11616;5632
743000;5632;-11264;5616;5616
743100;-11232;5624;5624;-11248
743200;5604;5604;-11208;5492
743300;5492;-10984;5456;5456
743400;-10912;5376;5376;-10752
743500;5396;5396;-10792;5308
743600;5308;-10616;5256;5256
743700;-10512;5220;5220;-10440
743800;5132;5132;-10264;5124
743900;5124;-10248;5064;5064
744000;-10128;4992;4992;-9984
744100;4960;4960;-9920;4960
744200;4960;-9920;4876;4876
744300;-9752;5156;5156;-10312
744400;4772;4772;-9544;4788
744500;4788;-9576;4800;4800
744600;-9600;4772;4772;-9544
744700;4768;4768;-9536;4752
744800;4752;-9504;4748;4748
744900;-9496;4756;4756;-9512
745000;4744;4744;-9488;4724
745100;4724;-9448;4704;4704
745200;-9408;4756;4756;-9512
745300;4720;4720;-9440;4716
745400;4716;-9432;4692;4692
745500;-9384;4684;4684;-9368
745600;4684;4684;-9368;4656
745700;4656;-9312;4648;4648
745800;-9296;4636;4636;-9272
745900;4576;4576;-9152;4560
746000;4560;-9120;4632;4632
746100;-9264;4620;4620;-9240
746200;4572;4572;-9144;4584
746300;4584;-9168;4540;4540
746400;-9080;4540;4540;-9080
746500;4484;4484;-8968;4536
746600;4536;-9072;4504;4504
746700;-9008;4504;4504;-9008
746800;4420;4420;-8840;4456
746900;4456;-8912;4488;4488
747000;-8976;4388;4388;-8776
747100;4352;4352;-8704;4384
747200;4384;-8768;4844;4844
747300;-9688;4368;4368;-8736
747400;4376;4376;-8752;4372
747500;4372;-8744;4356;4356
747600;-8712;4324;4324;-8648
747700;4288;4288;-8576;4304
747800;4304;-8608;4220;4220
747900;-8440;4212;4212;-8424
748000;4180;4180;-8360;4124
748100;4124;-8248;4148;4148
748200;-8296;4172;4172;-8344
748300;4180;4180;-8360;4160
748400;4160;-8320;4088;4088
748500;-8176;4076;4076;-8152
748600;4068;4068;-8136;4032
748700;4032;-8064;4060;4060
748800;-8120;3952;3952;-7904
748900;3960;3960;-7920;4008
749000;4008;-8016;4148;4148
749100;-8296;3860;3860;-7720
749200;3856;3856;-7712;3840
749300;3840;-7680;3760;3760
749400;-7520;3788;3788;-7576
749500;3788;3788;-7576;3768
749600;3768;-7536;3728;3728
749700;-7456;3700;3700;-7400
749800;3660;3660;-7320;3536
749900;3536;-7072;3572;3572
750000;-7144;3536;3536;-7072
750100;3540;3540;-7080;3440
750200;3440;-6880;3412;3412
750300;-6824;3364;3364;-6728
750400;3336;3336;-6672;3292
750500;3292;-6584;3196;3196
750600;-6392;3188;3188;-6376
750700;3172;3172;-6344;3144
750800;3144;-6288;3088;3088
750900;-6176;3144;3144;-6288
751000;2932;2932;-5864;2940
751100;2940;-5880;2904;2904
751200;-5808;2848;2848;-5696
751300;2852;2852;-5704;2732
751400;2732;-5464;16172;16172
751500;-32344;17988;17988;29560
751600;18556;18556;28424;18728
751700;18728;28080;18680;18680
751800;28176;18780;18780;27976
751900;18676;18676;28184;18628
752000;18628;28280;18520;18520
752100;28496;18492;18492;28552
752200;18496;18496;28544;18448
752300;18448;28640;18376;18376
752400;28784;18276;18276;28984
752500;18292;18292;28952;18324
752600;18324;28888;18172;18172
752700;29192;18176;18176;29184
752800;18060;18060;29416;18040
752900;18040;29456;18036;18036
753000;29464;17976;17976;29584
753100;17936;17936;29664;17864
753200;17864;29808;17884;17884
753300;29768;17872;17872;29792
753400;17752;17752;30032;17644
753500;17644;30248;17624;17624
753600;30288;17608;17608;30320
753700;17664;17664;30208;17620
753800;17620;30296;17592;17592
753900;30352;17452;17452;30632
754000;17576;17576;30384;17388
754100;17388;30760;17428;17428
754200;30680;17396;17396;30744
754300;17424;17424;30688;17240
754400;17240;31056;17264;17264
754500;31008;17212;17212;31112
754600;17164;17164;31208;17100
754700;17100;31336;17072;17072
754800;31392;17012;17012;31512
754900;17024;17024;31488;16860
755000;16860;31816;16856;16856
755100;31824;16844;16844;31848
755200;16912;16912;31712;16904
755300;16904;31728;16840;16840
755400;31856;16936;16936;31664
755500;16936;16936;31664;16888
755600;16888;31760;16948;16948
755700;31640;17032;17032;31472
755800;16980;16980;31576;17008
755900;17008;31520;16968;16968
756000;31600;17032;17032;31472
756100;16964;16964;31608;17024
756200;17024;31488;17016;17016
756300;31504;17084;17084;31368
756400;17032;17032;31472;17084
756500;17084;31368;17024;17024
756600;31488;16984;16984;31568
756700;17020;17020;31496;16940
756800;16940;31656;17008;17008
756900;31520;16916;16916;31704
757000;16828;16828;31880;16828
757100;16828;31880;16736;16736
757200;32064;16696;16696;32144
757300;16628;16628;32280;16588
757400;16588;32360;16476;16476
757500;32584;16452;16452;32632
757600;16324;16324;-32648;16256
757700;16256;-32512;16252;16252
757800;-32504;16176;16176;-32352
757900;16092;16092;-32184;16108
758000;16108;-32216;15984;15984
758100;-31968;15940;15940;-31880
758200;15952;15952;-31904;15588
758300;15588;-31176;15828;15828
758400;-31656;15748;15748;-31496
758500;15660;15660;-31320;15632
758600;15632;-31264;15600;15600
758700;-31200;15684;15684;-31368
758800;15508;15508;-31016;15524
758900;15524;-31048;15424;15424
759000;-30848;15404;15404;-30808
759100;15428;15428;-30856;15284
759200;15284;-30568;15320;15320
759300;-30640;15240;15240;-30480
759400;15232;15232;-30464;15188
759500;15188;-30376;15244;15244
759600;-30488;15152;15152;-30304
759700;15300;15300;-30600;15272
759800;15272;-30544;15300;15300
759900;-30600;15260;15260;-30520
760000;15332;15332;-30664;15340
760100;15340;-30680;15368;15368
760200;-30736;15480;15480;-30960
760300;15448;15448;-30896;15440
760400;15440;-30880;15572;15572
760500;-31144;15476;15476;-30952
760600;15508;15508;-31016;15660
760700;15660;-31320;15500;15500
760800;-31000;15632;15632;-31264
760900;15688;15688;-31376;15744
761000;15744;-31488;15644;15644
761100;-31288;15680;15680;-31360
761200;15676;15676;-31352;15648
761300;15648;-31296;15684;15684
761400;-31368;15688;15688;-31376
761500;15716;15716;-31432;15748
761600;15748;-31496;15660;15660
761700;-31320;15700;15700;-31400
761800;15680;15680;-31360;15720
761900;15720;-31440;15700;15700
762000;-31400;15664;15664;-31328
762100;15716;15716;-31432;15704
762200;15704;-31408;15640;15640
762300;-31280;15608;15608;-31216
762400;15684;15684;-31368;15624
762500;15624;-31248;16000;16000
762600;-32000;15616;15616;-31232
762700;15628;15628;-31256;15628
762800;15628;-31256;15652;15652
762900;-31304;15588;15588;-31176
763000;15596;15596;-31192;15676
763100;15676;-31352;15664;15664
763200;-31328;15580;15580;-31160
763300;15620;15620;-31240;15564
763400;15564;-31128;15524;15524
763500;-31048;15604;15604;-31208
763600;15624;15624;-31248;15624
763700;15624;-31248;15604;15604
763800;-31208;15580;15580;-31160
763900;15504;15504;-31008;15516
764000;15516;-31032;15528;15528
764100;-31056;15572;15572;-31144
764200;15572;15572;-31144;15544
764300;15544;-31088;15524;15524
764400;-31048;15556;15556;-31112
764500;15444;15444;-30888;15596
764600;15596;-31192;15488;15488
764700;-30976;15552;15552;-31104
764800;15508;15508;-31016;-8372
764900;-8372;16744;-5952;-5952
765000;11904;-5904;-5904;11808
765100;-5828;-5828;11656;-5804
765200;-5804;11608;-5832;-5832
765300;11664;-5792;-5792;11584
765400;-5820;-5820;11640;-5848
765500;-5848;11696;-5764;-5764
765600;11528;-5760;-5760;11520
765700;-5816;-5816;11632;-5780
765800;-5780;11560;-5780;-5780
765900;11560;-5808;-5808;11616
766000;-5748;-5748;11496;-5764
766100;-5764;11528;-5780;-5780
766200;11560;-5764;-5764;11528
766300;-5768;-5768;11536;-5752
766400;-5752;11504;-5760;-5760
766500;11520;-5784;-5784;11568
766600;-5744;-5744;11488;-5752
766700;-5752;11504;-6116;-6116
766800;12232;-5736;-5736;11472
766900;-5748;-5748;11496;-5800
767000;-5800;11600;-5756;-5756
767100;11512;-6388;-6388;12776
767200;-5744;-5744;11488;-5780
767300;-5780;11560;-5824;-5824
767400;11648;-5776;-5776;11552
767500;-5764;-5764;11528;-5784
767600;-5784;11568;-5820;-5820
767700;11640;-5804;-5804;11608
767800;-5864;-5864;11728;-5796
767900;-5796;11592;-5824;-5824
768000;11648;-5824;-5824;11648
768100;-5892;-5892;11784;-5808
768200;-5808;11616;-5860;-5860
768300;11720;-5864;-5864;11728
768400;-5908;-5908;11816;-5888
768500;-5888;11776;-5932;-5932
768600;11864;-5936;-5936;11872
768700;-5980;-5980;11960;-5984
768800;-5984;11968;-6044;-6044
768900;12088;-6096;-6096;12192
769000;-6132;-6132;12264;-6152
769100;-6152;12304;-6240;-6240
769200;12480;-6268;-6268;12536
769300;-6340;-6340;12680;-6316
769400;-6316;12632;-6380;-6380
769500;12760;-6484;-6484;12968
769600;-6484;-6484;12968;-6476
769700;-6476;12952;-6476;-6476
769800;12952;-6596;-6596;13192
769900;-6596;-6596;13192;-6600
770000;-6600;13200;-6608;-6608
770100;13216;-6624;-6624;13248
770200;-6696;-6696;13392;-6640
770300;-6640;13280;-6720;-6720
770400;13440;-6708;-6708;13416
770500;-6764;-6764;13528;-6748
770600;-6748;13496;-6844;-6844
770700;13688;-6908;-6908;13816
770800;-6968;-6968;13936;-6896
770900;-6896;13792;-6972;-6972
771000;13944;-6968;-6968;13936
771100;-7016;-7016;14032;-7036
771200;-7036;14072;-7104;-7104
771300;14208;-7104;-7104;14208
771400;-7084;-7084;14168;-7096
771500;-7096;14192;-7184;-7184
771600;14368;-7136;-7136;14272
771700;-7216;-7216;14432;-7336
771800;-7336;14672;-7344;-7344
771900;14688;-7348;-7348;14696
772000;-7324;-7324;14648;-7324
772100;-7324;14648;-7316;-7316
772200;14632;-7364;-7364;14728
772300;-7372;-7372;14744;-7356
772400;-7356;14712;-7432;-7432
772500;14864;-7508;-7508;15016
772600;-7496;-7496;14992;-7604
772700;-7604;15208;-7600;-7600
772800;15200;-7672;-7672;15344
772900;-7716;-7716;15432;-7864
773000;-7864;15728;-7944;-7944
773100;15888;-7948;-7948;15896
773200;-7980;-7980;15960;-8080
773300;-8080;16160;-8076;-8076
773400;16152;-8228;-8228;16456
773500;-8184;-8184;16368;-8364
773600;-8364;16728;-8448;-8448
773700;16896;-8600;-8600;17200
773800;-8596;-8596;17192;-8684
773900;-8684;17368;-8748;-8748
774000;17496;-8808;-8808;17616
774100;-8860;-8860;17720;-9016
774200;-9016;18032;-9036;-9036
774300;18072;-9044;-9044;18088
774400;-9124;-9124;18248;-9216
774500;-9216;18432;-9196;-9196
774600;18392;-9264;-9264;18528
774700;-9312;-9312;18624;-9344
774800;-9344;18688;-9308;-9308
774900;18616;-9384;-9384;18768
775000;-9252;-9252;18504;-9288
775100;-9288;18576;-9248;-9248
775200;18496;-9204;-9204;18408
775300;-9192;-9192;18384;-9128
775400;-9128;18256;-9108;-9108
775500;18216;-9076;-9076;18152
775600;-9076;-9076;18152;-9072
775700;-9072;18144;-9112;-9112
775800;18224;-9028;-9028;18056
775900;-9056;-9056;18112;-9104
776000;-9104;18208;-9064;-9064
776100;18128;-9108;-9108;18216
776200;-9156;-9156;18312;-9196
776300;-9196;18392;-9928;-9928
776400;19856;-9232;-9232;18464
776500;-9332;-9332;18664;-9324
776600;-9324;18648;-9368;-9368
776700;18736;-9456;-9456;18912
776800;-9396;-9396;18792;-9472
776900;-9472;18944;-9504;-9504
777000;19008;-9572;-9572;19144
777100;-9612;-9612;19224;-9620
777200;-9620;19240;-9660;-9660
777300;19320;-9736;-9736;19472
777400;-9708;-9708;19416;-9836
777500;-9836;19672;-9804;-9804
777600;19608;-9852;-9852;19704
777700;-9888;-9888;19776;-9892
777800;-9892;19784;-9924;-9924
777900;19848;-9968;-9968;19936
778000;-9960;-9960;19920;-10024
778100;-10024;20048;-14876;-14876
778200;29752;-13420;-13420;26840
778300;-13720;-13720;27440;-13808
778400;-13808;27616;-13900;-13900
778500;27800;-13972;-13972;27944
778600;-14036;-14036;28072;-14024
778700;-14024;28048;-14132;-14132
778800;28264;-13992;-13992;27984
778900;-14016;-14016;28032;-13996
779000;-13996;27992;-13956;-13956
779100;27912;-13920;-13920;27840
779200;-13924;-13924;27848;-13932
779300;-13932;27864;-13932;-13932
779400;27864;-13912;-13912;27824
779500;-13924;-13924;27848;-14280
779600;-14280;28560;-13812;-13812
779700;27624;-13796;-13796;27592
779800;-13832;-13832;27664;-13768
779900;-13768;27536;-13748;-13748
780000;27496;-13736;-13736;27472
780100;-13700;-13700;27400;-13656
780200;-13656;27312;-13608;-13608
780300;27216;-13640;-13640;27280
780400;-13636;-13636;27272;-13608
780500;-13608;27216;-13544;-13544
780600;27088;-13584;-13584;27168
780700;-13456;-13456;26912;-13420
780800;-13420;26840;-13392;-13392
780900;26784;-13296;-13296;26592
781000;-13264;-13264;26528;-13232
781100;-13232;26464;-13180;-13180
781200;26360;-13216;-13216;26432
781300;-13152;-13152;26304;-13136
781400;-13136;26272;-13112;-13112
781500;26224;-13156;-13156;26312
781600;-13020;-13020;26040;-12996
781700;-12996;25992;-12984;-12984
781800;25968;-12992;-12992;25984
781900;-12844;-12844;25688;-12860
782000;-12860;25720;-12812;-12812
782100;25624;-12880;-12880;25760
782200;-12736;-12736;25472;-12692
782300;-12692;25384;-12740;-12740
782400;25480;-12728;-12728;25456
782500;-12628;-12628;25256;-12540
782600;-12540;25080;-12524;-12524
782700;25048;-12552;-12552;25104
782800;-12404;-12404;24808;-12440
782900;-12440;24880;-12356;-12356
783000;24712;-12284;-12284;24568
783100;-12312;-12312;24624;-12260
783200;-12260;24520;-12188;-12188
783300;24376;-12136;-12136;24272
783400;-12140;-12140;24280;-12120
783500;-12120;24240;-12072;-12072
783600;24144;-12080;-12080;24160
783700;-12100;-12100;24200;-12152
783800;-12152;24304;-12016;-12016
783900;24032;-12016;-12016;24032
784000;-12036;-12036;24072;-12012
784100;-12012;24024;-12092;-12092
784200;24184;-11988;-11988;23976
784300;-12024;-12024;24048;-12004
784400;-12004;24008;-12052;-12052
784500;24104;-12048;-12048;24096
784600;-12000;-12000;24000;-11984
784700;-11984;23968;-12024;-12024
784800;24048;-12032;-12032;24064
784900;-11940;-11940;23880;-11980
785000;-11980;23960;-11952;-11952
785100;23904;-11972;-11972;23944
785200;-12020;-12020;24040;-12088
785300;-12088;24176;-12028;-12028
785400;24056;-12040;-12040;24080
785500;-11968;-11968;23936;-11968
785600;-11968;23936;-12024;-12024
785700;24048;-12048;-12048;24096
785800;-12024;-12024;24048;-12024
785900;-12024;24048;-12104;-12104
786000;24208;-11956;-11956;23912
786100;-12020;-12020;24040;-12012
786200;-12012;24024;-11992;-11992
786300;23984;-11996;-11996;23992
786400;-11964;-11964;23928;-11988
786500;-11988;23976;-11936;-11936
786600;23872;-12004;-12004;24008
786700;-11948;-11948;23896;-11980
786800;-11980;23960;-11936;-11936
786900;23872;-11960;-11960;23920
787000;-11940;-11940;23880;-11916
787100;-11916;23832;-11904;-11904
787200;23808;-11888;-11888;23776
787300;-11896;-11896;23792;-11872
787400;-11872;23744;-11912;-11912
787500;23824;-11896;-11896;23792
787600;-11928;-11928;23856;-11840
787700;-11840;23680;-11860;-11860
787800;23720;-12384;-12384;24768
787900;-11828;-11828;23656;-11788
788000;-11788;23576;-11860;-11860
788100;23720;-11680;-11680;23360
788200;-11800;-11800;23600;-11760
788300;-11760;23520;-11660;-11660
788400;23320;-11660;-11660;23320
788500;-11684;-11684;23368;-11672
788600;-11672;23344;-11660;-11660
788700;23320;-11636;-11636;23272
788800;-11564;-11564;23128;-11548
788900;-11548;23096;-11520;-11520
789000;23040;-11532;-11532;23064
789100;-11516;-11516;23032;-11444
789200;-11444;22888;-11436;-11436
789300;22872;-11396;-11396;22792
789400;-11292;-11292;22584;-11336
789500;-11336;22672;-11320;-11320
789600;22640;-11288;-11288;22576
789700;-11244;-11244;22488;-11132
789800;-11132;22264;-11132;-11132
789900;22264;-11112;-11112;22224
790000;-11128;-11128;22256;-10988
790100;-10988;21976;-10976;-10976
790200;21952;-10932;-10932;21864
790300;-10976;-10976;21952;-10840
790400;-10840;21680;-10796;-10796
790500;21592;-10772;-10772;21544
790600;-10780;-10780;21560;-10620
790700;-10620;21240;-10636;-10636
790800;21272;-10572;-10572;21144
790900;-10568;-10568;21136;-10432
791000;-10432;20864;-10384;-10384
791100;20768;-10440;-10440;20880
791200;-10408;-10408;20816;-10328
791300;-10328;20656;-10240;-10240
791400;20480;-10240;-10240;20480
791500;-10168;-10168;20336;-10112
791600;-10112;20224;7736;7736
791700;-15472;6796;6796;-13592
791800;6260;6260;-12520;6092
791900;6092;-12184;5900;5900
792000;-11800;6008;6008;-12016
792100;6020;6020;-12040;6064
792200;6064;-12128;6080;6080
792300;-12160;6068;6068;-12136
792400;6116;6116;-12232;6196
792500;6196;-12392;6244;6244
792600;-12488;6324;6324;-12648
792700;6336;6336;-12672;6368
792800;6368;-12736;6368;6368
792900;-12736;6488;6488;-12976
793000;6512;6512;-13024;6576
793100;6576;-13152;6716;6716
793200;-13432;6692;6692;-13384
793300;6724;6724;-13448;6804
793400;6804;-13608;6932;6932
793500;-13864;6964;6964;-13928
793600;6996;6996;-13992;7024
793700;7024;-14048;7164;7164
793800;-14328;7180;7180;-14360
793900;7272;7272;-14544;7356
794000;7356;-14712;7348;7348
794100;-14696;7408;7408;-14816
794200;7524;7524;-15048;7580
794300;7580;-15160;7632;7632
794400;-15264;7680;7680;-15360
794500;7716;7716;-15432;7816
794600;7816;-15632;7852;7852
794700;-15704;7816;7816;-15632
794800;7952;7952;-15904;8024
794900;8024;-16048;8120;8120
795000;-16240;8192;8192;-16384
795100;8256;8256;-16512;8304
795200;8304;-16608;8364;8364
795300;-16728;8528;8528;-17056
795400;8548;8548;-17096;8596
795500;8596;-17192;8556;8556
795600;-17112;8684;8684;-17368
795700;8784;8784;-17568;8856
795800;8856;-17712;8796;8796
795900;-17592;8792;8792;-17584
796000;8808;8808;-17616;8836
796100;8836;-17672;8680;8680
796200;-17360;8960;8960;-17920
796300;8848;8848;-17696;8864
796400;8864;-17728;8888;8888
796500;-17776;8864;8864;-17728
796600;8980;8980;-17960;8844
796700;8844;-17688;8844;8844
796800;-17688;8800;8800;-17600
796900;8776;8776;-17552;8992
797000;8992;-17984;8904;8904
797100;-17808;8852;8852;-17704
797200;8832;8832;-17664;8980
797300;8980;-17960;8888;8888
797400;-17776;8940;8940;-17880
797500;8884;8884;-17768;8880
797600;8880;-17760;8920;8920
797700;-17840;8888;8888;-17776
797800;8928;8928;-17856;8892
797900;8892;-17784;8848;8848
798000;-17696;8888;8888;-17776
798100;8888;8888;-17776;8956
798200;8956;-17912;8912;8912
798300;-17824;8924;8924;-17848
798400;8884;8884;-17768;8892
798500;8892;-17784;8932;8932
798600;-17864;8844;8844;-17688
798700;8904;8904;-17808;8920
798800;8920;-17840;8844;8844
798900;-17688;9292;9292;-18584
799000;8964;8964;-17928;8956
799100;8956;-17912;8960;8960
799200;-17920;8968;8968;-17936
799300;8872;8872;-17744;8976
799400;8976;-17952;9012;9012
799500;-18024;8940;8940;-17880
799600;8900;8900;-17800;9076
799700;9076;-18152;9016;9016
799800;-18032;9020;9020;-18040
799900;8980;8980;-17960;9104
800000;9104;-18208;9188;9188
800100;-18376;9080;9080;-18160
800200;9220;9220;-18440;9320
800300;9320;-18640;9332;9332
800400;-18664;9488;9488;-18976
800500;9476;9476;-18952;9480
800600;9480;-18960;9608;9608
800700;-19216;9636;9636;-19272
800800;9624;9624;-19248;9704
800900;9704;-19408;9812;9812
801000;-19624;9788;9788;-19576
801100;9880;9880;-19760;9920
801200;9920;-19840;10040;10040
801300;-20080;9992;9992;-19984
801400;10000;10000;-20000;9532
801500;9532;-19064;10148;10148
801600;-20296;10152;10152;-20304
801700;10224;10224;-20448;10232
801800;10232;-20464;10284;10284
801900;-20568;9800;9800;-19600
802000;10320;10320;-20640;10428
802100;10428;-20856;10460;10460
802200;-20920;10580;10580;-21160
802300;10540;10540;-21080;10660
802400;10660;-21320;10516;10516
802500;-21032;10680;10680;-21360
802600;10716;10716;-21432;10704
802700;10704;-21408;10900;10900
802800;-21800;10868;10868;-21736
802900;10936;10936;-21872;11004
803000;11004;-22008;11044;11044
803100;-22088;10940;10940;-21880
803200;11100;11100;-22200;11192
803300;11192;-22384;11588;11588
803400;-23176;11264;11264;-22528
803500;11312;11312;-22624;11372
803600;11372;-22744;11348;11348
803700;-22696;11404;11404;-22808
803800;11488;11488;-22976;11544
803900;11544;-23088;11556;11556
804000;-23112;11648;11648;-23296
804100;11672;11672;-23344;11776
804200;11776;-23552;11784;11784
804300;-23568;11848;11848;-23696
804400;11964;11964;-23928;11868
804500;11868;-23736;12052;12052
804600;-24104;12120;12120;-24240
804700;12112;12112;-24224;12196
804800;12196;-24392;12204;12204
804900;-24408;12304;12304;-24608
805000;7364;7364;-14728;2848
805100;2848;-5696;3412;3412
805200;-6824;2880;2880;-5760
805300;2904;2904;-5808;2920
805400;2920;-5840;2896;2896
805500;-5792;2832;2832;-5664
805600;3028;3028;-6056;2896
805700;2896;-5792;2936;2936
805800;-5872;2908;2908;-5816
805900;2956;2956;-5912;3012
806000;3012;-6024;2892;2892
806100;-5784;2952;2952;-5904
806200;2980;2980;-5960;2932
806300;2932;-5864;2920;2920
806400;-5840;2976;2976;-5952
806500;2980;2980;-5960;2952
806600;2952;-5904;2964;2964
806700;-5928;2968;2968;-5936
806800;2824;2824;-5648;2896
806900;2896;-5792;2868;2868
807000;-5736;2924;2924;-5848
807100;2832;2832;-5664;2796
807200;2796;-5592;2800;2800
807300;-5600;2764;2764;-5528
807400;2760;2760;-5520;2760
807500;2760;-5520;2688;2688
807600;-5376;2712;2712;-5424
807700;2676;2676;-5352;2640
807800;2640;-5280;2620;2620
807900;-5240;2768;2768;-5536
808000;2560;2560;-5120;2576
808100;2576;-5152;2568;2568
808200;-5136;2532;2532;-5064
808300;2632;2632;-5264;2612
808400;2612;-5224;2580;2580
808500;-5160;2652;2652;-5304
808600;2732;2732;-5464;2772
808700;2772;-5544;2904;2904
808800;-5808;2808;2808;-5616
808900;2836;2836;-5672;2868
809000;2868;-5736;2932;2932
809100;-5864;2908;2908;-5816
809200;2980;2980;-5960;3060
809300;3060;-6120;3060;3060
809400;-6120;3124;3124;-6248
809500;3272;3272;-6544;3248
809600;3248;-6496;3288;3288
809700;-6576;3256;3256;-6512
809800;3204;3204;-6408;3264
809900;3264;-6528;3256;3256
810000;-6512;3216;3216;-6432
810100;3252;3252;-6504;3300
810200;3300;-6600;3228;3228
810300;-6456;3272;3272;-6544
810400;3272;3272;-6544;3260
810500;3260;-6520;3304;3304
810600;-6608;3348;3348;-6696
810700;3332;3332;-6664;3464
810800;3464;-6928;3424;3424
810900;-6848;3480;3480;-6960
811000;3556;3556;-7112;3668
811100;3668;-7336;3596;3596
811200;-7192;3660;3660;-7320
811300;3760;3760;-7520;3776
811400;3776;-7552;3824;3824
811500;-7648;3860;3860;-7720
811600;3968;3968;-7936;3984
811700;3984;-7968;4000;4000
811800;-8000;4052;4052;-8104
811900;4100;4100;-8200;4116
812000;4116;-8232;4160;4160
812100;-8320;4188;4188;-8376
812200;4264;4264;-8528;4244
812300;4244;-8488;4308;4308
812400;-8616;4320;4320;-8640
812500;4408;4408;-8816;4344
812600;4344;-8688;4408;4408
812700;-8816;4380;4380;-8760
812800;4396;4396;-8792;4460
812900;4460;-8920;4512;4512
813000;-9024;4564;4564;-9128
813100;4560;4560;-9120;4632
813200;4632;-9264;4656;4656
813300;-9312;4680;4680;-9360
813400;4744;4744;-9488;4824
813500;4824;-9648;4964;4964
813600;-9928;4880;4880;-9760
813700;4956;4956;-9912;5092
813800;5092;-10184;5056;5056
813900;-10112;5084;5084;-10168
814000;5164;5164;-10328;5236
814100;5236;-10472;5260;5260
814200;-10520;5256;5256;-10512
814300;5356;5356;-10712;5376
814400;5376;-10752;5468;5468
814500;-10936;5556;5556;-11112
814600;5588;5588;-11176;5608
814700;5608;-11216;5612;5612
814800;-11224;5684;5684;-11368
814900;5720;5720;-11440;5780
815000;5780;-11560;5724;5724
815100;-11448;5764;5764;-11528
815200;5812;5812;-11624;5808
815300;5808;-11616;5864;5864
815400;-11728;5932;5932;-11864
815500;5856;5856;-11712;5888
815600;5888;-11776;5944;5944
815700;-11888;5972;5972;-11944
815800;6020;6020;-12040;6084
815900;6084;-12168;6024;6024
816000;-12048;6084;6084;-12168
816100;6140;6140;-12280;6144
816200;6144;-12288;6168;6168
816300;-12336;6240;6240;-12480
816400;6380;6380;-12760;6344
816500;6344;-12688;6368;6368
816600;-12736;6492;6492;-12984
816700;6500;6500;-13000;6580
816800;6580;-13160;6608;6608
816900;-13216;6648;6648;-13296
817000;6692;6692;-13384;6760
817100;6760;-13520;6856;6856
817200;-13712;6844;6844;-13688
817300;6896;6896;-13792;6944
817400;6944;-13888;7052;7052
817500;-14104;7056;7056;-14112
817600;7112;7112;-14224;7100
817700;7100;-14200;7188;7188
817800;-14376;7184;7184;-14368
817900;7256;7256;-14512;7260
818000;7260;-14520;7260;7260
818100;-14520;7396;7396;-14792
818200;7356;7356;-14712;7428
818300;7428;-14856;7428;7428
818400;-14856;7476;7476;-14952
818500;7228;7228;-14456;7328
818600;7328;-14656;7412;7412
818700;-14824;7372;7372;-14744
818800;7420;7420;-14840;7444
818900;7444;-14888;7464;7464
819000;-14928;7472;7472;-14944
819100;7544;7544;-15088;7356
819200;7356;-14712;7388;7388
819300;-14776;7364;7364;-14728
819400;7392;7392;-14784;7396
819500;7396;-14792;7288;7288
819600;-14576;7280;7280;-14560
819700;7244;7244;-14488;7268
819800;7268;-14536;7168;7168
819900;-14336;7188;7188;-14376
820000;7124;7124;-14248;7100
820100;7100;-14200;7060;7060
820200;-14120;7084;7084;-14168
820300;7304;7304;-14608;6940
820400;6940;-13880;6948;6948
820500;-13896;6920;6920;-13840
820600;6896;6896;-13792;6820
820700;6820;-13640;6840;6840
820800;-13680;7388;7388;-14776
820900;6728;6728;-13456;6700
821000;6700;-13400;6712;6712
821100;-13424;6632;6632;-13264
821200;6588;6588;-13176;6592
821300;6592;-13184;6484;6484
821400;-12968;6552;6552;-13104
821500;6492;6492;-12984;6496
821600;6496;-12992;6464;6464
821700;-12928;6336;6336;-12672
821800;6308;6308;-12616;6308
821900;6308;-12616;6232;6232
822000;-12464;6200;6200;-12400
822100;6212;6212;-12424;6160
822200;6160;-12320;6144;6144
822300;-12288;6124;6124;-12248
822400;6012;6012;-12024;6008
822500;6008;-12016;5972;5972
822600;-11944;6016;6016;-12032
822700;5876;5876;-11752;5840
822800;5840;-11680;5796;5796
822900;-11592;5780;5780;-11560
823000;5752;5752;-11504;5652
823100;5652;-11304;5660;5660
823200;-11320;5672;5672;-11344
823300;5580;5580;-11160;5560
823400;5560;-11120;5496;5496
823500;-10992;5464;5464;-10928
823600;5444;5444;-10888;5364
823700;5364;-10728;5272;5272
823800;-10544;5280;5280;-10560
823900;5228;5228;-10456;5180
824000;5180;-10360;5084;5084
824100;-10168;5020;5020;-10040
824200;5032;5032;-10064;5012
824300;5012;-10024;4924;4924
824400;-9848;4912;4912;-9824
824500;4836;4836;-9672;4912
824600;4912;-9824;4804;4804
824700;-9608;4804;4804;-9608
824800;4780;4780;-9560;4728
824900;4728;-9456;4760;4760
825000;-9520;4756;4756;-9512
825100;4724;4724;-9448;4712
825200;4712;-9424;4732;4732
825300;-9464;4732;4732;-9464
825400;4728;4728;-9456;4840
825500;4840;-9680;4704;4704
825600;-9408;4756;4756;-9512
825700;4704;4704;-9408;4684
825800;4684;-9368;4632;4632
825900;-9264;4636;4636;-9272
826000;4660;4660;-9320;4616
826100;4616;-9232;4628;4628
826200;-9256;4628;4628;-9256
826300;4592;4592;-9184;4672
826400;4672;-9344;5236;5236
826500;-10472;4536;4536;-9072
826600;4492;4492;-8984;4488
826700;4488;-8976;4476;4476
826800;-8952;4504;4504;-9008
826900;4448;4448;-8896;4316
827000;4316;-8632;4396;4396
827100;-8792;4396;4396;-8792
827200;4392;4392;-8784;4388
827300;4388;-8776;4400;4400
827400;-8800;4416;4416;-8832
827500;4360;4360;-8720;4372
827600;4372;-8744;4388;4388
827700;-8776;4320;4320;-8640
827800;4280;4280;-8560;4272
827900;4272;-8544;4256;4256
828000;-8512;4204;4204;-8408
828100;4248;4248;-8496;4228
828200;4228;-8456;4124;4124
828300;-8248;4140;4140;-8280
828400;4160;4160;-8320;4180
828500;4180;-8360;4096;4096
828600;-8192;4100;4100;-8200
828700;4064;4064;-8128;4016
828800;4016;-8032;4044;4044
828900;-8088;4004;4004;-8008
829000;3980;3980;-7960;3972
829100;3972;-7944;3900;3900
829200;-7800;3912;3912;-7824
829300;3888;3888;-7776;3828
829400;3828;-7656;3840;3840
829500;-7680;3796;3796;-7592
829600;3768;3768;-7536;3744
829700;3744;-7488;3768;3768
829800;-7536;3720;3720;-7440
829900;3680;3680;-7360;3640
830000;3640;-7280;3584;3584
830100;-7168;3488;3488;-6976
830200;3456;3456;-6912;3376
830300;3376;-6752;3392;3392
830400;-6784;3416;3416;-6832
830500;3384;3384;-6768;3372
830600;3372;-6744;3292;3292
830700;-6584;3248;3248;-6496
830800;3244;3244;-6488;3108
830900;3108;-6216;3084;3084
831000;-6168;3084;3084;-6168
831100;3052;3052;-6104;2948
831200;2948;-5896;2948;2948
831300;-5896;2900;2900;-5800
831400;2824;2824;-5648;2768
831500;2768;-5536;2728;2728
831600;-5456;16144;16144;-32288
831700;18068;18068;29400;18536
831800;18536;28464;18668;18668
831900;28200;18700;18700;28136
832000;18668;18668;28200;18596
832100;18596;28344;18628;18628
832200;28280;18560;18560;28416
832300;18484;18484;28568;18496
832400;18496;28544;18396;18396
832500;28744;18388;18388;28760
832600;18332;18332;28872;18228
832700;18228;29080;18340;18340
832800;28856;18136;18136;29264
832900;18184;18184;29168;18052
833000;18052;29432;18028;18028
833100;29480;17976;17976;29584
833200;18024;18024;29488;17940
833300;17940;29656;17844;17844
833400;29848;17848;17848;29840
833500;17768;17768;30000;17724
833600;17724;30088;17676;17676
833700;30184;17764;17764;30008
833800;17668;17668;30200;17568
833900;17568;30400;17576;17576
834000;30384;17536;17536;30464
834100;17432;17432;30672;17496
834200;17496;30544;17480;17480
834300;30576;17360;17360;30816
834400;17400;17400;30736;17272
834500;17272;30992;17268;17268
834600;31000;17228;17228;31080
834700;17224;17224;31088;17140
834800;17140;31256;17128;17128
834900;31280;17068;17068;31400
835000;16996;16996;31544;16992
835100;16992;31552;16920;16920
835200;31696;16872;16872;31792
835300;16856;16856;31824;16716
835400;16716;32104;16948;16948
835500;31640;16828;16828;31880
835600;16924;16924;31688;16892
835700;16892;31752;16892;16892
835800;31752;16964;16964;31608
835900;17060;17060;31416;16940
836000;16940;31656;16932;16932
836100;31672;16996;16996;31544
836200;17000;17000;31536;17060
836300;17060;31416;17008;17008
836400;31520;17036;17036;31464
836500;17548;17548;30440;17040
836600;17040;31456;17128;17128
836700;31280;17024;17024;31488
836800;17072;17072;31392;16960
836900;16960;31616;17032;17032
837000;31472;16956;16956;31624
837100;16864;16864;31808;16952
837200;16952;31632;16764;16764
837300;32008;16676;16676;32184
837400;16692;16692;32152;16676
837500;16676;32184;16652;16652
837600;32232;16516;16516;32504
837700;16460;16460;32616;16424
837800;16424;32688;16348;16348
837900;-32696;16248;16248;-32496
838000;16164;16164;-32328;16160
838100;16160;-32320;16036;16036
838200;-32072;16164;16164;-32328
838300;15948;15948;-31896;15932
838400;15932;-31864;16016;16016
838500;-32032;15800;15800;-31600
838600;15804;15804;-31608;15768
838700;15768;-31536;15768;15768
838800;-31536;15628;15628;-31256
838900;15568;15568;-31136;15584
839000;15584;-31168;15508;15508
839100;-31016;15496;15496;-30992
839200;15384;15384;-30768;15432
839300;15432;-30864;15412;15412
839400;-30824;15260;15260;-30520
839500;15268;15268;-30536;15216
839600;15216;-30432;15160;15160
839700;-30320;15224;15224;-30448
839800;15160;15160;-30320;15336
839900;15336;-30672;15280;15280
840000;-30560;15304;15304;-30608
840100;15380;15380;-30760;15308
840200;15308;-30616;15336;15336
840300;-30672;15368;15368;-30736
840400;15352;15352;-30704;15416
840500;15416;-30832;15504;15504
840600;-31008;15476;15476;-30952
840700;15588;15588;-31176;15584
840800;15584;-31168;15600;15600
840900;-31200;15716;15716;-31432
841000;15652;15652;-31304;15612
841100;15612;-31224;15648;15648
841200;-31296;15700;15700;-31400
841300;15708;15708;-31416;15724
841400;15724;-31448;15748;15748
841500;-31496;15548;15548;-31096
841600;15676;15676;-31352;15720
841700;15720;-31440;15768;15768
841800;-31536;15744;15744;-31488
841900;15700;15700;-31400;15656
842000;15656;-31312;15716;15716
842100;-31432;15692;15692;-31384
842200;15732;15732;-31464;15616
842300;15616;-31232;15700;15700
842400;-31400;15736;15736;-31472
842500;15652;15652;-31304;15652
842600;15652;-31304;15672;15672
842700;-31344;15640;15640;-31280
842800;15620;15620;-31240;15640
842900;15640;-31280;15584;15584
843000;-31168;15672;15672;-31344
843100;15548;15548;-31096;15604
843200;15604;-31208;15656;15656
843300;-31312;15356;15356;-30712
843400;15556;15556;-31112;15620
843500;15620;-31240;15508;15508
843600;-31016;15608;15608;-31216
843700;15532;15532;-31064;15536
843800;15536;-31072;15564;15564
843900;-31128;15580;15580;-31160
844000;15560;15560;-31120;15636
844100;15636;-31272;15500;15500
844200;-31000;15576;15576;-31152
844300;15540;15540;-31080;15496
844400;15496;-30992;15568;15568
844500;-31136;15592;15592;-31184
844600;15504;15504;-31008;15540
844700;15540;-31080;15500;15500
844800;-31000;15468;15468;-30936
844900;15520;15520;-31040;15496
845000;15496;-30992;-8332;-8332
845100;16664;-5944;-5944;11888
845200;-5808;-5808;11616;-5804
845300;-5804;11608;-5820;-5820
845400;11640;-5868;-5868;11736
845500;-5772;-5772;11544;-5812
845600;-5812;11624;-5804;-5804
845700;11608;-5836;-5836;11672
845800;-5752;-5752;11504;-5788
845900;-5788;11576;-5824;-5824
846000;11648;-5768;-5768;11536
846100;-5740;-5740;11480;-5792
846200;-5792;11584;-5776;-5776
846300;11552;-5800;-5800;11600
846400;-5768;-5768;11536;-5772
846500;-5772;11544;-5780;-5780
846600;11560;-5760;-5760;11520
846700;-5660;-5660;11320;-5756
846800;-5756;11512;-5756;-5756
846900;11512;-5760;-5760;11520
847000;-5756;-5756;11512;-5796
847100;-5796;11592;-5768;-5768
847200;11536;-5772;-5772;11544
847300;-5812;-5812;11624;-5832
847400;-5832;11664;-5784;-5784
847500;11568;-5776;-5776;11552
847600;-5804;-5804;11608;-5792
847700;-5792;11584;-5880;-5880
847800;11760;-5808;-5808;11616
847900;-5832;-5832;11664;-5828
848000;-5828;11656;-5780;-5780
848100;11560;-5892;-5892;11784
848200;-5804;-5804;11608;-5848
848300;-5848;11696;-5864;-5864
848400;11728;-5884;-5884;11768
848500;-5856;-5856;11712;-5888
848600;-5888;11776;-5912;-5912
848700;11824;-5932;-5932;11864
848800;-5932;-5932;11864;-5968
848900;-5968;11936;-5980;-5980
849000;11960;-6064;-6064;12128
849100;-6060;-6060;12120;-6168
849200;-6168;12336;-6128;-6128
849300;12256;-6184;-6184;12368
849400;-6244;-6244;12488;-6304
849500;-6304;12608;-6392;-6392
849600;12784;-6388;-6388;12776
849700;-6504;-6504;13008;-6400
849800;-6400;12800;-6520;-6520
849900;13040;-6528;-6528;13056
850000;-6548;-6548;13096;-6560
850100;-6560;13120;-6524;-6524
850200;13048;-6592;-6592;13184
850300;-6648;-6648;13296;-6656
850400;-6656;13312;-6636;-6636
850500;13272;-6692;-6692;13384
850600;-6772;-6772;13544;-6824
850700;-6824;13648;-6828;-6828
850800;13656;-6820;-6820;13640
850900;-6828;-6828;13656;-6900
851000;-6900;13800;-6944;-6944
851100;13888;-7000;-7000;14000
851200;-7012;-7012;14024;-6984
851300;-6984;13968;-7068;-7068
851400;14136;-7076;-7076;14152
851500;-7108;-7108;14216;-7104
851600;-7104;14208;-7208;-7208
851700;14416;-7152;-7152;14304
851800;-7204;-7204;14408;-7228
851900;-7228;14456;-7280;-7280
852000;14560;-7320;-7320;14640
852100;-7312;-7312;14624;-7304
852200;-7304;14608;-7332;-7332
852300;14664;-7332;-7332;14664
852400;-7344;-7344;14688;-7308
852500;-7308;14616;-7396;-7396
852600;14792;-7412;-7412;14824
852700;-7468;-7468;14936;-7480
852800;-7480;14960;-7572;-7572
852900;15144;-7648;-7648;15296
853000;-7720;-7720;15440;-7724
853100;-7724;15448;-7824;-7824
853200;15648;-7928;-7928;15856
853300;-7936;-7936;15872;-8036
853400;-8036;16072;-8128;-8128
853500;16256;-8140;-8140;16280
853600;-8244;-8244;16488;-8300
853700;-8300;16600;-8396;-8396
853800;16792;-8412;-8412;16824
853900;-8552;-8552;17104;-8604
854000;-8604;17208;-8644;-8644
854100;17288;-8736;-8736;17472
854200;-8856;-8856;17712;-8872
854300;-8872;17744;-8948;-8948
854400;17896;-9076;-9076;18152
854500;-9100;-9100;18200;-9164
854600;-9164;18328;-9208;-9208
854700;18416;-9320;-9320;18640
854800;-9348;-9348;18696;-9280
854900;-9280;18560;-9332;-9332
855000;18664;-9360;-9360;18720
855100;-9288;-9288;18576;-9292
855200;-9292;18584;-9276;-9276
855300;18552;-9196;-9196;18392
855400;-9224;-9224;18448;-9220
855500;-9220;18440;-9200;-9200
855600;18400;-9112;-9112;18224
855700;-9104;-9104;18208;-9048
855800;-9048;18096;-9040;-9040
855900;18080;-9048;-9048;18096
856000;-9088;-9088;18176;-9064
856100;-9064;18128;-9104;-9104
856200;18208;-9108;-9108;18216
856300;-9040;-9040;18080;-9172
856400;-9172;18344;-9188;-9188
856500;18376;-9172;-9172;18344
856600;-9284;-9284;18568;-9312
856700;-9312;18624;-9308;-9308
856800;18616;-9340;-9340;18680
856900;-9420;-9420;18840;-9484
857000;-9484;18968;-9520;-9520
857100;19040;-9500;-9500;19000
857200;-9580;-9580;19160;-9604
857300;-9604;19208;-9644;-9644
857400;19288;-9676;-9676;19352
857500;-9692;-9692;19384;-9780
857600;-9780;19560;-9872;-9872
857700;19744;-9832;-9832;19664
857800;-9892;-9892;19784;-9868
857900;-9868;19736;-9916;-9916
858000;19832;-9952;-9952;19904
858100;-9976;-9976;19952;-9996
858200;-9996;19992;-9992;-9992
858300;19984;-14852;-14852;29704
858400;-13444;-13444;26888;-13672
858500;-13672;27344;-13824;-13824
858600;27648;-13952;-13952;27904
858700;-13988;-13988;27976;-14024
858800;-14024;28048;-14004;-14004
858900;28008;-14012;-14012;28024
859000;-14072;-14072;28144;-14016
859100;-14016;28032;-13968;-13968
859200;27936;-13980;-13980;27960
859300;-13984;-13984;27968;-13984
859400;-13984;27968;-13944;-13944
859500;27888;-13860;-13860;27720
859600;-13872;-13872;27744;-13828
859700;-13828;27656;-13884;-13884
859800;27768;-13848;-13848;27696
859900;-13760;-13760;27520;-13824
860000;-13824;27648;-13708;-13708
860100;27416;-13744;-13744;27488
860200;-13752;-13752;27504;-13736
860300;-13736;27472;-13624;-13624
860400;27248;-13592;-13592;27184
860500;-13604;-13604;27208;-13588
860600;-13588;27176;-13672;-13672
860700;27344;-13536;-13536;27072
860800;-13528;-13528;27056;-13452
860900;-13452;26904;-13392;-13392
861000;26784;-13360;-13360;26720
861100;-13368;-13368;26736;-13292
861200;-13292;26584;-13352;-13352
861300;26704;-13256;-13256;26512
861400;-13184;-13184;26368;-13184
861500;-13184;26368;-13108;-13108
861600;26216;-13056;-13056;26112
861700;-13036;-13036;26072;-13040
861800;-13040;26080;-13008;-13008
861900;26016;-12952;-12952;25904
862000;-12904;-12904;25808;-12864
862100;-12864;25728;-12848;-12848
862200;25696;-12856;-12856;25712
862300;-12836;-12836;25672;-12700
862400;-12700;25400;-12756;-12756
862500;25512;-12716;-12716;25432
862600;-12696;-12696;25392;-12672
862700;-12672;25344;-13004;-13004
862800;26008;-12516;-12516;25032
862900;-12488;-12488;24976;-12428
863000;-12428;24856;-12364;-12364
863100;24728;-12416;-12416;24832
863200;-12384;-12384;24768;-12260
863300;-12260;24520;-12248;-12248
863400;24496;-12180;-12180;24360
863500;-12192;-12192;24384;-12168
863600;-12168;24336;-12132;-12132
863700;24264;-12100;-12100;24200
863800;-12032;-12032;24064;-12060
863900;-12060;24120;-12068;-12068
864000;24136;-12024;-12024;24048
864100;-11964;-11964;23928;-12088
864200;-12088;24176;-12048;-12048
864300;24096;-12032;-12032;24064
864400;-12072;-12072;24144;-12088
864500;-12088;24176;-11976;-11976
864600;23952;-11956;-11956;23912
864700;-12016;-12016;24032;-12020
864800;-12020;24040;-12028;-12028
864900;24056;-12012;-12012;24024
865000;-12040;-12040;24080;-12020
865100;-12020;24040;-12012;-12012
865200;24024;-11924;-11924;23848
865300;-12024;-12024;24048;-12036
865400;-12036;24072;-12008;-12008
865500;24016;-11980;-11980;23960
865600;-11980;-11980;23960;-11996
865700;-11996;23992;-12044;-12044
865800;24088;-12136;-12136;24272
865900;-12040;-12040;24080;-12032
866000;-12032;24064;-12072;-12072
866100;24144;-12032;-12032;24064
866200;-12008;-12008;24016;-12012
866300;-12012;24024;-11984;-11984
866400;23968;-11992;-11992;23984
866500;-11980;-11980;23960;-12020
866600;-12020;24040;-12028;-12028
866700;24056;-12024;-12024;24048
866800;-11956;-11956;23912;-11992
866900;-11992;23984;-11992;-11992
867000;23984;-11956;-11956;23912
867100;-11936;-11936;23872;-11940
867200;-11940;23880;-11928;-11928
867300;23856;-11868;-11868;23736
867400;-11896;-11896;23792;-11928
867500;-11928;23856;-11948;-11948
867600;23896;-11944;-11944;23888
867700;-11788;-11788;23576;-11836
867800;-11836;23672;-11880;-11880
867900;23760;-11764;-11764;23528
868000;-11856;-11856;23712;-11848
868100;-11848;23696;-11804;-11804
868200;23608;-11692;-11692;23384
868300;-11760;-11760;23520;-11744
868400;-11744;23488;-11676;-11676
868500;23352;-11720;-11720;23440
868600;-11692;-11692;23384;-11672
868700;-11672;23344;-11652;-11652
868800;23304;-11632;-11632;23264
868900;-11652;-11652;23304;-11576
869000;-11576;23152;-11552;-11552
869100;23104;-11484;-11484;22968
869200;-11804;-11804;23608;-11492
869300;-11492;22984;-11528;-11528
869400;23056;-11472;-11472;22944
869500;-11312;-11312;22624;-11324
869600;-11324;22648;-11300;-11300
869700;22600;-11340;-11340;22680
869800;-11196;-11196;22392;-11264
869900;-11264;22528;-11176;-11176
870000;22352;-11128;-11128;22256
870100;-11136;-11136;22272;-11036
870200;-11036;22072;-10996;-10996
870300;21992;-10988;-10988;21976
870400;-10964;-10964;21928;-10844
870500;-10844;21688;-10868;-10868
870600;21736;-10840;-10840;21680
870700;-10740;-10740;21480;-10744
870800;-10744;21488;-10668;-10668
870900;21336;-10664;-10664;21328
871000;-10556;-10556;21112;-10560
871100;-10560;21120;-10532;-10532
871200;21064;-10392;-10392;20784
871300;-10392;-10392;20784;-10348
871400;-10348;20696;-10360;-10360
871500;20720;-10236;-10236;20472
871600;-10220;-10220;20440;-10192
871700;-10192;20384;-10092;-10092
871800;20184;7752;7752;-15504
871900;6752;6752;-13504;6220
872000;6220;-12440;6060;6060
872100;-12120;5960;5960;-11920
872200;5988;5988;-11976;5980
872300;5980;-11960;5988;5988
872400;-11976;6088;6088;-12176
872500;6108;6108;-12216;6168
872600;6168;-12336;6172;6172
872700;-12344;6204;6204;-12408
872800;6276;6276;-12552;6392
872900;6392;-12784;6356;6356
873000;-12712;6492;6492;-12984
873100;6536;6536;-13072;6508
873200;6508;-13016;6460;6460
873300;-12920;6596;6596;-13192
873400;6672;6672;-13344;6708
873500;6708;-13416;6828;6828
873600;-13656;6856;6856;-13712
873700;6956;6956;-13912;7012
873800;7012;-14024;7156;7156
873900;-14312;7096;7096;-14192
874000;7288;7288;-14576;7312
874100;7312;-14624;7308;7308
874200;-14616;7884;7884;-15768
874300;7404;7404;-14808;7588
874400;7588;-15176;7568;7568
874500;-15136;7664;7664;-15328
874600;7688;7688;-15376;7732
874700;7732;-15464;7884;7884
874800;-15768;7888;7888;-15776
874900;7864;7864;-15728;7976
875000;7976;-15952;8024;8024
875100;-16048;8152;8152;-16304
875200;8276;8276;-16552;8264
875300;8264;-16528;8340;8340
875400;-16680;8432;8432;-16864
875500;8456;8456;-16912;8568
875600;8568;-17136;8620;8620
875700;-17240;8720;8720;-17440
875800;8756;8756;-17512;8980
875900;8980;-17960;8820;8820
876000;-17640;8884;8884;-17768
876100;8896;8896;-17792;8784
876200;8784;-17568;9012;9012
876300;-18024;8868;8868;-17736
876400;8888;8888;-17776;8908
876500;8908;-17816;8812;8812
876600;-17624;8760;8760;-17520
876700;8912;8912;-17824;8864
876800;8864;-17728;8824;8824
876900;-17648;8848;8848;-17696
877000;8860;8860;-17720;8868
877100;8868;-17736;8912;8912
877200;-17824;8840;8840;-17680
877300;8892;8892;-17784;8976
877400;8976;-17952;8960;8960
877500;-17920;8956;8956;-17912
877600;8884;8884;-17768;8916
877700;8916;-17832;8892;8892
877800;-17784;8892;8892;-17784
877900;8892;8892;-17784;8924
878000;8924;-17848;8864;8864
878100;-17728;8928;8928;-17856
878200;8860;8860;-17720;8936
878300;8936;-17872;8960;8960
878400;-17920;8860;8860;-17720
878500;8948;8948;-17896;8964
878600;8964;-17928;8908;8908
878700;-17816;8904;8904;-17808
878800;8896;8896;-17792;8924
878900;8924;-17848;8868;8868
879000;-17736;8996;8996;-17992
879100;8908;8908;-17816;8952
879200;8952;-17904;8928;8928
879300;-17856;8980;8980;-17960
879400;9292;9292;-18584;8948
879500;8948;-17896;8960;8960
879600;-17920;8924;8924;-17848
879700;9084;9084;-18168;9000
879800;9000;-18000;9052;9052
879900;-18104;9052;9052;-18104
880000;9120;9120;-18240;9180
880100;9180;-18360;9148;9148
880200;-18296;9224;9224;-18448
880300;9316;9316;-18632;9248
880400;9248;-18496;9308;9308
880500;-18616;9340;9340;-18680
880600;9360;9360;-18720;9592
880700;9592;-19184;9536;9536
880800;-19072;9616;9616;-19232
880900;9672;9672;-19344;9736
881000;9736;-19472;9832;9832
881100;-19664;9768;9768;-19536
881200;9884;9884;-19768;9892
881300;9892;-19784;10380;10380
881400;-20760;10020;10020;-20040
881500;10012;10012;-20024;10100
881600;10100;-20200;10092;10092
881700;-20184;10164;10164;-20328
881800;10216;10216;-20432;10184
881900;10184;-20368;10328;10328
882000;-20656;10420;10420;-20840
882100;10404;10404;-20808;10488
882200;10488;-20976;10404;10404
882300;-20808;10476;10476;-20952
882400;10552;10552;-21104;10648
882500;10648;-21296;10600;10600
882600;-21200;10668;10668;-21336
882700;10716;10716;-21432;10816
882800;10816;-21632;10816;10816
882900;-21632;10848;10848;-21696
883000;11012;11012;-22024;10924
883100;10924;-21848;11000;11000
883200;-22000;11104;11104;-22208
883300;11052;11052;-22104;11116
883400;11116;-22232;11208;11208
883500;-22416;11184;11184;-22368
883600;11292;11292;-22584;11400
883700;11400;-22800;11380;11380
883800;-22760;11424;11424;-22848
883900;11408;11408;-22816;11604
884000;11604;-23208;11568;11568
884100;-23136;11664;11664;-23328
884200;11568;11568;-23136;11728
884300;11728;-23456;11736;11736
884400;-23472;11856;11856;-23712
884500;11892;11892;-23784;11924
884600;11924;-23848;12012;12012
884700;-24024;12060;12060;-24120
884800;12164;12164;-24328;12152
884900;12152;-24304;12256;12256
885000;-24512;12292;12292;-24584
885100;12816;12816;-25632;7368
885200;7368;-14736;2888;2888
885300;-5776;2892;2892;-5784
885400;2896;2896;-5792;2916
885500;2916;-5832;3020;3020
885600;-6040;2844;2844;-5688
885700;2888;2888;-5776;2908
885800;2908;-5816;2892;2892
885900;-5784;2864;2864;-5728
886000;2944;2944;-5888;3032
886100;3032;-6064;2920;2920
886200;-5840;2924;2924;-5848
886300;2900;2900;-5800;2996
886400;2996;-5992;2924;2924
886500;-5848;2960;2960;-5920
886600;2960;2960;-5920;2976
886700;2976;-5952;2980;2980
886800;-5960;2976;2976;-5952
886900;2928;2928;-5856;2872
887000;2872;-5744;2868;2868
887100;-5736;2872;2872;-5744
887200;2828;2828;-5656;2816
887300;2816;-5632;2884;2884
887400;-5768;2760;2760;-5520
887500;2772;2772;-5544;2748
887600;2748;-5496;2688;2688
887700;-5376;2696;2696;-5392
887800;2672;2672;-5344;2680
887900;2680;-5360;2712;2712
888000;-5424;2604;2604;-5208
888100;2592;2592;-5184;2596
888200;2596;-5192;2588;2588
888300;-5176;2628;2628;-5256
888400;2528;2528;-5056;2544
888500;2544;-5088;2632;2632
888600;-5264;2728;2728;-5456
888700;2712;2712;-5424;2720
888800;2720;-5440;2744;2744
888900;-5488;2820;2820;-5640
889000;2860;2860;-5720;2980
889100;2980;-5960;2932;2932
889200;-5864;2936;2936;-5872
889300;2948;2948;-5896;2980
889400;2980;-5960;3064;3064
889500;-6128;3080;3080;-6160
889600;3084;3084;-6168;3204
889700;3204;-6408;3256;3256
889800;-6512;3264;3264;-6528
889900;3244;3244;-6488;3280
890000;3280;-6560;3268;3268
890100;-6536;3196;3196;-6392
890200;3224;3224;-6448;3196
890300;3196;-6392;3248;3248
890400;-6496;3364;3364;-6728
890500;3212;3212;-6424;3332
890600;3332;-6664;3292;3292
890700;-6584;3332;3332;-6664
890800;3416;3416;-6832;3360
890900;3360;-6720;3428;3428
891000;-6856;3408;3408;-6816
891100;3460;3460;-6920;3560
891200;3560;-7120;3544;3544
891300;-7088;3616;3616;-7232
891400;3668;3668;-7336;3716
891500;3716;-7432;3808;3808
891600;-7616;3848;3848;-7696
891700;3848;3848;-7696;3952
891800;3952;-7904;3944;3944
891900;-7888;4040;4040;-8080
892000;4088;4088;-8176;4112
892100;4112;-8224;4084;4084
892200;-8168;4152;4152;-8304
892300;4180;4180;-8360;4224
892400;4224;-8448;4236;4236
892500;-8472;4320;4320;-8640
892600;4352;4352;-8704;4320
892700;4320;-8640;4380;4380
892800;-8760;4420;4420;-8840
892900;4452;4452;-8904;4472
893000;4472;-8944;4484;4484
893100;-8968;4500;4500;-9000
893200;4568;4568;-9136;4652
893300;4652;-9304;4572;4572
893400;-9144;4664;4664;-9328
893500;4676;4676;-9352;4800
893600;4800;-9600;4772;4772
893700;-9544;4820;4820;-9640
893800;4876;4876;-9752;4936
893900;4936;-9872;5000;5000
894000;-10000;5036;5036;-10072
894100;5108;5108;-10216;5140
894200;5140;-10280;5268;5268
894300;-10536;5260;5260;-10520
894400;5344;5344;-10688;5416
894500;5416;-10832;5440;5440
894600;-10880;5932;5932;-11864
894700;5520;5520;-11040;5580
894800;5580;-11160;5616;5616
894900;-11232;5692;5692;-11384
895000;5648;5648;-11296;5752
895100;5752;-11504;5816;5816
895200;-11632;5808;5808;-11616
895300;5816;5816;-11632;5812
895400;5812;-11624;5820;5820
895500;-11640;6248;6248;-12496
895600;5852;5852;-11704;5912
895700;5912;-11824;5836;5836
895800;-11672;5884;5884;-11768
895900;5976;5976;-11952;6004
896000;6004;-12008;6036;6036
896100;-12072;6072;6072;-12144
896200;6096;6096;-12192;6160
896300;6160;-12320;6192;6192
896400;-12384;6184;6184;-12368
896500;6232;6232;-12464;6272
896600;6272;-12544;6344;6344
896700;-12688;6456;6456;-12912
896800;6484;6484;-12968;6548
896900;6548;-13096;6580;6580
897000;-13160;6576;6576;-13152
897100;6680;6680;-13360;6688
897200;6688;-13376;6784;6784
897300;-13568;6780;6780;-13560
897400;6868;6868;-13736;6916
897500;6916;-13832;6940;6940
897600;-13880;7016;7016;-14032
897700;7072;7072;-14144;7092
897800;7092;-14184;7156;7156
897900;-14312;7292;7292;-14584
898000;7180;7180;-14360;7248
898100;7248;-14496;7276;7276
898200;-14552;7304;7304;-14608
898300;7356;7356;-14712;7400
898400;7400;-14800;7412;7412
898500;-14824;7512;7512;-15024
898600;7496;7496;-14992;7396
898700;7396;-14792;7400;7400
898800;-14800;7448;7448;-14896
898900;7492;7492;-14984;7460
899000;7460;-14920;7468;7468
899100;-14936;7472;7472;-14944
899200;7964;7964;-15928;7404
899300;7404;-14808;7404;7404
899400;-14808;7408;7408;-14816
899500;7400;7400;-14800;7356
899600;7356;-14712;7340;7340
899700;-14680;7308;7308;-14616
899800;7280;7280;-14560;7272
899900;7272;-14544;7172;7172
900000;-14344;7184;7184;-14368
900100;7160;7160;-14320;7112
900200;7112;-14224;7120;7120
900300;-14240;7108;7108;-14216
900400;7104;7104;-14208;7012
900500;7012;-14024;6984;6984
900600;-13968;6956;6956;-13912
900700;6892;6892;-13784;6872
900800;6872;-13744;6888;6888
900900;-13776;6820;6820;-13640
901000;6800;6800;-13600;6716
901100;6716;-13432;6716;6716
901200;-13432;6724;6724;-13448
901300;6612;6612;-13224;6632
901400;6632;-13264;6580;6580
901500;-13160;6504;6504;-13008
901600;6464;6464;-12928;6464
901700;6464;-12928;6452;6452
901800;-12904;6368;6368;-12736
901900;6384;6384;-12768;6316
902000;6316;-12632;6300;6300
902100;-12600;6268;6268;-12536
902200;6204;6204;-12408;6196
902300;6196;-12392;6164;6164
902400;-12328;6132;6132;-12264
902500;6068;6068;-12136;6136
902600;6136;-12272;6040;6040
902700;-12080;5952;5952;-11904
902800;5924;5924;-11848;5872
902900;5872;-11744;5848;5848
903000;-11696;5776;5776;-11552
903100;5784;5784;-11568;5732
903200;5732;-11464;5612;5612
903300;-11224;5652;5652;-11304
903400;5608;5608;-11216;5536
903500;5536;-11072;5572;5572
903600;-11144;5500;5500;-11000
903700;5440;5440;-10880;5416
903800;5416;-10832;5328;5328
903900;-10656;5260;5260;-10520
904000;5268;5268;-10536;5224
904100;5224;-10448;5148;5148
904200;-10296;5084;5084;-10168
904300;5068;5068;-10136;4976
904400;4976;-9952;4980;4980
904500;-9960;5036;5036;-10072
904600;4868;4868;-9736;4880
904700;4880;-9760;4828;4828
904800;-9656;4796;4796;-9592
904900;4824;4824;-9648;4816
905000;4816;-9632;4748;4748
905100;-9496;4712;4712;-9424
905200;4728;4728;-9456;4736
905300;4736;-9472;4720;4720
905400;-9440;4768;4768;-9536
905500;4808;4808;-9616;4696
905600;4696;-9392;4720;4720
905700;-9440;4708;4708;-9416
905800;4760;4760;-9520;4740
905900;4740;-9480;4720;4720
906000;-9440;5284;5284;-10568
906100;4672;4672;-9344;4668
906200;4668;-9336;4696;4696
906300;-9392;4556;4556;-9112
906400;4636;4636;-9272;4596
906500;4596;-9192;4632;4632
906600;-9264;4556;4556;-9112
906700;4580;4580;-9160;4536
906800;4536;-9072;4516;4516
906900;-9032;4508;4508;-9016
907000;4476;4476;-8952;4468
907100;4468;-8936;4444;4444
907200;-8888;4480;4480;-8960
907300;4396;4396;-8792;4440
907400;4440;-8880;4384;4384
907500;-8768;4408;4408;-8816
907600;4460;4460;-8920;4372
907700;4372;-8744;4356;4356
907800;-8712;4320;4320;-8640
907900;4372;4372;-8744;4264
908000;4264;-8528;4256;4256
908100;-8512;4276;4276;-8552
908200;4308;4308;-8616;4324
908300;4324;-8648;4188;4188
908400;-8376;4184;4184;-8368
908500;4108;4108;-8216;4180
908600;4180;-8360;4100;4100
908700;-8200;4080;4080;-8160
908800;4060;4060;-8120;4044
908900;4044;-8088;4048;4048
909000;-8096;4032;4032;-8064
909100;4008;4008;-8016;4664
909200;4664;-9328;3940;3940
909300;-7880;3996;3996;-7992
909400;3976;3976;-7952;3880
909500;3880;-7760;3864;3864
909600;-7728;3832;3832;-7664
909700;3848;3848;-7696;3748
909800;3748;-7496;3768;3768
909900;-7536;3704;3704;-7408
910000;3704;3704;-7408;3644
910100;3644;-7288;3616;3616
910200;-7232;3528;3528;-7056
910300;4036;4036;-8072;3512
910400;3512;-7024;3440;3440
910500;-6880;3480;3480;-6960
910600;3344;3344;-6688;3324
910700;3324;-6648;3328;3328
910800;-6656;3472;3472;-6944
910900;3224;3224;-6448;3192
911000;3192;-6384;3176;3176
911100;-6352;3116;3116;-6232
911200;3092;3092;-6184;3052
911300;3052;-6104;2968;2968
911400;-5936;2892;2892;-5784
911500;2844;2844;-5688;2780
911600;2780;-5560;2800;2800
911700;-5600;2688;2688;-5376
911800;2660;2660;-5320;16132
911900;16132;-32264;17960;17960
912000;29616;18496;18496;28544
912100;18788;18788;27960;18636
912200;18636;28264;18580;18580
912300;28376;18556;18556;28424
912400;18552;18552;28432;18468
912500;18468;28600;18444;18444
912600;28648;18384;18384;28768
912700;18312;18312;28912;18248
912800;18248;29040;18276;18276
912900;28984;18212;18212;29112
913000;18188;18188;29160;18172
913100;18172;29192;17732;17732
913200;30072;18056;18056;29424
913300;17984;17984;29568;17980
913400;17980;29576;17896;17896
913500;29744;17892;17892;29752
913600;17756;17756;30024;17880
913700;17880;29776;17712;17712
913800;30112;17672;17672;30192
913900;17180;17180;31176;17636
914000;17636;30264;17620;17620
914100;30296;17524;17524;30488
914200;17524;17524;30488;17484
914300;17484;30568;17476;17476
914400;30584;17424;17424;30688
914500;17404;17404;30728;17460
914600;17460;30616;17332;17332
914700;30872;17352;17352;30832
914800;17288;17288;30960;17200
914900;17200;31136;17164;17164
915000;31208;17148;17148;31240
915100;17144;17144;31248;17064
915200;17064;31408;16980;16980
915300;31576;16976;16976;31584
915400;16908;16908;31720;16844
915500;16844;31848;16860;16860
915600;31816;16912;16912;31712
915700;16928;16928;31680;17392
915800;17392;30752;16904;16904
915900;31728;16980;16980;31576
916000;16920;16920;31696;16952
916100;16952;31632;16972;16972
916200;31592;17012;17012;31512
916300;16960;16960;31616;17008
916400;17008;31520;16924;16924
916500;31688;17072;17072;31392
916600;17048;17048;31440;17076
916700;17076;31384;17008;17008
916800;31520;17152;17152;31232
916900;17060;17060;31416;17112
917000;17112;31312;17012;17012
917100;31512;16952;16952;31632
917200;16968;16968;31600;16936
917300;16936;31664;16868;16868
917400;31800;16744;16744;32048
917500;16728;16728;32080;16648
917600;16648;32240;16560;16560
917700;32416;16568;16568;32400
917800;16320;16320;-32640;16452
917900;16452;32632;16404;16404
918000;32728;16268;16268;-32536
918100;16264;16264;-32528;16172
918200;16172;-32344;16148;16148
918300;-32296;16084;16084;-32168
918400;16004;16004;-32008;15944
918500;15944;-31888;15940;15940
918600;-31880;15920;15920;-31840
918700;15820;15820;-31640;15732
918800;15732;-31464;15768;15768
918900;-31536;15728;15728;-31456
919000;15636;15636;-31272;14972
919100;14972;-29944;15532;15532
919200;-31064;15496;15496;-30992
919300;15432;15432;-30864;15440
919400;15440;-30880;15376;15376
919500;-30752;15324;15324;-30648
919600;15316;15316;-30632;15244
919700;15244;-30488;15516;15516
919800;-31032;15240;15240;-30480
919900;15240;15240;-30480;15180
920000;15180;-30360;15296;15296
920100;-30592;15280;15280;-30560
920200;15280;15280;-30560;15292
920300;15292;-30584;15336;15336
920400;-30672;15372;15372;-30744
920500;15344;15344;-30688;15372
920600;15372;-30744;15464;15464
920700;-30928;15468;15468;-30936
920800;15556;15556;-31112;15524
920900;15524;-31048;15592;15592
921000;-31184;15556;15556;-31112
921100;15652;15652;-31304;15588
921200;15588;-31176;15624;15624
921300;-31248;15700;15700;-31400
921400;15552;15552;-31104;15728
921500;15728;-31456;15680;15680
921600;-31360;15708;15708;-31416
921700;15632;15632;-31264;15780
921800;15780;-31560;15676;15676
921900;-31352;15628;15628;-31256
922000;15684;15684;-31368;15628
922100;15628;-31256;15668;15668
922200;-31336;15736;15736;-31472
922300;15672;15672;-31344;15704
922400;15704;-31408;15636;15636
922500;-31272;15668;15668;-31336
922600;15664;15664;-31328;15720
922700;15720;-31440;15600;15600
922800;-31200;15616;15616;-31232
922900;15596;15596;-31192;15608
923000;15608;-31216;15588;15588
923100;-31176;15652;15652;-31304
923200;15656;15656;-31312;15600
923300;15600;-31200;15664;15664
923400;-31328;15644;15644;-31288
923500;15592;15592;-31184;15564
923600;15564;-31128;15636;15636
923700;-31272;15576;15576;-31152
923800;15544;15544;-31088;15608
923900;15608;-31216;15576;15576
924000;-31152;15580;15580;-31160
924100;15604;15604;-31208;15564
924200;15564;-31128;15520;15520
924300;-31040;15460;15460;-30920
924400;15560;15560;-31120;15520
924500;15520;-31040;15460;15460
924600;-30920;15444;15444;-30888
924700;15548;15548;-31096;15500
924800;15500;-31000;15504;15504
924900;-31008;15508;15508;-31016
925000;15472;15472;-30944;15528
925100;15528;-31056;15516;15516
925200;-31032;-8360;-8360;16720
925300;-5964;-5964;11928;-5888
925400;-5888;11776;-5828;-5828
925500;11656;-5796;-5796;11592
925600;-5840;-5840;11680;-5848
925700;-5848;11696;-5800;-5800
925800;11600;-5832;-5832;11664
925900;-5836;-5836;11672;-5780
926000;-5780;11560;-5772;-5772
926100;11544;-5804;-5804;11608
926200;-5756;-5756;11512;-5776
926300;-5776;11552;-5744;-5744
926400;11488;-5728;-5728;11456
926500;-5800;-5800;11600;-5760
926600;-5760;11520;-5768;-5768
926700;11536;-5780;-5780;11560
926800;-5720;-5720;11440;-6396
926900;-6396;12792;-5760;-5760
927000;11520;-5744;-5744;11488
927100;-6464;-6464;12928;-5800
927200;-5800;11600;-5772;-5772
927300;11544;-5848;-5848;11696
927400;-5744;-5744;11488;-5788
927500;-5788;11576;-5776;-5776
927600;11552;-5740;-5740;11480
927700;-5812;-5812;11624;-5808
927800;-5808;11616;-5744;-5744
927900;11488;-5812;-5812;11624
928000;-5820;-5820;11640;-5788
928100;-5788;11576;-5820;-5820
928200;11640;-5848;-5848;11696
928300;-5844;-5844;11688;-5852
928400;-5852;11704;-5856;-5856
928500;11712;-5884;-5884;11768
928600;-5888;-5888;11776;-5912
928700;-5912;11824;-5852;-5852
928800;11704;-5868;-5868;11736
928900;-5920;-5920;11840;-6024
929000;-6024;12048;-5956;-5956
929100;11912;-6012;-6012;12024
929200;-6056;-6056;12112;-6076
929300;-6076;12152;-6100;-6100
929400;12200;-6168;-6168;12336
929500;-6204;-6204;12408;-6256
929600;-6256;12512;-6248;-6248
929700;12496;-6356;-6356;12712
929800;-6404;-6404;12808;-6428
929900;-6428;12856;-6468;-6468
930000;12936;-6548;-6548;13096
930100;-6536;-6536;13072;-6548
930200;-6548;13096;-6564;-6564
930300;13128;-6532;-6532;13064
930400;-6600;-6600;13200;-6620
930500;-6620;13240;-6624;-6624
930600;13248;-6680;-6680;13360
930700;-6752;-6752;13504;-6824
930800;-6824;13648;-6888;-6888
930900;13776;-6808;-6808;13616
931000;-6828;-6828;13656;-6888
931100;-6888;13776;-7344;-7344
931200;14688;-6928;-6928;13856
931300;-6968;-6968;13936;-6980
931400;-6980;13960;-6948;-6948
931500;13896;-7140;-7140;14280
931600;-7060;-7060;14120;-7104
931700;-7104;14208;-7180;-7180
931800;14360;-7176;-7176;14352
931900;-7188;-7188;14376;-7248
932000;-7248;14496;-7280;-7280
932100;14560;-7316;-7316;14632
932200;-7300;-7300;14600;-7304
932300;-7304;14608;-7348;-7348
932400;14696;-7352;-7352;14704
932500;-7380;-7380;14760;-7348
932600;-7348;14696;-7428;-7428
932700;14856;-7392;-7392;14784
932800;-7372;-7372;14744;-7488
932900;-7488;14976;-7504;-7504
933000;15008;-7600;-7600;15200
933100;-7620;-7620;15240;-7672
933200;-7672;15344;-7720;-7720
933300;15440;-7840;-7840;15680
933400;-7936;-7936;15872;-7964
933500;-7964;15928;-8040;-8040
933600;16080;-8104;-8104;16208
933700;-8236;-8236;16472;-8276
933800;-8276;16552;-8420;-8420
933900;16840;-8440;-8440;16880
934000;-8472;-8472;16944;-8560
934100;-8560;17120;-8560;-8560
934200;17120;-8684;-8684;17368
934300;-8764;-8764;17528;-8844
934400;-8844;17688;-8944;-8944
934500;17888;-9028;-9028;18056
934600;-9112;-9112;18224;-9104
934700;-9104;18208;-9140;-9140
934800;18280;-9180;-9180;18360
934900;-9212;-9212;18424;-9304
935000;-9304;18608;-9340;-9340
935100;18680;-9320;-9320;18640
935200;-9332;-9332;18664;-9292
935300;-9292;18584;-9368;-9368
935400;18736;-9220;-9220;18440
935500;-9204;-9204;18408;-9240
935600;-9240;18480;-9160;-9160
935700;18320;-9264;-9264;18528
935800;-9124;-9124;18248;-9104
935900;-9104;18208;-9092;-9092
936000;18184;-9088;-9088;18176
936100;-9032;-9032;18064;-9056
936200;-9056;18112;-9020;-9020
936300;18040;-9076;-9076;18152
936400;-9068;-9068;18136;-9160
936500;-9160;18320;-9192;-9192
936600;18384;-9164;-9164;18328
936700;-9216;-9216;18432;-9300
936800;-9300;18600;-9312;-9312
936900;18624;-9312;-9312;18624
937000;-9340;-9340;18680;-9464
937100;-9464;18928;-9492;-9492
937200;18984;-9548;-9548;19096
937300;-9540;-9540;19080;-9596
937400;-9596;19192;-9672;-9672
937500;19344;-9720;-9720;19440
937600;-9776;-9776;19552;-9752
937700;-9752;19504;-9728;-9728
937800;19456;-9768;-9768;19536
937900;-9828;-9828;19656;-9872
938000;-9872;19744;-9876;-9876
938100;19752;-9908;-9908;19816
938200;-9924;-9924;19848;-10004
938300;-10004;20008;-10008;-10008
938400;20016;-10068;-10068;20136
938500;-14896;-14896;29792;-13976
938600;-13976;27952;-13668;-13668
938700;27336;-13864;-13864;27728
938800;-14004;-14004;28008;-13980
938900;-13980;27960;-14028;-14028
939000;28056;-14084;-14084;28168
939100;-13980;-13980;27960;-14036
939200;-14036;28072;-14028;-14028
939300;28056;-13956;-13956;27912
939400;-13996;-13996;27992;-14008
939500;-14008;28016;-13972;-13972
939600;27944;-13952;-13952;27904
939700;-13916;-13916;27832;-13860
939800;-13860;27720;-13876;-13876
939900;27752;-13896;-13896;27792
940000;-13780;-13780;27560;-13812
940100;-13812;27624;-13788;-13788
940200;27576;-13788;-13788;27576
940300;-13744;-13744;27488;-13748
940400;-13748;27496;-13780;-13780
940500;27560;-13688;-13688;27376
940600;-13648;-13648;27296;-13580
940700;-13580;27160;-13576;-13576
940800;27152;-13544;-13544;27088
940900;-13640;-13640;27280;-13496
941000;-13496;26992;-13460;-13460
941100;26920;-13964;-13964;27928
941200;-13356;-13356;26712;-13344
941300;-13344;26688;-13228;-13228
941400;26456;-13248;-13248;26496
941500;-13228;-13228;26456;-13224
941600;-13224;26448;-13132;-13132
941700;26264;-13128;-13128;26256
941800;-13092;-13092;26184;-13012
941900;-13012;26024;-13048;-13048
942000;26096;-13012;-13012;26024
942100;-12956;-12956;25912;-12920
942200;-12920;25840;-12868;-12868
942300;25736;-12880;-12880;25760
942400;-12868;-12868;25736;-12812
942500;-12812;25624;-12780;-12780
942600;25560;-12732;-12732;25464
942700;-13008;-13008;26016;-12608
942800;-12608;25216;-12596;-12596
942900;25192;-12628;-12628;25256
943000;-12940;-12940;25880;-12468
943100;-12468;24936;-12448;-12448
943200;24896;-12416;-12416;24832
943300;-12296;-12296;24592;-12300
943400;-12300;24600;-12316;-12316
943500;24632;-12268;-12268;24536
943600;-12184;-12184;24368;-12168
943700;-12168;24336;-12164;-12164
943800;24328;-12088;-12088;24176
943900;-12056;-12056;24112;-12020
944000;-12020;24040;-12096;-12096
944100;24192;-12116;-12116;24232
944200;-12124;-12124;24248;-12076
944300;-12076;24152;-12084;-12084
944400;24168;-11956;-11956;23912
944500;-12060;-12060;24120;-12032
944600;-12032;24064;-12024;-12024
944700;24048;-11956;-11956;23912
944800;-11980;-11980;23960;-12004
944900;-12004;24008;-11984;-11984
945000;23968;-11996;-11996;23992
945100;-11996;-11996;23992;-12020
945200;-12020;24040;-11960;-11960
945300;23920;-11948;-11948;23896
945400;-11984;-11984;23968;-12000
945500;-12000;24000;-12016;-12016
945600;24032;-11948;-11948;23896
945700;-11992;-11992;23984;-11988
945800;-11988;23976;-12000;-12000
945900;24000;-12000;-12000;24000
946000;-12056;-12056;24112;-12080
946100;-12080;24160;-12008;-12008
946200;24016;-12012;-12012;24024
946300;-12004;-12004;24008;-12004
946400;-12004;24008;-12024;-12024
946500;24048;-12040;-12040;24080
946600;-11988;-11988;23976;-12008
946700;-12008;24016;-12016;-12016
946800;24032;-11980;-11980;23960
946900;-12004;-12004;24008;-11928
947000;-11928;23856;-11944;-11944
947100;23888;-11968;-11968;23936
947200;-12020;-12020;24040;-11932
947300;-11932;23864;-11932;-11932
947400;23864;-11944;-11944;23888
947500;-11904;-11904;23808;-11860
947600;-11860;23720;-11860;-11860
947700;23720;-11880;-11880;23760
947800;-11868;-11868;23736;-11812
947900;-11812;23624;-11824;-11824
948000;23648;-11828;-11828;23656
948100;-11788;-11788;23576;-11852
948200;-11852;23704;-11764;-11764
948300;23528;-11820;-11820;23640
948400;-11832;-11832;23664;-11772
948500;-11772;23544;-11740;-11740
948600;23480;-11736;-11736;23472
948700;-11764;-11764;23528;-11628
948800;-11628;23256;-11636;-11636
948900;23272;-11676;-11676;23352
949000;-11688;-11688;23376;-11684
949100;-11684;23368;-11648;-11648
949200;23296;-11624;-11624;23248
949300;-11556;-11556;23112;-11592
949400;-11592;23184;-11524;-11524
949500;23048;-11412;-11412;22824
949600;-11388;-11388;22776;-11336
949700;-11336;22672;-11300;-11300
949800;22600;-11284;-11284;22568
949900;-11252;-11252;22504;-11220
950000;-11220;22440;-11196;-11196
950100;22392;-11216;-11216;22432
950200;-11172;-11172;22344;-11184
950300;-11184;22368;-11028;-11028
950400;22056;-11028;-11028;22056
950500;-10992;-10992;21984;-10984
950600;-10984;21968;-10856;-10856
950700;21712;-10848;-10848;21696
950800;-10788;-10788;21576;-10744
950900;-10744;21488;-10760;-10760
951000;21520;-10676;-10676;21352
951100;-10628;-10628;21256;-10616
951200;-10616;21232;-10464;-10464
951300;20928;-10488;-10488;20976
951400;-10432;-10432;20864;-10368
951500;-10368;20736;-10288;-10288
951600;20576;-10236;-10236;20472
951700;-10220;-10220;20440;-10232
951800;-10232;20464;-10124;-10124
951900;20248;-10120;-10120;20240
952000;7760;7760;-15520;6772
952100;6772;-13544;6260;6260
952200;-12520;6076;6076;-12152
952300;5932;5932;-11864;5920
952400;5920;-11840;6044;6044
952500;-12088;6160;6160;-12320
952600;6048;6048;-12096;6164
952700;6164;-12328;6076;6076
952800;-12152;6208;6208;-12416
952900;6292;6292;-12584;6220
953000;6220;-12440;6408;6408
953100;-12816;6452;6452;-12904
953200;6424;6424;-12848;6512
953300;6512;-13024;6664;6664
953400;-13328;6624;6624;-13248
953500;6668;6668;-13336;6732
953600;6732;-13464;6824;6824
953700;-13648;6948;6948;-13896
953800;6880;6880;-13760;6920
953900;6920;-13840;7088;7088
954000;-14176;6972;6972;-13944
954100;7096;7096;-14192;7192
954200;7192;-14384;7280;7280
954300;-14560;7288;7288;-14576
954400;7916;7916;-15832;7444
954500;7444;-14888;7540;7540
954600;-15080;7644;7644;-15288
954700;7608;7608;-15216;7696
954800;7696;-15392;7724;7724
954900;-15448;7764;7764;-15528
955000;7884;7884;-15768;7924
955100;7924;-15848;7976;7976
955200;-15952;8040;8040;-16080
955300;8164;8164;-16328;8128
955400;8128;-16256;8204;8204
955500;-16408;8336;8336;-16672
955600;8300;8300;-16600;8492
955700;8492;-16984;8536;8536
955800;-17072;8596;8596;-17192
955900;8772;8772;-17544;8752
956000;8752;-17504;8844;8844
956100;-17688;8748;8748;-17496
956200;8820;8820;-17640;8900
956300;8900;-17800;8812;8812
956400;-17624;8792;8792;-17584
956500;8812;8812;-17624;8828
956600;8828;-17656;8928;8928
956700;-17856;8816;8816;-17632
956800;8832;8832;-17664;8360
956900;8360;-16720;8904;8904
957000;-17808;8884;8884;-17768
957100;8896;8896;-17792;8796
957200;8796;-17592;8876;8876
957300;-17752;8872;8872;-17744
957400;8884;8884;-17768;8784
957500;8784;-17568;8860;8860
957600;-17720;8948;8948;-17896
957700;8772;8772;-17544;9148
957800;9148;-18296;8876;8876
957900;-17752;8880;8880;-17760
958000;8840;8840;-17680;8832
958100;8832;-17664;8356;8356
958200;-16712;8808;8808;-17616
958300;8916;8916;-17832;8908
958400;8908;-17816;8940;8940
958500;-17880;8888;8888;-17776
958600;8872;8872;-17744;8860
958700;8860;-17720;8900;8900
958800;-17800;8876;8876;-17752
958900;8880;8880;-17760;8920
959000;8920;-17840;8892;8892
959100;-17784;8976;8976;-17952
959200;8896;8896;-17792;8912
959300;8912;-17824;8956;8956
959400;-17912;9000;9000;-18000
959500;8964;8964;-17928;8896
959600;8896;-17792;8924;8924
959700;-17848;8936;8936;-17872
959800;8832;8832;-17664;8956
959900;8956;-17912;8956;8956
960000;-17912;9008;9008;-18016
960100;9028;9028;-18056;9124
960200;9124;-18248;9228;9228
960300;-18456;9080;9080;-18160
960400;9188;9188;-18376;9208
960500;9208;-18416;9280;9280
960600;-18560;9436;9436;-18872
960700;9340;9340;-18680;9428
960800;9428;-18856;9448;9448
960900;-18896;9516;9516;-19032
961000;9688;9688;-19376;9652
961100;9652;-19304;9660;9660
961200;-19320;9756;9756;-19512
961300;9784;9784;-19568;9752
961400;9752;-19504;10332;10332
961500;-20664;9884;9884;-19768
961600;9988;9988;-19976;9992
961700;9992;-19984;9900;9900
961800;-19800;10056;10056;-20112
961900;10092;10092;-20184;10180
962000;10180;-20360;10224;10224
962100;-20448;10164;10164;-20328
962200;10376;10376;-20752;10388
962300;10388;-20776;10328;10328
962400;-20656;10444;10444;-20888
962500;10512;10512;-21024;10460
962600;10460;-20920;10568;10568
962700;-21136;10620;10620;-21240
962800;10668;10668;-21336;10684
962900;10684;-21368;10792;10792
963000;-21584;10780;10780;-21560
963100;10812;10812;-21624;10816
963200;10816;-21632;10896;10896
963300;-21792;10928;10928;-21856
963400;10976;10976;-21952;11056
963500;11056;-22112;10872;10872
963600;-21744;11124;11124;-22248
963700;11216;11216;-22432;11276
963800;11276;-22552;11284;11284
963900;-22568;11292;11292;-22584
964000;11400;11400;-22800;11468
964100;11468;-22936;11604;11604
964200;-23208;11532;11532;-23064
964300;11572;11572;-23144;11672
964400;11672;-23344;11732;11732
964500;-23464;11704;11704;-23408
964600;11816;11816;-23632;11832
964700;11832;-23664;11376;11376
964800;-22752;12076;12076;-24152
964900;11964;11964;-23928;12068
965000;12068;-24136;12196;12196
965100;-24392;12176;12176;-24352
965200;12264;12264;-24528;12336
965300;12336;-24672;7348;7348
965400;-14696;2916;2916;-5832
965500;2928;2928;-5856;2916
965600;2916;-5832;2876;2876
965700;-5752;2916;2916;-5832
965800;2916;2916;-5832;2900
965900;2900;-5800;2936;2936
966000;-5872;2944;2944;-5888
966100;2964;2964;-5928;2896
966200;2896;-5792;2924;2924
966300;-5848;2952;2952;-5904
966400;3036;3036;-6072;2952
966500;2952;-5904;2952;2952
966600;-5904;2948;2948;-5896
966700;2944;2944;-5888;2944
966800;2944;-5888;2960;2960
966900;-5920;2944;2944;-5888
967000;2944;2944;-5888;2976
967100;2976;-5952;2952;2952
967200;-5904;2828;2828;-5656
967300;2868;2868;-5736;2864
967400;2864;-5728;2832;2832
967500;-5664;2788;2788;-5576
967600;2780;2780;-5560;2736
967700;2736;-5472;2724;2724
967800;-5448;2728;2728;-5456
967900;2796;2796;-5592;2676
968000;2676;-5352;2688;2688
968100;-5376;2672;2672;-5344
968200;2616;2616;-5232;2612
968300;2612;-5224;2580;2580
968400;-5160;2652;2652;-5304
968500;2524;2524;-5048;2544
968600;2544;-5088;2712;2712
968700;-5424;2576;2576;-5152
968800;2616;2616;-5232;2680
968900;2680;-5360;2720;2720
969000;-5440;2824;2824;-5648
969100;2788;2788;-5576;2868
969200;2868;-5736;2876;2876
969300;-5752;3008;3008;-6016
969400;2924;2924;-5848;2976
969500;2976;-5952;3028;3028
969600;-6056;3328;3328;-6656
969700;3088;3088;-6176;3140
969800;3140;-6280;3148;3148
969900;-6296;3232;3232;-6464
970000;3272;3272;-6544;3316
970100;3316;-6632;3196;3196
970200;-6392;3232;3232;-6464
970300;3236;3236;-6472;3248
970400;3248;-6496;3196;3196
970500;-6392;3208;3208;-6416
970600;3312;3312;-6624;3232
970700;3232;-6464;3244;3244
970800;-6488;3276;3276;-6552
970900;3332;3332;-6664;3340
971000;3340;-6680;3340;3340
971100;-6680;3424;3424;-6848
971200;3480;3480;-6960;3488
971300;3488;-6976;3548;3548
971400;-7096;3568;3568;-7136
971500;3596;3596;-7192;3656
971600;3656;-7312;3708;3708
971700;-7416;3772;3772;-7544
971800;3840;3840;-7680;3880
971900;3880;-7760;3992;3992
972000;-7984;3976;3976;-7952
972100;4004;4004;-8008;4052
972200;4052;-8104;4072;4072
972300;-8144;4124;4124;-8248
972400;4160;4160;-8320;4284
972500;4284;-8568;4248;4248
972600;-8496;4264;4264;-8528
972700;4344;4344;-8688;4320
972800;4320;-8640;4352;4352
972900;-8704;4436;4436;-8872
973000;4472;4472;-8944;4448
973100;4448;-8896;4472;4472
973200;-8944;4504;4504;-9008
973300;4528;4528;-9056;4524
973400;4524;-9048;4560;4560
973500;-9120;4604;4604;-9208
973600;4652;4652;-9304;4656
973700;4656;-9312;4792;4792
973800;-9584;4748;4748;-9496
973900;4880;4880;-9760;4888
974000;4888;-9776;4956;4956
974100;-9912;4992;4992;-9984
974200;5064;5064;-10128;5188
974300;5188;-10376;5140;5140
974400;-10280;5236;5236;-10472
974500;5312;5312;-10624;5336
974600;5336;-10672;5484;5484
974700;-10968;5464;5464;-10928
974800;5516;5516;-11032;5548
974900;5548;-11096;5596;5596
975000;-11192;5580;5580;-11160
975100;5668;5668;-11336;5688
975200;5688;-11376;5752;5752
975300;-11504;5740;5740;-11480
975400;5772;5772;-11544;5840
975500;5840;-11680;5816;5816
975600;-11632;5824;5824;-11648
975700;5844;5844;-11688;5884
975800;5884;-11768;5932;5932
975900;-11864;5872;5872;-11744
976000;5928;5928;-11856;5984
976100;5984;-11968;6032;6032
976200;-12064;5996;5996;-11992
976300;6028;6028;-12056;6092
976400;6092;-12184;6136;6136
976500;-12272;6124;6124;-12248
976600;6212;6212;-12424;6276
976700;6276;-12552;6316;6316
976800;-12632;6404;6404;-12808
976900;6324;6324;-12648;6568
977000;6568;-13136;6516;6516
977100;-13032;6560;6560;-13120
977200;6628;6628;-13256;6628
977300;6628;-13256;6704;6704
977400;-13408;6720;6720;-13440
977500;6832;6832;-13664;6900
977600;6900;-13800;6880;6880
977700;-13760;6956;6956;-13912
977800;7016;7016;-14032;7052
977900;7052;-14104;7100;7100
978000;-14200;7120;7120;-14240
978100;7144;7144;-14288;7296
978200;7296;-14592;7256;7256
978300;-14512;7304;7304;-14608
978400;7324;7324;-14648;7368
978500;7368;-14736;7364;7364
978600;-14728;7408;7408;-14816
978700;7436;7436;-14872;7360
978800;7360;-14720;7336;7336
978900;-14672;7416;7416;-14832
979000;7416;7416;-14832;7408
979100;7408;-14816;7440;7440
979200;-14880;7464;7464;-14928
979300;7548;7548;-15096;7420
979400;7420;-14840;7456;7456
979500;-14912;7444;7444;-14888
979600;7412;7412;-14824;7456
979700;7456;-14912;7324;7324
979800;-14648;7340;7340;-14680
979900;7280;7280;-14560;7228
980000;7228;-14456;7220;7220
980100;-14440;7208;7208;-14416
980200;7184;7184;-14368;7160
980300;7160;-14320;7128;7128
980400;-14256;7116;7116;-14232
980500;7076;7076;-14152;7068
980600;7068;-14136;7012;7012
980700;-14024;6980;6980;-13960
980800;6964;6964;-13928;6900
980900;6900;-13800;6900;6900
981000;-13800;6856;6856;-13712
981100;6824;6824;-13648;6784
981200;6784;-13568;6748;6748
981300;-13496;6704;6704;-13408
981400;6676;6676;-13352;6648
981500;6648;-13296;6632;6632
981600;-13264;6556;6556;-13112
981700;6524;6524;-13048;6484
981800;6484;-12968;6448;6448
981900;-12896;6400;6400;-12800
982000;6372;6372;-12744;6308
982100;6308;-12616;6336;6336
982200;-12672;6316;6316;-12632
982300;6288;6288;-12576;6224
982400;6224;-12448;6288;6288
982500;-12576;6128;6128;-12256
982600;6120;6120;-12240;6052
982700;6052;-12104;6028;6028
982800;-12056;6016;6016;-12032
982900;6036;6036;-12072;5884
983000;5884;-11768;5856;5856
983100;-11712;5896;5896;-11792
983200;5780;5780;-11560;5748
983300;5748;-11496;5692;5692
983400;-11384;5800;5800;-11600
983500;5656;5656;-11312;5640
983600;5640;-11280;5520;5520
983700;-11040;5504;5504;-11008
983800;5444;5444;-10888;5500
983900;5500;-11000;5376;5376
984000;-10752;5364;5364;-10728
984100;5300;5300;-10600;5248
984200;5248;-10496;5220;5220
984300;-10440;5172;5172;-10344
984400;5220;5220;-10440;5048
984500;5048;-10096;5024;5024
984600;-10048;5032;5032;-10064
984700;4952;4952;-9904;4896
984800;4896;-9792;4864;4864
984900;-9728;4836;4836;-9672
985000;4796;4796;-9592;4788
985100;4788;-9576;4732;4732
985200;-9464;4792;4792;-9584
985300;4720;4720;-9440;4716
985400;4716;-9432;4716;4716
985500;-9432;4776;4776;-9552
985600;4720;4720;-9440;4756
985700;4756;-9512;4784;4784
985800;-9568;4776;4776;-9552
985900;4740;4740;-9480;4744
986000;4744;-9488;4668;4668
986100;-9336;4704;4704;-9408
986200;4728;4728;-9456;4716
986300;4716;-9432;4660;4660
986400;-9320;4660;4660;-9320
986500;4604;4604;-9208;4696
986600;4696;-9392;4572;4572
986700;-9144;4580;4580;-9160
986800;4556;4556;-9112;4536
986900;4536;-9072;4400;4400
987000;-8800;4472;4472;-8944
987100;4472;4472;-8944;4488
987200;4488;-8976;4512;4512
987300;-9024;4472;4472;-8944
987400;4380;4380;-8760;4404
987500;4404;-8808;4424;4424
987600;-8848;4384;4384;-8768
987700;4352;4352;-8704;4364
987800;4364;-8728;4364;4364
987900;-8728;4456;4456;-8912
988000;4368;4368;-8736;4340
988100;4340;-8680;4292;4292
988200;-8584;4256;4256;-8512
988300;4312;4312;-8624;4264
988400;4264;-8528;4244;4244
988500;-8488;4232;4232;-8464
988600;4180;4180;-8360;4212
988700;4212;-8424;4192;4192
988800;-8384;4156;4156;-8312
988900;4092;4092;-8184;4044
989000;4044;-8088;4052;4052
989100;-8104;4028;4028;-8056
989200;4032;4032;-8064;4052
989300;4052;-8104;4000;4000
989400;-8000;3908;3908;-7816
989500;3916;3916;-7832;3896
989600;3896;-7792;3956;3956
989700;-7912;3868;3868;-7736
989800;3848;3848;-7696;3804
989900;3804;-7608;3808;3808
990000;-7616;3784;3784;-7568
990100;3852;3852;-7704;3676
990200;3676;-7352;3688;3688
990300;-7376;3656;3656;-7312
990400;3680;3680;-7360;3540
990500;3540;-7080;3508;3508
990600;-7016;3468;3468;-6936
990700;3412;3412;-6824;3440
990800;3440;-6880;3316;3316
990900;-6632;3232;3232;-6464
991000;3216;3216;-6432;3164
991100;3164;-6328;3764;3764
991200;-7528;3152;3152;-6304
991300;3092;3092;-6184;3068
991400;3068;-6136;3036;3036
991500;-6072;2992;2992;-5984
991600;2884;2884;-5768;2900
991700;2900;-5800;2796;2796
991800;-5592;2804;2804;-5608
991900;2736;2736;-5472;16636
992000;16636;32264;17948;17948
992100;29640;18580;18580;28376
992200;18648;18648;28240;18684
992300;18684;28168;18808;18808
992400;27920;18640;18640;28256
992500;18568;18568;28400;18524
992600;18524;28488;18460;18460
992700;28616;18412;18412;28712
992800;18352;18352;28832;18316
992900;18316;28904;18304;18304
993000;28928;18276;18276;28984
993100;18168;18168;29200;18200
993200;18200;29136;18128;18128
993300;29280;18056;18056;29424
993400;18140;18140;29256;17952
993500;17952;29632;18024;18024
993600;29488;17912;17912;29712
993700;17916;17916;29704;17832
993800;17832;29872;17756;17756
993900;30024;17680;17680;30176
994000;17700;17700;30136;17616
994100;17616;30304;17640;17640
994200;30256;17472;17472;30592
994300;17568;17568;30400;17508
994400;17508;30520;17508;17508
994500;30520;17516;17516;30504
994600;17324;17324;30888;17408
994700;17408;30720;17300;17300
994800;30936;17312;17312;30912
994900;17320;17320;30896;17340
995000;17340;30856;17248;17248
995100;31040;17208;17208;31120
995200;17072;17072;31392;17172
995300;17172;31192;16984;16984
995400;31568;16980;16980;31576
995500;16896;16896;31744;16896
995600;16896;31744;16912;16912
995700;31712;16888;16888;31760
995800;16860;16860;31816;16824
995900;16824;31888;16856;16856
996000;31824;16916;16916;31704
996100;16988;16988;31560;16956
996200;16956;31624;17008;17008
996300;31520;16940;16940;31656
996400;16996;16996;31544;17040
996500;17040;31456;16592;16592
996600;32352;16968;16968;31600
996700;17008;17008;31520;17012
996800;17012;31512;17000;17000
996900;31536;17068;17068;31400
997000;16556;16556;32424;17072
997100;17072;31392;17060;17060
997200;31416;17052;17052;31432
997300;17504;17504;30528;16892
997400;16892;31752;16892;16892
997500;31752;16748;16748;32040
997600;16728;16728;32080;16688
997700;16688;32160;16672;16672
997800;32192;16536;16536;32464
997900;16532;16532;32472;16464
998000;16464;32608;16352;16352
998100;-32704;16392;16392;32752
998200;16264;16264;-32528;16280
998300;16280;-32560;16140;16140
998400;-32280;16180;16180;-32360
998500;16080;16080;-32160;16024
998600;16024;-32048;15476;15476
998700;-30952;15984;15984;-31968
998800;15904;15904;-31808;15900
998900;15900;-31800;15748;15748
999000;-31496;15696;15696;-31392
999100;15652;15652;-31304;15716
999200;15716;-31432;15468;15468
999300;-30936;15516;15516;-31032
999400;15520;15520;-31040;15512
999500;15512;-31024;15348;15348
999600;-30696;15416;15416;-30832
999700;15304;15304;-30608;15292
999800;15292;-30584;15224;15224
999900;-30448;15188;15188;-30376
1000000;15192;15192;-30384;15268
1000100;15268;-30536;15208;15208
1000200;-30416;15488;15488;-30976
1000300;15284;15284;-30568;15300
1000400;15300;-30600;15348;15348
1000500;-30696;15384;15384;-30768
1000600;15328;15328;-30656;15408
1000700;15408;-30816;15396;15396
1000800;-30792;15412;15412;-30824
1000900;15480;15480;-30960;15536
1001000;15536;-31072;15516;15516
1001100;-31032;15548;15548;-31096
1001200;15540;15540;-31080;16036
1001300;16036;-32072;15616;15616
1001400;-31232;15704;15704;-31408
1001500;15712;15712;-31424;15680
1001600;15680;-31360;15672;15672
1001700;-31344;15716;15716;-31432
1001800;15672;15672;-31344;15720
1001900;15720;-31440;15776;15776
1002000;-31552;15684;15684;-31368
1002100;15724;15724;-31448;15728
1002200;15728;-31456;15740;15740
1002300;-31480;15720;15720;-31440
1002400;15692;15692;-31384;15636
1002500;15636;-31272;15700;15700
1002600;-31400;15688;15688;-31376
1002700;15644;15644;-31288;15716
1002800;15716;-31432;15612;15612
1002900;-31224;15632;15632;-31264
1003000;15628;15628;-31256;15644
1003100;15644;-31288;15668;15668
1003200;-31336;15660;15660;-31320
1003300;15612;15612;-31224;15608
1003400;15608;-31216;15604;15604
1003500;-31208;15620;15620;-31240
1003600;15612;15612;-31224;15636
1003700;15636;-31272;15668;15668
1003800;-31336;15620;15620;-31240
1003900;15620;15620;-31240;15636
1004000;15636;-31272;15648;15648
1004100;-31296;15516;15516;-31032
1004200;15660;15660;-31320;15512
1004300;15512;-31024;15604;15604
1004400;-31208;15516;15516;-31032
1004500;15480;15480;-30960;15540
1004600;15540;-31080;15560;15560
1004700;-31120;15560;15560;-31120
1004800;15520;15520;-31040;15540
1004900;15540;-31080;15544;15544
1005000;-31088;15548;15548;-31096
1005100;14944;14944;-29888;15536
1005200;15536;-31072;15496;15496
1005300;-30992;15520;15520;-31040
1005400;-8332;-8332;16664;-5940
1005500;-5940;11880;-5864;-5864
1005600;11728;-5836;-5836;11672
1005700;-5844;-5844;11688;-5808
1005800;-5808;11616;-5816;-5816
1005900;11632;-5828;-5828;11656
1006000;-5828;-5828;11656;-5772
1006100;-5772;11544;-5832;-5832
1006200;11664;-5792;-5792;11584
1006300;-5776;-5776;11552;-5756
1006400;-5756;11512;-5748;-5748
1006500;11496;-5820;-5820;11640
1006600;-5796;-5796;11592;-5816
1006700;-5816;11632;-5748;-5748
1006800;11496;-5772;-5772;11544
1006900;-5784;-5784;11568;-5860
1007000;-5860;11720;-5772;-5772
1007100;11544;-5772;-5772;11544
1007200;-5756;-5756;11512;-5764
1007300;-5764;11528;-5812;-5812
1007400;11624;-5776;-5776;11552
1007500;-5740;-5740;11480;-5724
1007600;-5724;11448;-5816;-5816
1007700;11632;-5732;-5732;11464
1007800;-5764;-5764;11528;-5788
1007900;-5788;11576;-5816;-5816
1008000;11632;-5828;-5828;11656
1008100;-5792;-5792;11584;-5836
1008200;-5836;11672;-5848;-5848
1008300;11696;-5804;-5804;11608
1008400;-5848;-5848;11696;-5820
1008500;-5820;11640;-5868;-5868
1008600;11736;-5836;-5836;11672
1008700;-5872;-5872;11744;-5912
1008800;-5912;11824;-5864;-5864
1008900;11728;-5916;-5916;11832
1009000;-5912;-5912;11824;-5868
1009100;-5868;11736;-5956;-5956
1009200;11912;-6004;-6004;12008
1009300;-6660;-6660;13320;-6072
1009400;-6072;12144;-6076;-6076
1009500;12152;-6096;-6096;12192
1009600;-6156;-6156;12312;-6260
1009700;-6260;12520;-6340;-6340
1009800;12680;-6296;-6296;12592
1009900;-6372;-6372;12744;-6372
1010000;-6372;12744;-6420;-6420
1010100;12840;-6492;-6492;12984
1010200;-6508;-6508;13016;-6524
1010300;-6524;13048;-6580;-6580
1010400;13160;-6624;-6624;13248
1010500;-6560;-6560;13120;-6588
1010600;-6588;13176;-6672;-6672
1010700;13344;-6728;-6728;13456
1010800;-6712;-6712;13424;-6704
1010900;-6704;13408;-6708;-6708
1011000;13416;-6824;-6824;13648
1011100;-6684;-6684;13368;-6828
1011200;-6828;13656;-6888;-6888
1011300;13776;-6904;-6904;13808
1011400;-6984;-6984;13968;-6944
1011500;-6944;13888;-6924;-6924
1011600;13848;-7000;-7000;14000
1011700;-7044;-7044;14088;-7076
1011800;-7076;14152;-7052;-7052
1011900;14104;-7100;-7100;14200
1012000;-7300;-7300;14600;-7232
1012100;-7232;14464;-7280;-7280
1012200;14560;-7336;-7336;14672
1012300;-7312;-7312;14624;-7356
1012400;-7356;14712;-7300;-7300
1012500;14600;-7292;-7292;14584
1012600;-7332;-7332;14664;-7292
1012700;-7292;14584;-7756;-7756
1012800;15512;-7336;-7336;14672
1012900;-7416;-7416;14832;-7440
1013000;-7440;14880;-7452;-7452
1013100;14904;-7504;-7504;15008
1013200;-7580;-7580;15160;-7664
1013300;-7664;15328;-7660;-7660
1013400;15320;-7784;-7784;15568
1013500;-7864;-7864;15728;-7956
1013600;-7956;15912;-7960;-7960
1013700;15920;-8008;-8008;16016
1013800;-8108;-8108;16216;-8220
1013900;-8220;16440;-8360;-8360
1014000;16720;-8372;-8372;16744
1014100;-8488;-8488;16976;-8556
1014200;-8556;17112;-8596;-8596
1014300;17192;-8680;-8680;17360
1014400;-8672;-8672;17344;-8788
1014500;-8788;17576;-8884;-8884
1014600;17768;-8932;-8932;17864
1014700;-9112;-9112;18224;-9028
1014800;-9028;18056;-9120;-9120
1014900;18240;-9128;-9128;18256
1015000;-9248;-9248;18496;-9240
1015100;-9240;18480;-9384;-9384
1015200;18768;-9328;-9328;18656
1015300;-9292;-9292;18584;-9260
1015400;-9260;18520;-9304;-9304
1015500;18608;-9276;-9276;18552
1015600;-9288;-9288;18576;-9252
1015700;-9252;18504;-9132;-9132
1015800;18264;-9116;-9116;18232
1015900;-9124;-9124;18248;-9128
1016000;-9128;18256;-9076;-9076
1016100;18152;-9112;-9112;18224
1016200;-9048;-9048;18096;-9008
1016300;-9008;18016;-9064;-9064
1016400;18128;-9056;-9056;18112
1016500;-9088;-9088;18176;-9144
1016600;-9144;18288;-9172;-9172
1016700;18344;-9116;-9116;18232
1016800;-9148;-9148;18296;-9252
1016900;-9252;18504;-9284;-9284
1017000;18568;-9396;-9396;18792
1017100;-9764;-9764;19528;-9372
1017200;-9372;18744;-9424;-9424
1017300;18848;-9500;-9500;19000
1017400;-9572;-9572;19144;-9608
1017500;-9608;19216;-9584;-9584
1017600;19168;-9612;-9612;19224
1017700;-9648;-9648;19296;-9728
1017800;-9728;19456;-9780;-9780
1017900;19560;-9780;-9780;19560
1018000;-9852;-9852;19704;-9864
1018100;-9864;19728;-9868;-9868
1018200;19736;-9920;-9920;19840
1018300;-9964;-9964;19928;-9960
1018400;-9960;19920;-9996;-9996
1018500;19992;-10008;-10008;20016
1018600;-10036;-10036;20072;-14876
1018700;-14876;29752;-13400;-13400
1018800;26800;-13688;-13688;27376
1018900;-13860;-13860;27720;-13976
1019000;-13976;27952;-13964;-13964
1019100;27928;-14000;-14000;28000
1019200;-14052;-14052;28104;-14036
1019300;-14036;28072;-14028;-14028
1019400;28056;-13996;-13996;27992
1019500;-13960;-13960;27920;-13984
1019600;-13984;27968;-13952;-13952
1019700;27904;-13940;-13940;27880
1019800;-13904;-13904;27808;-13888
1019900;-13888;27776;-13896;-13896
1020000;27792;-13876;-13876;27752
1020100;-13920;-13920;27840;-13804
1020200;-13804;27608;-13788;-13788
1020300;27576;-13820;-13820;27640
1020400;-13768;-13768;27536;-13724
1020500;-13724;27448;-13724;-13724
1020600;27448;-13712;-13712;27424
1020700;-13728;-13728;27456;-13600
1020800;-13600;27200;-13624;-13624
1020900;27248;-13616;-13616;27232
1021000;-13500;-13500;27000;-13540
1021100;-13540;27080;-13476;-13476
1021200;26952;-13488;-13488;26976
1021300;-13376;-13376;26752;-13400
1021400;-13400;26800;-13364;-13364
1021500;26728;-13280;-13280;26560
1021600;-13240;-13240;26480;-13240
1021700;-13240;26480;-13200;-13200
1021800;26400;-13144;-13144;26288
1021900;-13104;-13104;26208;-13092
1022000;-13092;26184;-13084;-13084
1022100;26168;-13004;-13004;26008
1022200;-12972;-12972;25944;-12956
1022300;-12956;25912;-12864;-12864
1022400;25728;-12856;-12856;25712
1022500;-12848;-12848;25696;-12812
1022600;-12812;25624;-12752;-12752
1022700;25504;-12788;-12788;25576
1022800;-12792;-12792;25584;-12656
1022900;-12656;25312;-12660;-12660
1023000;25320;-12592;-12592;25184
1023100;-12592;-12592;25184;-12536
1023200;-12536;25072;-12520;-12520
1023300;25040;-12412;-12412;24824
1023400;-12436;-12436;24872;-12376
1023500;-12376;24752;-12324;-12324
1023600;24648;-12288;-12288;24576
1023700;-12296;-12296;24592;-12200
1023800;-12200;24400;-12180;-12180
1023900;24360;-12140;-12140;24280
1024000;-12104;-12104;24208;-12148
1024100;-12148;24296;-12076;-12076
1024200;24152;-12024;-12024;24048
1024300;-12016;-12016;24032;-12056
1024400;-12056;24112;-12008;-12008
1024500;24016;-12036;-12036;24072
1024600;-12004;-12004;24008;-12040
1024700;-12040;24080;-11956;-11956
1024800;23912;-12024;-12024;24048
1024900;-12024;-12024;24048;-11964
1025000;-11964;23928;-11980;-11980
1025100;23960;-11960;-11960;23920
1025200;-12024;-12024;24048;-12024
1025300;-12024;24048;-12028;-12028
1025400;24056;-11952;-11952;23904
1025500;-11960;-11960;23920;-11984
1025600;-11984;23968;-11920;-11920
1025700;23840;-11980;-11980;23960
1025800;-12008;-12008;24016;-12024
1025900;-12024;24048;-12100;-12100
1026000;24200;-11996;-11996;23992
1026100;-12024;-12024;24048;-12044
1026200;-12044;24088;-12048;-12048
1026300;24096;-12040;-12040;24080
1026400;-12040;-12040;24080;-11996
1026500;-11996;23992;-12004;-12004
1026600;24008;-12052;-12052;24104
1026700;-11984;-11984;23968;-12028
1026800;-12028;24056;-12000;-12000
1026900;24000;-11988;-11988;23976
1027000;-11984;-11984;23968;-11984
1027100;-11984;23968;-11908;-11908
1027200;23816;-11972;-11972;23944
1027300;-11952;-11952;23904;-11940
1027400;-11940;23880;-11964;-11964
1027500;23928;-11964;-11964;23928
1027600;-11960;-11960;23920;-11908
1027700;-11908;23816;-11904;-11904
1027800;23808;-11924;-11924;23848
1027900;-11928;-11928;23856;-11888
1028000;-11888;23776;-11896;-11896
1028100;23792;-11820;-11820;23640
1028200;-11880;-11880;23760;-11876
1028300;-11876;23752;-11824;-11824
1028400;23648;-11784;-11784;23568
1028500;-11800;-11800;23600;-11820
1028600;-11820;23640;-11784;-11784
1028700;23568;-11692;-11692;23384
1028800;-11744;-11744;23488;-11708
1028900;-11708;23416;-11704;-11704
1029000;23408;-11720;-11720;23440
1029100;-11620;-11620;23240;-11624
1029200;-11624;23248;-11648;-11648
1029300;23296;-11660;-11660;23320
1029400;-11600;-11600;23200;-11504
1029500;-11504;23008;-11492;-11492
1029600;22984;-11488;-11488;22976
1029700;-11452;-11452;22904;-11844
1029800;-11844;23688;-11312;-11312
1029900;22624;-11344;-11344;22688
1030000;-11332;-11332;22664;-11244
1030100;-11244;22488;-11236;-11236
1030200;22472;-11148;-11148;22296
1030300;-11156;-11156;22312;-11100
1030400;-11100;22200;-11068;-11068
1030500;22136;-11080;-11080;22160
1030600;-11036;-11036;22072;-11008
1030700;-11008;22016;-10976;-10976
1030800;21952;-10876;-10876;21752
1030900;-10812;-10812;21624;-10792
1031000;-10792;21584;-10808;-10808
1031100;21616;-10752;-10752;21504
1031200;-10716;-10716;21432;-10692
1031300;-10692;21384;-10568;-10568
1031400;21136;-10572;-10572;21144
1031500;-10492;-10492;20984;-10388
1031600;-10388;20776;-10432;-10432
1031700;20864;-10328;-10328;20656
1031800;-10308;-10308;20616;-10228
1031900;-10228;20456;-10216;-10216
1032000;20432;-10204;-10204;20408
1032100;-10028;-10028;20056;7732
1032200;7732;-15464;6812;6812
1032300;-13624;6176;6176;-12352
1032400;6068;6068;-12136;6024
1032500;6024;-12048;6012;6012
1032600;-12024;5996;5996;-11992
1032700;6312;6312;-12624;6096
1032800;6096;-12192;6100;6100
1032900;-12200;6036;6036;-12072
1033000;6152;6152;-12304;6232
1033100;6232;-12464;6348;6348
1033200;-12696;6356;6356;-12712
1033300;6324;6324;-12648;6492
1033400;6492;-12984;6532;6532
1033500;-13064;6500;6500;-13000
1033600;6516;6516;-13032;6712
1033700;6712;-13424;6752;6752
1033800;-13504;6800;6800;-13600
1033900;6824;6824;-13648;6960
1034000;6960;-13920;6912;6912
1034100;-13824;6972;6972;-13944
1034200;6988;6988;-13976;7220
1034300;7220;-14440;7208;7208
1034400;-14416;7280;7280;-14560
1034500;7268;7268;-14536;7372
1034600;7372;-14744;7432;7432
1034700;-14864;7580;7580;-15160
1034800;7508;7508;-15016;7664
1034900;7664;-15328;7732;7732
1035000;-15464;7764;7764;-15528
1035100;7848;7848;-15696;7912
1035200;7912;-15824;8048;8048
1035300;-16096;8012;8012;-16024
1035400;8104;8104;-16208;8216
1035500;8216;-16432;8292;8292
1035600;-16584;8376;8376;-16752
1035700;8368;8368;-16736;8480
1035800;8480;-16960;8440;8440
1035900;-16880;8536;8536;-17072
1036000;8628;8628;-17256;8692
1036100;8692;-17384;8736;8736
1036200;-17472;8820;8820;-17640
1036300;8900;8900;-17800;8824
1036400;8824;-17648;8808;8808
1036500;-17616;8832;8832;-17664
1036600;8876;8876;-17752;8904
1036700;8904;-17808;8876;8876
1036800;-17752;8868;8868;-17736
1036900;8908;8908;-17816;8804
1037000;8804;-17608;8980;8980
1037100;-17960;9016;9016;-18032
1037200;8936;8936;-17872;8764
1037300;8764;-17528;8860;8860
1037400;-17720;8928;8928;-17856
1037500;8916;8916;-17832;8880
1037600;8880;-17760;8928;8928
1037700;-17856;8952;8952;-17904
1037800;8896;8896;-17792;8924
1037900;8924;-17848;8980;8980
1038000;-17960;8948;8948;-17896
1038100;8900;8900;-17800;8936
1038200;8936;-17872;8896;8896
1038300;-17792;8900;8900;-17800
1038400;9012;9012;-18024;8896
1038500;8896;-17792;8912;8912
1038600;-17824;8864;8864;-17728
1038700;8896;8896;-17792;8900
1038800;8900;-17800;8928;8928
1038900;-17856;8948;8948;-17896
1039000;8904;8904;-17808;8996
1039100;8996;-17992;8908;8908
1039200;-17816;8912;8912;-17824
1039300;8928;8928;-17856;9016
1039400;9016;-18032;8924;8924
1039500;-17848;9028;9028;-18056
1039600;9008;9008;-18016;8992
1039700;8992;-17984;8904;8904
1039800;-17808;8988;8988;-17976
1039900;8984;8984;-17968;8980
1040000;8980;-17960;8980;8980
1040100;-17960;9004;9004;-18008
1040200;9028;9028;-18056;9120
1040300;9120;-18240;9192;9192
1040400;-18384;9100;9100;-18200
1040500;9168;9168;-18336;9212
1040600;9212;-18424;9224;9224
1040700;-18448;9324;9324;-18648
1040800;9360;9360;-18720;9384
1040900;9384;-18768;9480;9480
1041000;-18960;9472;9472;-18944
1041100;9544;9544;-19088;9636
1041200;9636;-19272;9732;9732
1041300;-19464;9708;9708;-19416
1041400;9836;9836;-19672;9788
1041500;9788;-19576;9880;9880
1041600;-19760;9904;9904;-19808
1041700;9948;9948;-19896;9992
1041800;9992;-19984;10048;10048
1041900;-20096;10052;10052;-20104
1042000;10100;10100;-20200;10124
1042100;10124;-20248;10224;10224
1042200;-20448;10340;10340;-20680
1042300;10268;10268;-20536;10380
1042400;10380;-20760;10332;10332
1042500;-20664;10468;10468;-20936
1042600;10532;10532;-21064;10576
1042700;10576;-21152;10616;10616
1042800;-21232;10412;10412;-20824
1042900;10540;10540;-21080;10712
1043000;10712;-21424;10708;10708
1043100;-21416;10732;10732;-21464
1043200;10884;10884;-21768;10824
1043300;10824;-21648;10908;10908
1043400;-21816;11000;11000;-22000
1043500;11044;11044;-22088;11156
1043600;11156;-22312;10980;10980
1043700;-21960;11096;11096;-22192
1043800;11184;11184;-22368;11220
1043900;11220;-22440;11240;11240
1044000;-22480;11372;11372;-22744
1044100;11372;11372;-22744;11508
1044200;11508;-23016;11480;11480
1044300;-22960;11564;11564;-23128
1044400;11564;11564;-23128;11728
1044500;11728;-23456;11644;11644
1044600;-23288;11808;11808;-23616
1044700;11812;11812;-23624;11868
1044800;11868;-23736;11820;11820
1044900;-23640;11960;11960;-23920
1045000;12008;12008;-24016;12060
1045100;12060;-24120;12092;12092
1045200;-24184;12156;12156;-24312
1045300;12224;12224;-24448;12288
1045400;12288;-24576;12332;12332
1045500;-24664;7352;7352;-14704
1045600;2916;2916;-5832;2912
1045700;2912;-5824;2892;2892
1045800;-5784;2844;2844;-5688
1045900;2908;2908;-5816;2912
1046000;2912;-5824;2980;2980
1046100;-5960;2896;2896;-5792
1046200;2932;2932;-5864;2936
1046300;2936;-5872;2920;2920
1046400;-5840;3408;3408;-6816
1046500;2960;2960;-5920;2948
1046600;2948;-5896;2924;2924
1046700;-5848;2948;2948;-5896
1046800;2968;2968;-5936;2968
1046900;2968;-5936;2924;2924
1047000;-5848;2944;2944;-5888
1047100;2956;2956;-5912;2944
1047200;2944;-5888;3028;3028
1047300;-6056;2892;2892;-5784
1047400;2852;2852;-5704;2856
1047500;2856;-5712;2836;2836
1047600;-5672;2876;2876;-5752
1047700;2780;2780;-5560;2792
1047800;2792;-5584;2752;2752
1047900;-5504;2832;2832;-5664
1048000;2728;2728;-5456;2668
1048100;2668;-5336;2608;2608
1048200;-5216;2604;2604;-5208
1048300;2640;2640;-5280;2576
1048400;2576;-5152;2616;2616
1048500;-5232;2560;2560;-5120
1048600;2600;2600;-5200;2580
1048700;2580;-5160;2476;2476
1048800;-4952;2560;2560;-5120
1048900;2572;2572;-5144;2604
1049000;2604;-5208;2676;2676
1049100;-5352;2704;2704;-5408
1049200;2712;2712;-5424;2804
1049300;2804;-5608;2844;2844
1049400;-5688;2880;2880;-5760
1049500;2992;2992;-5984;2904
1049600;2904;-5808;3000;3000
1049700;-6000;3080;3080;-6160
1049800;3060;3060;-6120;3136
1049900;3136;-6272;3200;3200
1050000;-6400;3228;3228;-6456
1050100;3232;3232;-6464;3316
1050200;3316;-6632;3348;3348
1050300;-6696;3284;3284;-6568
1050400;3280;3280;-6560;3280
1050500;3280;-6560;3264;3264
1050600;-6528;3240;3240;-6480
1050700;3244;3244;-6488;3352
1050800;3352;-6704;3228;3228
1050900;-6456;3268;3268;-6536
1051000;3280;3280;-6560;3332
1051100;3332;-6664;3340;3340
1051200;-6680;3440;3440;-6880
1051300;3404;3404;-6808;3452
1051400;3452;-6904;3552;3552
1051500;-7104;3572;3572;-7144
1051600;3580;3580;-7160;3684
1051700;3684;-7368;3788;3788
1051800;-7576;3696;3696;-7392
1051900;3788;3788;-7576;3916
1052000;3916;-7832;3892;3892
1052100;-7784;3948;3948;-7896
1052200;3884;3884;-7768;4036
1052300;4036;-8072;4084;4084
1052400;-8168;4156;4156;-8312
1052500;4144;4144;-8288;4196
1052600;4196;-8392;4212;4212
1052700;-8424;4220;4220;-8440
1052800;4288;4288;-8576;4336
1052900;4336;-8672;4316;4316
1053000;-8632;4360;4360;-8720
1053100;4476;4476;-8952;4468
1053200;4468;-8936;4380;4380
1053300;-8760;4480;4480;-8960
1053400;4492;4492;-8984;4896
1053500;4896;-9792;4576;4576
1053600;-9152;4608;4608;-9216
1053700;4580;4580;-9160;4664
1053800;4664;-9328;4720;4720
1053900;-9440;4800;4800;-9600
1054000;4796;4796;-9592;4836
1054100;4836;-9672;4904;4904
1054200;-9808;4928;4928;-9856
1054300;4988;4988;-9976;5060
1054400;5060;-10120;5116;5116
1054500;-10232;5192;5192;-10384
1054600;5224;5224;-10448;5288
1054700;5288;-10576;5360;5360
1054800;-10720;5448;5448;-10896
1054900;5468;5468;-10936;5536
1055000;5536;-11072;5588;5588
1055100;-11176;5596;5596;-11192
1055200;5628;5628;-11256;5704
1055300;5704;-11408;5684;5684
1055400;-11368;5708;5708;-11416
1055500;5740;5740;-11480;5768
1055600;5768;-11536;5800;5800
1055700;-11600;5776;5776;-11552
1055800;5948;5948;-11896;5828
1055900;5828;-11656;5836;5836
1056000;-11672;5884;5884;-11768
1056100;6064;6064;-12128;5928
1056200;5928;-11856;5952;5952
1056300;-11904;5968;5968;-11936
1056400;6032;6032;-12064;6092
1056500;6092;-12184;6092;6092
1056600;-12184;6092;6092;-12184
1056700;6172;6172;-12344;6212
1056800;6212;-12424;6288;6288
1056900;-12576;6324;6324;-12648
1057000;6408;6408;-12816;6484
1057100;6484;-12968;6504;6504
1057200;-13008;6520;6520;-13040
1057300;6512;6512;-13024;6616
1057400;6616;-13232;6700;6700
1057500;-13400;6704;6704;-13408
1057600;6824;6824;-13648;6832
1057700;6832;-13664;6876;6876
1057800;-13752;6908;6908;-13816
1057900;6976;6976;-13952;6988
1058000;6988;-13976;7064;7064
1058100;-14128;7188;7188;-14376
1058200;7100;7100;-14200;7132
1058300;7132;-14264;7164;7164
1058400;-14328;7240;7240;-14480
1058500;7248;7248;-14496;7952
1058600;7952;-15904;7364;7364
1058700;-14728;7408;7408;-14816
1058800;7464;7464;-14928;7496
1058900;7496;-14992;7304;7304
1059000;-14608;7368;7368;-14736
1059100;7372;7372;-14744;7460
1059200;7460;-14920;7420;7420
1059300;-14840;7448;7448;-14896
1059400;7508;7508;-15016;7468
1059500;7468;-14936;7472;7472
1059600;-14944;7416;7416;-14832
1059700;7392;7392;-14784;7372
1059800;7372;-14744;7360;7360
1059900;-14720;7360;7360;-14720
1060000;7328;7328;-14656;7276
1060100;7276;-14552;7332;7332
1060200;-14664;7240;7240;-14480
1060300;7144;7144;-14288;7204
1060400;7204;-14408;7152;7152
1060500;-14304;7096;7096;-14192
1060600;7084;7084;-14168;7064
1060700;7064;-14128;7040;7040
1060800;-14080;7128;7128;-14256
1060900;6976;6976;-13952;6964
1061000;6964;-13928;6904;6904
1061100;-13808;6988;6988;-13976
1061200;6820;6820;-13640;6800
1061300;6800;-13600;6796;6796
1061400;-13592;6780;6780;-13560
1061500;6852;6852;-13704;6684
1061600;6684;-13368;6640;6640
1061700;-13280;6604;6604;-13208
1061800;6652;6652;-13304;6500
1061900;6500;-13000;6516;6516
1062000;-13032;6428;6428;-12856
1062100;6440;6440;-12880;6332
1062200;6332;-12664;6284;6284
1062300;-12568;6312;6312;-12624
1062400;6292;6292;-12584;6228
1062500;6228;-12456;6212;6212
1062600;-12424;6176;6176;-12352
1062700;6112;6112;-12224;6132
1062800;6132;-12264;6056;6056
1062900;-12112;6056;6056;-12112
1063000;6068;6068;-12136;5936
1063100;5936;-11872;5940;5940
1063200;-11880;5892;5892;-11784
1063300;5908;5908;-11816;5784
1063400;5784;-11568;5744;5744
1063500;-11488;5700;5700;-11400
1063600;5704;5704;-11408;5616
1063700;5616;-11232;5588;5588
1063800;-11176;5524;5524;-11048
1063900;5484;5484;-10968;5424
1064000;5424;-10848;5476;5476
1064100;-10952;5364;5364;-10728
1064200;5312;5312;-10624;5260
1064300;5260;-10520;5712;5712
1064400;-11424;5208;5208;-10416
1064500;5132;5132;-10264;5100
1064600;5100;-10200;5072;5072
1064700;-10144;5088;5088;-10176
1064800;4964;4964;-9928;4976
1064900;4976;-9952;4928;4928
1065000;-9856;4924;4924;-9848
1065100;4828;4828;-9656;4840
1065200;4840;-9680;4876;4876
1065300;-9752;4824;4824;-9648
1065400;4792;4792;-9584;4788
1065500;4788;-9576;4732;4732
1065600;-9464;4764;4764;-9528
1065700;4768;4768;-9536;4724
1065800;4724;-9448;4724;4724
1065900;-9448;4704;4704;-9408
1066000;4716;4716;-9432;4704
1066100;4704;-9408;4624;4624
1066200;-9248;4748;4748;-9496
1066300;4736;4736;-9472;4744
1066400;4744;-9488;5328;5328
1066500;-10656;4652;4652;-9304
1066600;4688;4688;-9376;4736
1066700;4736;-9472;4644;4644
1066800;-9288;4620;4620;-9240
1066900;4600;4600;-9200;4580
1067000;4580;-9160;4568;4568
1067100;-9136;4652;4652;-9304
1067200;4548;4548;-9096;4496
1067300;4496;-8992;4632;4632
1067400;-9264;4472;4472;-8944
1067500;4432;4432;-8864;5084
1067600;5084;-10168;4400;4400
1067700;-8800;4364;4364;-8728
1067800;4464;4464;-8928;4384
1067900;4384;-8768;4392;4392
1068000;-8784;4440;4440;-8880
1068100;4432;4432;-8864;4408
1068200;4408;-8816;4360;4360
1068300;-8720;4440;4440;-8880
1068400;4260;4260;-8520;4308
1068500;4308;-8616;4244;4244
1068600;-8488;4312;4312;-8624
1068700;4176;4176;-8352;4148
1068800;4148;-8296;4164;4164
1068900;-8328;4136;4136;-8272
1069000;4132;4132;-8264;4092
1069100;4092;-8184;4132;4132
1069200;-8264;4048;4048;-8096
1069300;4056;4056;-8112;4012
1069400;4012;-8024;3996;3996
1069500;-7992;3956;3956;-7912
1069600;3904;3904;-7808;3940
1069700;3940;-7880;3876;3876
1069800;-7752;3824;3824;-7648
1069900;3836;3836;-7672;3760
1070000;3760;-7520;3792;3792
1070100;-7584;3796;3796;-7592
1070200;3856;3856;-7712;3700
1070300;3700;-7400;3736;3736
1070400;-7472;3692;3692;-7384
1070500;3720;3720;-7440;3552
1070600;3552;-7104;3540;3540
1070700;-7080;3508;3508;-7016
1070800;3480;3480;-6960;3412
1070900;3412;-6824;3360;3360
1071000;-6720;3276;3276;-6552
1071100;3296;3296;-6592;3296
1071200;3296;-6592;3204;3204
1071300;-6408;3116;3116;-6232
1071400;3096;3096;-6192;3112
1071500;3112;-6224;3080;3080
1071600;-6160;3020;3020;-6040
1071700;2928;2928;-5856;2928
1071800;2928;-5856;2904;2904
1071900;-5808;2828;2828;-5656
1072000;2856;2856;-5712;2736
1072100;2736;-5472;2656;2656
1072200;-5312;16064;16064;-32128
1072300;17956;17956;29624;18552
1072400;18552;28432;18600;18600
1072500;28336;18612;18612;28312
1072600;18616;18616;28304;18568
1072700;18568;28400;18524;18524
1072800;28488;18468;18468;28600
1072900;18352;18352;28832;18352
1073000;18352;28832;18404;18404
1073100;28728;18288;18288;28960
1073200;18208;18208;29120;18204
1073300;18204;29128;18164;18164
1073400;29208;18072;18072;29392
1073500;18152;18152;29232;18024
1073600;18024;29488;17980;17980
1073700;29576;17968;17968;29600
1073800;17936;17936;29664;17896
1073900;17896;29744;17820;17820
1074000;29896;17792;17792;29952
1074100;17752;17752;30032;17668
1074200;17668;30200;17648;17648
1074300;30240;17616;17616;30304
1074400;17564;17564;30408;17520
1074500;17520;30496;17556;17556
1074600;30424;17516;17516;30504
1074700;16796;16796;31944;17380
1074800;17380;30776;17332;17332
1074900;30872;17348;17348;30840
1075000;17240;17240;31056;17328
1075100;17328;30880;17248;17248
1075200;31040;17248;17248;31040
1075300;16728;16728;32080;17084
1075400;17084;31368;17064;17064
1075500;31408;17048;17048;31440
1075600;17000;17000;31536;16948
1075700;16948;31640;16896;16896
1075800;31744;16884;16884;31768
1075900;16844;16844;31848;17184
1076000;17184;31168;16908;16908
1076100;31720;16916;16916;31704
1076200;16876;16876;31784;16944
1076300;16944;31648;16884;16884
1076400;31768;16948;16948;31640
1076500;16956;16956;31624;17004
1076600;17004;31528;16960;16960
1076700;31616;16984;16984;31568
1076800;17004;17004;31528;17016
1076900;17016;31504;17008;17008
1077000;31520;17108;17108;31320
1077100;16740;16740;32056;17196
1077200;17196;31144;17076;17076
1077300;31384;17068;17068;31400
1077400;17016;17016;31504;16984
1077500;16984;31568;16972;16972
1077600;31592;16876;16876;31784
1077700;16844;16844;31848;16720
1077800;16720;32096;16688;16688
1077900;32160;16652;16652;32232
1078000;16612;16612;32312;16484
1078100;16484;32568;16420;16420
1078200;32696;16396;16396;32744
1078300;16220;16220;-32440;16236
1078400;16236;-32472;16200;16200
1078500;-32400;16092;16092;-32184
1078600;16144;16144;-32288;16072
1078700;16072;-32144;16036;16036
1078800;-32072;16024;16024;-32048
1078900;15908;15908;-31816;15892
1079000;15892;-31784;15836;15836
1079100;-31672;15880;15880;-31760
1079200;15744;15744;-31488;15708
1079300;15708;-31416;15664;15664
1079400;-31328;15536;15536;-31072
1079500;15520;15520;-31040;15468
1079600;15468;-30936;15448;15448
1079700;-30896;15404;15404;-30808
1079800;15320;15320;-30640;15360
1079900;15360;-30720;15204;15204
1080000;-30408;15176;15176;-30352
1080100;15204;15204;-30408;15212
1080200;15212;-30424;15200;15200
1080300;-30400;15244;15244;-30488
1080400;15252;15252;-30504;15284
1080500;15284;-30568;15328;15328
1080600;-30656;15332;15332;-30664
1080700;15308;15308;-30616;15356
1080800;15356;-30712;15384;15384
1080900;-30768;15396;15396;-30792
1081000;15408;15408;-30816;15476
1081100;15476;-30952;15584;15584
1081200;-31168;15504;15504;-31008
1081300;15612;15612;-31224;15588
1081400;15588;-31176;15604;15604
1081500;-31208;15636;15636;-31272
1081600;15628;15628;-31256;15716
1081700;15716;-31432;15684;15684
1081800;-31368;15656;15656;-31312
1081900;15748;15748;-31496;15728
1082000;15728;-31456;15732;15732
1082100;-31464;15692;15692;-31384
1082200;15644;15644;-31288;15708
1082300;15708;-31416;15708;15708
1082400;-31416;15724;15724;-31448
1082500;15712;15712;-31424;15664
1082600;15664;-31328;15700;15700
1082700;-31400;15688;15688;-31376
1082800;15616;15616;-31232;15676
1082900;15676;-31352;15676;15676
1083000;-31352;15712;15712;-31424
1083100;15616;15616;-31232;15660
1083200;15660;-31320;15600;15600
1083300;-31200;15572;15572;-31144
1083400;15620;15620;-31240;15612
1083500;15612;-31224;15564;15564
1083600;-31128;15552;15552;-31104
1083700;15704;15704;-31408;15604
1083800;15604;-31208;15616;15616
1083900;-31232;15680;15680;-31360
1084000;15672;15672;-31344;15572
1084100;15572;-31144;15572;15572
1084200;-31144;15600;15600;-31200
1084300;15576;15576;-31152;15504
1084400;15504;-31008;15576;15576
1084500;-31152;15572;15572;-31144
1084600;15516;15516;-31032;15524
1084700;15524;-31048;15560;15560
1084800;-31120;15484;15484;-30968
1084900;15516;15516;-31032;15520
1085000;15520;-31040;15564;15564
1085100;-31128;15488;15488;-30976
1085200;15540;15540;-31080;15508
1085300;15508;-31016;15536;15536
1085400;-31072;15548;15548;-31096
1085500;-8236;-8236;16472;-5912
1085600;-5912;11824;-5856;-5856
1085700;11712;-5856;-5856;11712
1085800;-5848;-5848;11696;-5852
1085900;-5852;11704;-5808;-5808
1086000;11616;-5840;-5840;11680
1086100;-5824;-5824;11648;-5904
1086200;-5904;11808;-5756;-5756
1086300;11512;-5840;-5840;11680
1086400;-5800;-5800;11600;-5808
1086500;-5808;11616;-5828;-5828
1086600;11656;-5756;-5756;11512
1086700;-5708;-5708;11416;-5772
1086800;-5772;11544;-5800;-5800
1086900;11600;-5792;-5792;11584
1087000;-5732;-5732;11464;-5756
1087100;-5756;11512;-5724;-5724
1087200;11448;-5752;-5752;11504
1087300;-5776;-5776;11552;-5776
1087400;-5776;11552;-5748;-5748
1087500;11496;-5780;-5780;11560
1087600;-5776;-5776;11552;-6308
1087700;-6308;12616;-5768;-5768
1087800;11536;-5792;-5792;11584
1087900;-5780;-5780;11560;-5784
1088000;-5784;11568;-5780;-5780
1088100;11560;-5772;-5772;11544
1088200;-5804;-5804;11608;-5820
1088300;-5820;11640;-5924;-5924
1088400;11848;-5776;-5776;11552
1088500;-5848;-5848;11696;-5856
1088600;-5856;11712;-5836;-5836
1088700;11672;-5792;-5792;11584
1088800;-5852;-5852;11704;-5912
1088900;-5912;11824;-5844;-5844
1089000;11688;-5868;-5868;11736
1089100;-5916;-5916;11832;-5936
1089200;-5936;11872;-5976;-5976
1089300;11952;-5920;-5920;11840
1089400;-5988;-5988;11976;-6036
1089500;-6036;12072;-6032;-6032
1089600;12064;-6092;-6092;12184
1089700;-6128;-6128;12256;-6180
1089800;-6180;12360;-6216;-6216
1089900;12432;-6220;-6220;12440
1090000;-6328;-6328;12656;-6348
1090100;-6348;12696;-6404;-6404
1090200;12808;-6380;-6380;12760
1090300;-6428;-6428;12856;-6536
1090400;-6536;13072;-6568;-6568
1090500;13136;-6584;-6584;13168
1090600;-6576;-6576;13152;-6556
1090700;-6556;13112;-6596;-6596
1090800;13192;-6644;-6644;13288
1090900;-6676;-6676;13352;-6776
1091000;-6776;13552;-6716;-6716
1091100;13432;-6756;-6756;13512
1091200;-6820;-6820;13640;-6856
1091300;-6856;13712;-6836;-6836
1091400;13672;-6880;-6880;13760
1091500;-6892;-6892;13784;-6920
1091600;-6920;13840;-6972;-6972
1091700;13944;-6984;-6984;13968
1091800;-7076;-7076;14152;-6972
1091900;-6972;13944;-7040;-7040
1092000;14080;-7128;-7128;14256
1092100;-7112;-7112;14224;-7120
1092200;-7120;14240;-7196;-7196
1092300;14392;-7208;-7208;14416
1092400;-7316;-7316;14632;-7332
1092500;-7332;14664;-7412;-7412
1092600;14824;-7308;-7308;14616
1092700;-7352;-7352;14704;-7368
1092800;-7368;14736;-7312;-7312
1092900;14624;-7344;-7344;14688
1093000;-7376;-7376;14752;-7468
1093100;-7468;14936;-7388;-7388
1093200;14776;-7468;-7468;14936
1093300;-7540;-7540;15080;-7556
1093400;-7556;15112;-7628;-7628
1093500;15256;-7708;-7708;15416
1093600;-7720;-7720;15440;-7836
1093700;-7836;15672;-7928;-7928
1093800;15856;-7944;-7944;15888
1093900;-8040;-8040;16080;-8136
1094000;-8136;16272;-8172;-8172
1094100;16344;-8312;-8312;16624
1094200;-8424;-8424;16848;-8420
1094300;-8420;16840;-8540;-8540
1094400;17080;-8592;-8592;17184
1094500;-8660;-8660;17320;-8756
1094600;-8756;17512;-8828;-8828
1094700;17656;-8876;-8876;17752
1094800;-8940;-8940;17880;-8988
1094900;-8988;17976;-9020;-9020
1095000;18040;-9112;-9112;18224
1095100;-9140;-9140;18280;-9224
1095200;-9224;18448;-9276;-9276
1095300;18552;-9304;-9304;18608
1095400;-9276;-9276;18552;-9344
1095500;-9344;18688;-9244;-9244
1095600;18488;-9288;-9288;18576
1095700;-9300;-9300;18600;-9220
1095800;-9220;18440;-9240;-9240
1095900;18480;-9220;-9220;18440
1096000;-9116;-9116;18232;-9104
1096100;-9104;18208;-9108;-9108
1096200;18216;-9084;-9084;18168
1096300;-9004;-9004;18008;-9020
1096400;-9020;18040;-9060;-9060
1096500;18120;-9004;-9004;18008
1096600;-9040;-9040;18080;-9080
1096700;-9080;18160;-9108;-9108
1096800;18216;-9124;-9124;18248
1096900;-9140;-9140;18280;-9204
1097000;-9204;18408;-9268;-9268
1097100;18536;-9312;-9312;18624
1097200;-9460;-9460;18920;-9384
1097300;-9384;18768;-9428;-9428
1097400;18856;-9448;-9448;18896
1097500;-9440;-9440;18880;-9528
1097600;-9528;19056;-9588;-9588
1097700;19176;-9640;-9640;19280
1097800;-10184;-10184;20368;-9680
1097900;-9680;19360;-9768;-9768
1098000;19536;-9788;-9788;19576
1098100;-9732;-9732;19464;-9816
1098200;-9816;19632;-9836;-9836
1098300;19672;-9936;-9936;19872
1098400;-9884;-9884;19768;-9944
1098500;-9944;19888;-9960;-9960
1098600;19920;-9968;-9968;19936
1098700;-9968;-9968;19936;-10012
1098800;-10012;20024;-14860;-14860
1098900;29720;-13464;-13464;26928
1099000;-13688;-13688;27376;-13864
1099100;-13864;27728;-13944;-13944
1099200;27888;-14008;-14008;28016
1099300;-14044;-14044;28088;-14128
1099400;-14128;28256;-13972;-13972
1099500;27944;-14012;-14012;28024
1099600;-14004;-14004;28008;-14008
1099700;-14008;28016;-13936;-13936
1099800;27872;-14004;-14004;28008
1099900;-13872;-13872;27744;-13912
1100000;-13912;27824;-13912;-13912
1100100;27824;-13912;-13912;27824
1100200;-13876;-13876;27752;-13812
1100300;-13812;27624;-13764;-13764
1100400;27528;-13780;-13780;27560
1100500;-13792;-13792;27584;-13748
1100600;-13748;27496;-13792;-13792
1100700;27584;-13704;-13704;27408
1100800;-13684;-13684;27368;-13672
1100900;-13672;27344;-13628;-13628
1101000;27256;-13564;-13564;27128
1101100;-13576;-13576;27152;-13532
1101200;-13532;27064;-13504;-13504
1101300;27008;-13508;-13508;27016
1101400;-13420;-13420;26840;-13372
1101500;-13372;26744;-13412;-13412
1101600;26824;-13272;-13272;26544
1101700;-13228;-13228;26456;-13272
1101800;-13272;26544;-13212;-13212
1101900;26424;-13240;-13240;26480
1102000;-13028;-13028;26056;-13088
1102100;-13088;26176;-13072;-13072
1102200;26144;-13056;-13056;26112
1102300;-13004;-13004;26008;-12956
1102400;-12956;25912;-12932;-12932
1102500;25864;-12908;-12908;25816
1102600;-12884;-12884;25768;-12888
1102700;-12888;25776;-12900;-12900
1102800;25800;-12820;-12820;25640
1102900;-12772;-12772;25544;-12728
1103000;-12728;25456;-12676;-12676
1103100;25352;-12664;-12664;25328
1103200;-12612;-12612;25224;-12564
1103300;-12564;25128;-12464;-12464
1103400;24928;-12432;-12432;24864
1103500;-12416;-12416;24832;-12364
1103600;-12364;24728;-12400;-12400
1103700;24800;-12296;-12296;24592
1103800;-12304;-12304;24608;-12240
1103900;-12240;24480;-12140;-12140
1104000;24280;-12208;-12208;24416
1104100;-12112;-12112;24224;-12136
1104200;-12136;24272;-12104;-12104
1104300;24208;-12080;-12080;24160
1104400;-12036;-12036;24072;-12088
1104500;-12088;24176;-12072;-12072
1104600;24144;-12048;-12048;24096
1104700;-12004;-12004;24008;-12020
1104800;-12020;24040;-11996;-11996
1104900;23992;-11976;-11976;23952
1105000;-12024;-12024;24048;-12036
1105100;-12036;24072;-11960;-11960
1105200;23920;-11976;-11976;23952
1105300;-11996;-11996;23992;-12008
1105400;-12008;24016;-12008;-12008
1105500;24016;-12008;-12008;24016
1105600;-12004;-12004;24008;-11996
1105700;-11996;23992;-11980;-11980
1105800;23960;-12012;-12012;24024
1105900;-11976;-11976;23952;-11968
1106000;-11968;23936;-12020;-12020
1106100;24040;-12036;-12036;24072
1106200;-12028;-12028;24056;-12004
1106300;-12004;24008;-12024;-12024
1106400;24048;-12048;-12048;24096
1106500;-12092;-12092;24184;-12036
1106600;-12036;24072;-12016;-12016
1106700;24032;-12300;-12300;24600
1106800;-12024;-12024;24048;-12048
1106900;-12048;24096;-12044;-12044
1107000;24088;-11960;-11960;23920
1107100;-11936;-11936;23872;-12012
1107200;-12012;24024;-11952;-11952
1107300;23904;-12024;-12024;24048
1107400;-11980;-11980;23960;-11972
1107500;-11972;23944;-11984;-11984
1107600;23968;-12016;-12016;24032
1107700;-11948;-11948;23896;-11952
1107800;-11952;23904;-11996;-11996
1107900;23992;-11852;-11852;23704
1108000;-11884;-11884;23768;-11908
1108100;-11908;23816;-11812;-11812
1108200;23624;-11860;-11860;23720
1108300;-11936;-11936;23872;-11828
1108400;-11828;23656;-11828;-11828
1108500;23656;-11772;-11772;23544
1108600;-11760;-11760;23520;-11816
1108700;-11816;23632;-11756;-11756
1108800;23512;-11724;-11724;23448
1108900;-11780;-11780;23560;-11768
1109000;-11768;23536;-11676;-11676
1109100;23352;-11712;-11712;23424
1109200;-11684;-11684;23368;-11672
1109300;-11672;23344;-11600;-11600
1109400;23200;-11624;-11624;23248
1109500;-11596;-11596;23192;-12216
1109600;-12216;24432;-11500;-11500
1109700;23000;-11488;-11488;22976
1109800;-11428;-11428;22856;-11424
1109900;-11424;22848;-11388;-11388
1110000;22776;-11376;-11376;22752
1110100;-11356;-11356;22712;-11264
1110200;-11264;22528;-11284;-11284
1110300;22568;-11240;-11240;22480
1110400;-11176;-11176;22352;-11132
1110500;-11132;22264;-11160;-11160
1110600;22320;-11076;-11076;22152
1110700;-11084;-11084;22168;-10940
1110800;-10940;21880;-10948;-10948
1110900;21896;-10924;-10924;21848
1111000;-10932;-10932;21864;-10820
1111100;-10820;21640;-10788;-10788
1111200;21576;-10768;-10768;21536
1111300;-10736;-10736;21472;-11060
1111400;-11060;22120;-10632;-10632
1111500;21264;-10588;-10588;21176
1111600;-10548;-10548;21096;-10508
1111700;-10508;21016;-10504;-10504
1111800;21008;-10356;-10356;20712
1111900;-10300;-10300;20600;-10268
1112000;-10268;20536;-10296;-10296
1112100;20592;-10160;-10160;20320
1112200;-10136;-10136;20272;7716
1112300;7716;-15432;6796;6796
1112400;-13592;6340;6340;-12680
1112500;6060;6060;-12120;6024
1112600;6024;-12048;5928;5928
1112700;-11856;5912;5912;-11824
1112800;6016;6016;-12032;6068
1112900;6068;-12136;6012;6012
1113000;-12024;6164;6164;-12328
1113100;6112;6112;-12224;6200
1113200;6200;-12400;6248;6248
1113300;-12496;6304;6304;-12608
1113400;6472;6472;-12944;6364
1113500;6364;-12728;6472;6472
1113600;-12944;6572;6572;-13144
1113700;6608;6608;-13216;6644
1113800;6644;-13288;6672;6672
1113900;-13344;6760;6760;-13520
1114000;6784;6784;-13568;6896
1114100;6896;-13792;6988;6988
1114200;-13976;6980;6980;-13960
1114300;7020;7020;-14040;7032
1114400;7032;-14064;7160;7160
1114500;-14320;7196;7196;-14392
1114600;7128;7128;-14256;7320
1114700;7320;-14640;7356;7356
1114800;-14712;7512;7512;-15024
1114900;7512;7512;-15024;7616
1115000;7616;-15232;7588;7588
1115100;-15176;7688;7688;-15376
1115200;7728;7728;-15456;7808
1115300;7808;-15616;7956;7956
1115400;-15912;7988;7988;-15976
1115500;8112;8112;-16224;8104
1115600;8104;-16208;8224;8224
1115700;-16448;8296;8296;-16592
1115800;8236;8236;-16472;8444
1115900;8444;-16888;8452;8452
1116000;-16904;8508;8508;-17016
1116100;8580;8580;-17160;8628
1116200;8628;-17256;8744;8744
1116300;-17488;8812;8812;-17624
1116400;8752;8752;-17504;8812
1116500;8812;-17624;8908;8908
1116600;-17816;8848;8848;-17696
1116700;8828;8828;-17656;8832
1116800;8832;-17664;8916;8916
1116900;-17832;8868;8868;-17736
1117000;8864;8864;-17728;8868
1117100;8868;-17736;8848;8848
1117200;-17696;8856;8856;-17712
1117300;8916;8916;-17832;8900
1117400;8900;-17800;8876;8876
1117500;-17752;8880;8880;-17760
1117600;8652;8652;-17304;8948
1117700;8948;-17896;8900;8900
1117800;-17800;8932;8932;-17864
1117900;8856;8856;-17712;8828
1118000;8828;-17656;8768;8768
1118100;-17536;8860;8860;-17720
1118200;8868;8868;-17736;8996
1118300;8996;-17992;8872;8872
1118400;-17744;8876;8876;-17752
1118500;9020;9020;-18040;8844
1118600;8844;-17688;8904;8904
1118700;-17808;8880;8880;-17760
1118800;8896;8896;-17792;8912
1118900;8912;-17824;8876;8876
1119000;-17752;8868;8868;-17736
1119100;8880;8880;-17760;8876
1119200;8876;-17752;8916;8916
1119300;-17832;8892;8892;-17784
1119400;8828;8828;-17656;8916
1119500;8916;-17832;8968;8968
1119600;-17936;8992;8992;-17984
1119700;8932;8932;-17864;8968
1119800;8968;-17936;8980;8980
1119900;-17960;8924;8924;-17848
1120000;8964;8964;-17928;8864
1120100;8864;-17728;8948;8948
1120200;-17896;8968;8968;-17936
1120300;9012;9012;-18024;9068
1120400;9068;-18136;9052;9052
1120500;-18104;9068;9068;-18136
1120600;9028;9028;-18056;9108
1120700;9108;-18216;9152;9152
1120800;-18304;9176;9176;-18352
1120900;9284;9284;-18568;9364
1121000;9364;-18728;9400;9400
1121100;-18800;9380;9380;-18760
1121200;9484;9484;-18968;9584
1121300;9584;-19168;9680;9680
1121400;-19360;9716;9716;-19432
1121500;9728;9728;-19456;9748
1121600;9748;-19496;9748;9748
1121700;-19496;9852;9852;-19704
1121800;9832;9832;-19664;10000
1121900;10000;-20000;9988;9988
1122000;-19976;10056;10056;-20112
1122100;10008;10008;-20016;10044
1122200;10044;-20088;10160;10160
1122300;-20320;10212;10212;-20424
1122400;10156;10156;-20312;10288
1122500;10288;-20576;10280;10280
1122600;-20560;10364;10364;-20728
1122700;10336;10336;-20672;10452
1122800;10452;-20904;10516;10516
1122900;-21032;10536;10536;-21072
1123000;10560;10560;-21120;10656
1123100;10656;-21312;10660;10660
1123200;-21320;10696;10696;-21392
1123300;10732;10732;-21464;10764
1123400;10764;-21528;10944;10944
1123500;-21888;10900;10900;-21800
1123600;10876;10876;-21752;10992
1123700;10992;-21984;11060;11060
1123800;-22120;11028;11028;-22056
1123900;11084;11084;-22168;11688
1124000;11688;-23376;11236;11236
1124100;-22472;11192;11192;-22384
1124200;11288;11288;-22576;11348
1124300;11348;-22696;11392;11392
1124400;-22784;11456;11456;-22912
1124500;11440;11440;-22880;11576
1124600;11576;-23152;11560;11560
1124700;-23120;11692;11692;-23384
1124800;11828;11828;-23656;11788
1124900;11788;-23576;11816;11816
1125000;-23632;11784;11784;-23568
1125100;11956;11956;-23912;11896
1125200;11896;-23792;12008;12008
1125300;-24016;12020;12020;-24040
1125400;12528;12528;-25056;12172
1125500;12172;-24344;12260;12260
1125600;-24520;12292;12292;-24584
1125700;7436;7436;-14872;2848
1125800;2848;-5696;2908;2908
1125900;-5816;2932;2932;-5864
1126000;2956;2956;-5912;2920
1126100;2920;-5840;2892;2892
1126200;-5784;2964;2964;-5928
1126300;2904;2904;-5808;2916
1126400;2916;-5832;2948;2948
1126500;-5896;2948;2948;-5896
1126600;3040;3040;-6080;2936
1126700;2936;-5872;2964;2964
1126800;-5928;2940;2940;-5880
1126900;2928;2928;-5856;2904
1127000;2904;-5808;2960;2960
1127100;-5920;2948;2948;-5896
1127200;2972;2972;-5944;2988
1127300;2988;-5976;3144;3144
1127400;-6288;2936;2936;-5872
1127500;2908;2908;-5816;2840
1127600;2840;-5680;3500;3500
1127700;-7000;2836;2836;-5672
1127800;2812;2812;-5624;2808
1127900;2808;-5616;2756;2756
1128000;-5512;2820;2820;-5640
1128100;2740;2740;-5480;2724
1128200;2724;-5448;2676;2676
1128300;-5352;2656;2656;-5312
1128400;2648;2648;-5296;2728
1128500;2728;-5456;2596;2596
1128600;-5192;2620;2620;-5240
1128700;2592;2592;-5184;2568
1128800;2568;-5136;2560;2560
1128900;-5120;2688;2688;-5376
1129000;2564;2564;-5128;2544
1129100;2544;-5088;2648;2648
1129200;-5296;2656;2656;-5312
1129300;2788;2788;-5576;3060
1129400;3060;-6120;2788;2788
1129500;-5576;2832;2832;-5664
1129600;2900;2900;-5800;2904
1129700;2904;-5808;2928;2928
1129800;-5856;3004;3004;-6008
1129900;3036;3036;-6072;3064
1130000;3064;-6128;3128;3128
1130100;-6256;3328;3328;-6656
1130200;3204;3204;-6408;3260
1130300;3260;-6520;3252;3252
1130400;-6504;3272;3272;-6544
1130500;3284;3284;-6568;3212
1130600;3212;-6424;3256;3256
1130700;-6512;3288;3288;-6576
1130800;3292;3292;-6584;3260
1130900;3260;-6520;3272;3272
1131000;-6544;3268;3268;-6536
1131100;3300;3300;-6600;3300
1131200;3300;-6600;3348;3348
1131300;-6696;3344;3344;-6688
1131400;3416;3416;-6832;3412
1131500;3412;-6824;3480;3480
1131600;-6960;3516;3516;-7032
1131700;3572;3572;-7144;3708
1131800;3708;-7416;3648;3648
1131900;-7296;3700;3700;-7400
1132000;3800;3800;-7600;3940
1132100;3940;-7880;3860;3860
1132200;-7720;3824;3824;-7648
1132300;3944;3944;-7888;3992
1132400;3992;-7984;4024;4024
1132500;-8048;4068;4068;-8136
1132600;4076;4076;-8152;4160
1132700;4160;-8320;4152;4152
1132800;-8304;4212;4212;-8424
1132900;4280;4280;-8560;4328
1133000;4328;-8656;4288;4288
1133100;-8576;4320;4320;-8640
1133200;4392;4392;-8784;4296
1133300;4296;-8592;4412;4412
1133400;-8824;4448;4448;-8896
1133500;4584;4584;-9168;4484
1133600;4484;-8968;4524;4524
1133700;-9048;4632;4632;-9264
1133800;4724;4724;-9448;4672
1133900;4672;-9344;4644;4644
1134000;-9288;4680;4680;-9360
1134100;4700;4700;-9400;4784
1134200;4784;-9568;4956;4956
1134300;-9912;4912;4912;-9824
1134400;4972;4972;-9944;5056
1134500;5056;-10112;5060;5060
1134600;-10120;5120;5120;-10240
1134700;5184;5184;-10368;5232
1134800;5232;-10464;5260;5260
1134900;-10520;5356;5356;-10712
1135000;5572;5572;-11144;5492
1135100;5492;-10984;5524;5524
1135200;-11048;5620;5620;-11240
1135300;5612;5612;-11224;5668
1135400;5668;-11336;5676;5676
1135500;-11352;6200;6200;-12400
1135600;5732;5732;-11464;5744
1135700;5744;-11488;5908;5908
1135800;-11816;5812;5812;-11624
1135900;5880;5880;-11760;5936
1136000;5936;-11872;5844;5844
1136100;-11688;5836;5836;-11672
1136200;6012;6012;-12024;5900
1136300;5900;-11800;5960;5960
1136400;-11920;5956;5956;-11912
1136500;5972;5972;-11944;6000
1136600;6000;-12000;6000;6000
1136700;-12000;6104;6104;-12208
1136800;6152;6152;-12304;6196
1136900;6196;-12392;6444;6444
1137000;-12888;6304;6304;-12608
1137100;6336;6336;-12672;6484
1137200;6484;-12968;6444;6444
1137300;-12888;6512;6512;-13024
1137400;6556;6556;-13112;6560
1137500;6560;-13120;6648;6648
1137600;-13296;6688;6688;-13376
1137700;6740;6740;-13480;6784
1137800;6784;-13568;6832;6832
1137900;-13664;6908;6908;-13816
1138000;6908;6908;-13816;6932
1138100;6932;-13864;7012;7012
1138200;-14024;7080;7080;-14160
1138300;7168;7168;-14336;7116
1138400;7116;-14232;7148;7148
1138500;-14296;7200;7200;-14400
1138600;7224;7224;-14448;7288
1138700;7288;-14576;7356;7356
1138800;-14712;7328;7328;-14656
1138900;7360;7360;-14720;7480
1139000;7480;-14960;7452;7452
1139100;-14904;7312;7312;-14624
1139200;7328;7328;-14656;7372
1139300;7372;-14744;7428;7428
1139400;-14856;7420;7420;-14840
1139500;7464;7464;-14928;7492
1139600;7492;-14984;7472;7472
1139700;-14944;7480;7480;-14960
1139800;7536;7536;-15072;7416
1139900;7416;-14832;7432;7432
1140000;-14864;7432;7432;-14864
1140100;7420;7420;-14840;7312
1140200;7312;-14624;7328;7328
1140300;-14656;7228;7228;-14456
1140400;7232;7232;-14464;7332
1140500;7332;-14664;7100;7100
1140600;-14200;7124;7124;-14248
1140700;7108;7108;-14216;7112
1140800;7112;-14224;7068;7068
1140900;-14136;7000;7000;-14000
1141000;7004;7004;-14008;6960
1141100;6960;-13920;6980;6980
1141200;-13960;6900;6900;-13800
1141300;6920;6920;-13840;6844
1141400;6844;-13688;6828;6828
1141500;-13656;6796;6796;-13592
1141600;6748;6748;-13496;6676
1141700;6676;-13352;6660;6660
1141800;-13320;6608;6608;-13216
1141900;6588;6588;-13176;6548
1142000;6548;-13096;6536;6536
1142100;-13072;6520;6520;-13040
1142200;6444;6444;-12888;6396
1142300;6396;-12792;6416;6416
1142400;-12832;6436;6436;-12872
1142500;6288;6288;-12576;6260
1142600;6260;-12520;6248;6248
1142700;-12496;6156;6156;-12312
1142800;6176;6176;-12352;6092
1142900;6092;-12184;6088;6088
1143000;-12176;6012;6012;-12024
1143100;6028;6028;-12056;6028
1143200;6028;-12056;5984;5984
1143300;-11968;5944;5944;-11888
1143400;5888;5888;-11776;5852
1143500;5852;-11704;5764;5764
1143600;-11528;5748;5748;-11496
1143700;5700;5700;-11400;5692
1143800;5692;-11384;5668;5668
1143900;-11336;5608;5608;-11216
1144000;5588;5588;-11176;5520
1144100;5520;-11040;5420;5420
1144200;-10840;5468;5468;-10936
1144300;5332;5332;-10664;5292
1144400;5292;-10584;5252;5252
1144500;-10504;5224;5224;-10448
1144600;5152;5152;-10304;5172
1144700;5172;-10344;5144;5144
1144800;-10288;5060;5060;-10120
1144900;5012;5012;-10024;4976
1145000;4976;-9952;4976;4976
1145100;-9952;4860;4860;-9720
1145200;4868;4868;-9736;4832
1145300;4832;-9664;4784;4784
1145400;-9568;4808;4808;-9616
1145500;4864;4864;-9728;4736
1145600;4736;-9472;4792;4792
1145700;-9584;4716;4716;-9432
1145800;4768;4768;-9536;4760
1145900;4760;-9520;4732;4732
1146000;-9464;4748;4748;-9496
1146100;4740;4740;-9480;4676
1146200;4676;-9352;4720;4720
1146300;-9440;4752;4752;-9504
1146400;4736;4736;-9472;4652
1146500;4652;-9304;4720;4720
1146600;-9440;4668;4668;-9336
1146700;4768;4768;-9536;4620
1146800;4620;-9240;4608;4608
1146900;-9216;4736;4736;-9472
1147000;4568;4568;-9136;4588
1147100;4588;-9176;4592;4592
1147200;-9184;4564;4564;-9128
1147300;4532;4532;-9064;4520
1147400;4520;-9040;4476;4476
1147500;-8952;4464;4464;-8928
1147600;4412;4412;-8824;4428
1147700;4428;-8856;4944;4944
1147800;-9888;4388;4388;-8776
1147900;4400;4400;-8800;4440
1148000;4440;-8880;4364;4364
1148100;-8728;4372;4372;-8744
1148200;4392;4392;-8784;4380
1148300;4380;-8760;4352;4352
1148400;-8704;4336;4336;-8672
1148500;4360;4360;-8720;4264
1148600;4264;-8528;4324;4324
1148700;-8648;4288;4288;-8576
1148800;4220;4220;-8440;4216
1148900;4216;-8432;4192;4192
1149000;-8384;4244;4244;-8488
1149100;4104;4104;-8208;4120
1149200;4120;-8240;4116;4116
1149300;-8232;4028;4028;-8056
1149400;4044;4044;-8088;4044
1149500;4044;-8088;3996;3996
1149600;-7992;3996;3996;-7992
1149700;4008;4008;-8016;4024
1149800;4024;-8048;3896;3896
1149900;-7792;3884;3884;-7768
1150000;3852;3852;-7704;4012
1150100;4012;-8024;3856;3856
1150200;-7712;3816;3816;-7632
1150300;3792;3792;-7584;3768
1150400;3768;-7536;3732;3732
1150500;-7464;3720;3720;-7440
1150600;3640;3640;-7280;3628
1150700;3628;-7256;3660;3660
1150800;-7320;3516;3516;-7032
1150900;3500;3500;-7000;3476
1151000;3476;-6952;3260;3260
1151100;-6520;3388;3388;-6776
1151200;3312;3312;-6624;3276
1151300;3276;-6552;3196;3196
1151400;-6392;3216;3216;-6432
1151500;3116;3116;-6232;3096
1151600;3096;-6192;3072;3072
1151700;-6144;3016;3016;-6032
1151800;3008;3008;-6016;2924
1151900;2924;-5848;2884;2884
1152000;-5768;2888;2888;-5776
1152100;2764;2764;-5528;2824
1152200;2824;-5648;2764;2764
1152300;-5528;2684;2684;-5368
1152400;16176;16176;-32352;17888
1152500;17888;29760;18496;18496
1152600;28544;18604;18604;28328
1152700;18552;18552;28432;18608
1152800;18608;28320;18544;18544
1152900;28448;18488;18488;28560
1153000;18460;18460;28616;18396
1153100;18396;28744;18376;18376
1153200;28784;18352;18352;28832
1153300;18272;18272;28992;18212
1153400;18212;29112;18180;18180
1153500;29176;18184;18184;29168
1153600;18204;18204;29128;18076
1153700;18076;29384;18064;18064
1153800;29408;18024;18024;29488
1153900;17932;17932;29672;17924
1154000;17924;29688;17840;17840
1154100;29856;17868;17868;29800
1154200;17768;17768;30000;17656
1154300;17656;30224;17772;17772
1154400;29992;17652;17652;30232
1154500;17648;17648;30240;17584
1154600;17584;30368;17460;17460
1154700;30616;17448;17448;30640
1154800;17488;17488;30560;17416
1154900;17416;30704;17268;17268
1155000;31000;17444;17444;30648
1155100;17352;17352;30832;17332
1155200;17332;30872;17236;17236
1155300;31064;17304;17304;30928
1155400;17272;17272;30992;17216
1155500;17216;31104;17124;17124
1155600;31288;17064;17064;31408
1155700;16860;16860;31816;17044
1155800;17044;31448;16944;16944
1155900;31648;16876;16876;31784
1156000;16876;16876;31784;16880
1156100;16880;31776;16952;16952
1156200;31632;16892;16892;31752
1156300;16916;16916;31704;16944
1156400;16944;31648;16964;16964
1156500;31608;16920;16920;31696
1156600;16944;16944;31648;17020
1156700;17020;31496;16928;16928
1156800;31680;16984;16984;31568
1156900;16960;16960;31616;16980
1157000;16980;31576;17048;17048
1157100;31440;17040;17040;31456
1157200;17040;17040;31456;17068
1157300;17068;31400;17044;17044
1157400;31448;17088;17088;31360
1157500;17092;17092;31352;17016
1157600;17016;31504;17048;17048
1157700;31440;16940;16940;31656
1157800;16892;16892;31752;16884
1157900;16884;31768;16756;16756
1158000;32024;16668;16668;32200
1158100;16612;16612;32312;16528
1158200;16528;32480;16556;16556
1158300;32424;16452;16452;32632
1158400;16380;16380;-32760;16304
1158500;16304;-32608;16268;16268
1158600;-32536;16236;16236;-32472
1158700;16108;16108;-32216;16148
1158800;16148;-32296;16084;16084
1158900;-32168;16032;16032;-32064
1159000;16516;16516;32504;15888
1159100;15888;-31776;15924;15924
1159200;-31848;15772;15772;-31544
1159300;16180;16180;-32360;15716
1159400;15716;-31432;15700;15700
1159500;-31400;15612;15612;-31224
1159600;15600;15600;-31200;15532
1159700;15532;-31064;15468;15468
1159800;-30936;15320;15320;-30640
1159900;15480;15480;-30960;15436
1160000;15436;-30872;15340;15340
1160100;-30680;15240;15240;-30480
1160200;15168;15168;-30336;15180
1160300;15180;-30360;15224;15224
1160400;-30448;15204;15204;-30408
1160500;15288;15288;-30576;15260
1160600;15260;-30520;15280;15280
1160700;-30560;15276;15276;-30552
1160800;15328;15328;-30656;15320
1160900;15320;-30640;15336;15336
1161000;-30672;15344;15344;-30688
1161100;15384;15384;-30768;15476
1161200;15476;-30952;15484;15484
1161300;-30968;15532;15532;-31064
1161400;15568;15568;-31136;15560
1161500;15560;-31120;15568;15568
1161600;-31136;15672;15672;-31344
1161700;15580;15580;-31160;15624
1161800;15624;-31248;15656;15656
1161900;-31312;15732;15732;-31464
1162000;15692;15692;-31384;15692
1162100;15692;-31384;15928;15928
1162200;-31856;15736;15736;-31472
1162300;15728;15728;-31456;15656
1162400;15656;-31312;15684;15684
1162500;-31368;15672;15672;-31344
1162600;15648;15648;-31296;15628
1162700;15628;-31256;15648;15648
1162800;-31296;15716;15716;-31432
1162900;15620;15620;-31240;15656
1163000;15656;-31312;15648;15648
1163100;-31296;15776;15776;-31552
1163200;15644;15644;-31288;15672
1163300;15672;-31344;15608;15608
1163400;-31216;15620;15620;-31240
1163500;15584;15584;-31168;15584
1163600;15584;-31168;15636;15636
1163700;-31272;15648;15648;-31296
1163800;15580;15580;-31160;15596
1163900;15596;-31192;15612;15612
1164000;-31224;15592;15592;-31184
1164100;15580;15580;-31160;15596
1164200;15596;-31192;15616;15616
1164300;-31232;15584;15584;-31168
1164400;15600;15600;-31200;15576
1164500;15576;-31152;15672;15672
1164600;-31344;15532;15532;-31064
1164700;15536;15536;-31072;15624
1164800;15624;-31248;15572;15572
1164900;-31144;15540;15540;-31080
1165000;15516;15516;-31032;15584
1165100;15584;-31168;15500;15500
1165200;-31000;15516;15516;-31032
1165300;15596;15596;-31192;15540
1165400;15540;-31080;15508;15508
1165500;-31016;15456;15456;-30912
1165600;15484;15484;-30968;-8376
1165700;-8376;16752;-5956;-5956
1165800;11912;-5844;-5844;11688
1165900;-5832;-5832;11664;-5812
1166000;-5812;11624;-5808;-5808
1166100;11616;-5780;-5780;11560
1166200;-5816;-5816;11632;-5828
1166300;-5828;11656;-5840;-5840
1166400;11680;-5848;-5848;11696
1166500;-5784;-5784;11568;-5808
1166600;-5808;11616;-5792;-5792
1166700;11584;-5844;-5844;11688
1166800;-6024;-6024;12048;-5784
1166900;-5784;11568;-5792;-5792
1167000;11584;-5796;-5796;11592
1167100;-5748;-5748;11496;-5764
1167200;-5764;11528;-5768;-5768
1167300;11536;-5780;-5780;11560
1167400;-5772;-5772;11544;-5800
1167500;-5800;11600;-5760;-5760
1167600;11520;-5788;-5788;11576
1167700;-5768;-5768;11536;-5776
1167800;-5776;11552;-5816;-5816
1167900;11632;-5780;-5780;11560
1168000;-5780;-5780;11560;-5772
1168100;-5772;11544;-5832;-5832
1168200;11664;-5816;-5816;11632
1168300;-5788;-5788;11576;-5776
1168400;-5776;11552;-5820;-5820
1168500;11640;-5848;-5848;11696
1168600;-5868;-5868;11736;-5816
1168700;-5816;11632;-5776;-5776
1168800;11552;-5836;-5836;11672
1168900;-5828;-5828;11656;-5844
1169000;-5844;11688;-5988;-5988
1169100;11976;-5840;-5840;11680
1169200;-5912;-5912;11824;-5912
1169300;-5912;11824;-5936;-5936
1169400;11872;-5956;-5956;11912
1169500;-5884;-5884;11768;-5976
1169600;-5976;11952;-6056;-6056
1169700;12112;-6088;-6088;12176
1169800;-6072;-6072;12144;-6104
1169900;-6104;12208;-6172;-6172
1170000;12344;-6232;-6232;12464
1170100;-6308;-6308;12616;-6320
1170200;-6320;12640;-6348;-6348
1170300;12696;-6376;-6376;12752
1170400;-6424;-6424;12848;-6436
1170500;-6436;12872;-6528;-6528
1170600;13056;-6544;-6544;13088
1170700;-6600;-6600;13200;-6600
1170800;-6600;13200;-6588;-6588
1170900;13176;-6596;-6596;13192
1171000;-6624;-6624;13248;-6708
1171100;-6708;13416;-6748;-6748
1171200;13496;-6752;-6752;13504
1171300;-6824;-6824;13648;-6828
1171400;-6828;13656;-6876;-6876
1171500;13752;-6872;-6872;13744
1171600;-6860;-6860;13720;-6924
1171700;-6924;13848;-6952;-6952
1171800;13904;-7000;-7000;14000
1171900;-6968;-6968;13936;-6972
1172000;-6972;13944;-7012;-7012
1172100;14024;-7096;-7096;14192
1172200;-7100;-7100;14200;-7116
1172300;-7116;14232;-7212;-7212
1172400;14424;-7296;-7296;14592
1172500;-7212;-7212;14424;-7260
1172600;-7260;14520;-7352;-7352
1172700;14704;-7400;-7400;14800
1172800;-7436;-7436;14872;-7332
1172900;-7332;14664;-7288;-7288
1173000;14576;-7312;-7312;14624
1173100;-7396;-7396;14792;-7352
1173200;-7352;14704;-7432;-7432
1173300;14864;-7432;-7432;14864
1173400;-7536;-7536;15072;-7540
1173500;-7540;15080;-7592;-7592
1173600;15184;-7604;-7604;15208
1173700;-7652;-7652;15304;-7724
1173800;-7724;15448;-7836;-7836
1173900;15672;-7868;-7868;15736
1174000;-7952;-7952;15904;-8084
1174100;-8084;16168;-8128;-8128
1174200;16256;-8188;-8188;16376
1174300;-8828;-8828;17656;-8356
1174400;-8356;16712;-8484;-8484
1174500;16968;-8572;-8572;17144
1174600;-8588;-8588;17176;-8708
1174700;-8708;17416;-8768;-8768
1174800;17536;-8872;-8872;17744
1174900;-8924;-8924;17848;-8972
1175000;-8972;17944;-9064;-9064
1175100;18128;-9048;-9048;18096
1175200;-9108;-9108;18216;-9148
1175300;-9148;18296;-9176;-9176
1175400;18352;-9260;-9260;18520
1175500;-9276;-9276;18552;-9304
1175600;-9304;18608;-9352;-9352
1175700;18704;-9368;-9368;18736
1175800;-9284;-9284;18568;-9252
1175900;-9252;18504;-9220;-9220
1176000;18440;-9252;-9252;18504
1176100;-9244;-9244;18488;-9172
1176200;-9172;18344;-9136;-9136
1176300;18272;-9116;-9116;18232
1176400;-9060;-9060;18120;-9096
1176500;-9096;18192;-9048;-9048
1176600;18096;-9044;-9044;18088
1176700;-9076;-9076;18152;-9100
1176800;-9100;18200;-9072;-9072
1176900;18144;-9112;-9112;18224
1177000;-9116;-9116;18232;-9168
1177100;-9168;18336;-9164;-9164
1177200;18328;-9272;-9272;18544
1177300;-9284;-9284;18568;-9288
1177400;-9288;18576;-9380;-9380
1177500;18760;-9476;-9476;18952
1177600;-9480;-9480;18960;-9508
1177700;-9508;19016;-9556;-9556
1177800;19112;-9592;-9592;19184
1177900;-9600;-9600;19200;-9640
1178000;-9640;19280;-9688;-9688
1178100;19376;-9708;-9708;19416
1178200;-9772;-9772;19544;-9780
1178300;-9780;19560;-9864;-9864
1178400;19728;-9872;-9872;19744
1178500;-9868;-9868;19736;-9948
1178600;-9948;19896;-9932;-9932
1178700;19864;-9976;-9976;19952
1178800;-9984;-9984;19968;-10040
1178900;-10040;20080;-10380;-10380
1179000;20760;-14856;-14856;29712
1179100;-13436;-13436;26872;-13692
1179200;-13692;27384;-13804;-13804
1179300;27608;-13968;-13968;27936
1179400;-14020;-14020;28040;-13976
1179500;-13976;27952;-14028;-14028
1179600;28056;-14012;-14012;28024
1179700;-14028;-14028;28056;-13940
1179800;-13940;27880;-14000;-14000
1179900;28000;-13964;-13964;27928
1180000;-13972;-13972;27944;-13948
1180100;-13948;27896;-13888;-13888
1180200;27776;-13888;-13888;27776
1180300;-13812;-13812;27624;-13864
1180400;-13864;27728;-13824;-13824
1180500;27648;-13860;-13860;27720
1180600;-13756;-13756;27512;-13780
1180700;-13780;27560;-13780;-13780
1180800;27560;-13744;-13744;27488
1180900;-13712;-13712;27424;-13680
1181000;-13680;27360;-13652;-13652
1181100;27304;-13656;-13656;27312
1181200;-13696;-13696;27392;-13556
1181300;-13556;27112;-13572;-13572
1181400;27144;-13544;-13544;27088
1181500;-13512;-13512;27024;-13496
1181600;-13496;26992;-13364;-13364
1181700;26728;-13336;-13336;26672
1181800;-13332;-13332;26664;-13180
1181900;-13180;26360;-13200;-13200
1182000;26400;-13192;-13192;26384
1182100;-13172;-13172;26344;-13152
1182200;-13152;26304;-13140;-13140
1182300;26280;-13148;-13148;26296
1182400;-13144;-13144;26288;-13020
1182500;-13020;26040;-13024;-13024
1182600;26048;-12908;-12908;25816
1182700;-12916;-12916;25832;-12936
1182800;-12936;25872;-12856;-12856
1182900;25712;-12732;-12732;25464
1183000;-12800;-12800;25600;-12792
1183100;-12792;25584;-12740;-12740
1183200;25480;-12744;-12744;25488
1183300;-12620;-12620;25240;-12568
1183400;-12568;25136;-12576;-12576
1183500;25152;-12536;-12536;25072
1183600;-12448;-12448;24896;-12400
1183700;-12400;24800;-12332;-12332
1183800;24664;-12288;-12288;24576
1183900;-12308;-12308;24616;-12268
1184000;-12268;24536;-12260;-12260
1184100;24520;-12160;-12160;24320
1184200;-12200;-12200;24400;-12144
1184300;-12144;24288;-12148;-12148
1184400;24296;-12140;-12140;24280
1184500;-12120;-12120;24240;-12080
1184600;-12080;24160;-12140;-12140
1184700;24280;-12028;-12028;24056
1184800;-12044;-12044;24088;-12076
1184900;-12076;24152;-12088;-12088
1185000;24176;-12076;-12076;24152
1185100;-12060;-12060;24120;-12028
1185200;-12028;24056;-11964;-11964
1185300;23928;-12000;-12000;24000
1185400;-12028;-12028;24056;-12052
1185500;-12052;24104;-12044;-12044
1185600;24088;-12096;-12096;24192
1185700;-12008;-12008;24016;-12020
1185800;-12020;24040;-11980;-11980
1185900;23960;-12024;-12024;24048
1186000;-11992;-11992;23984;-11996
1186100;-11996;23992;-11988;-11988
1186200;23976;-12060;-12060;24120
1186300;-11960;-11960;23920;-12048
1186400;-12048;24096;-12072;-12072
1186500;24144;-12076;-12076;24152
1186600;-12008;-12008;24016;-12012
1186700;-12012;24024;-12036;-12036
1186800;24072;-12060;-12060;24120
1186900;-11980;-11980;23960;-12028
1187000;-12028;24056;-12056;-12056
1187100;24112;-11988;-11988;23976
1187200;-11996;-11996;23992;-11980
1187300;-11980;23960;-11996;-11996
1187400;23992;-12016;-12016;24032
1187500;-12012;-12012;24024;-11948
1187600;-11948;23896;-11948;-11948
1187700;23896;-11972;-11972;23944
1187800;-12000;-12000;24000;-11896
1187900;-11896;23792;-11916;-11916
1188000;23832;-11960;-11960;23920
1188100;-11952;-11952;23904;-11892
1188200;-11892;23784;-11908;-11908
1188300;23816;-11892;-11892;23784
1188400;-11824;-11824;23648;-11840
1188500;-11840;23680;-11860;-11860
1188600;23720;-11804;-11804;23608
1188700;-11792;-11792;23584;-11784
1188800;-11784;23568;-11776;-11776
1188900;23552;-12284;-12284;24568
1189000;-11676;-11676;23352;-11752
1189100;-11752;23504;-11664;-11664
1189200;23328;-11652;-11652;23304
1189300;-11660;-11660;23320;-11704
1189400;-11704;23408;-11636;-11636
1189500;23272;-11612;-11612;23224
1189600;-11660;-11660;23320;-11600
1189700;-11600;23200;-11548;-11548
1189800;23096;-11556;-11556;23112
1189900;-11528;-11528;23056;-11604
1190000;-11604;23208;-11436;-11436
1190100;22872;-11428;-11428;22856
1190200;-11388;-11388;22776;-11368
1190300;-11368;22736;-11332;-11332
1190400;22664;-11272;-11272;22544
1190500;-11192;-11192;22384;-11192
1190600;-11192;22384;-11168;-11168
1190700;22336;-11124;-11124;22248
1190800;-11020;-11020;22040;-11004
1190900;-11004;22008;-11384;-11384
1191000;22768;-10924;-10924;21848
1191100;-10900;-10900;21800;-10900
1191200;-10900;21800;-10796;-10796
1191300;21592;-10780;-10780;21560
1191400;-10820;-10820;21640;-10708
1191500;-10708;21416;-10700;-10700
1191600;21400;-10640;-10640;21280
1191700;-10572;-10572;21144;-10564
1191800;-10564;21128;-10496;-10496
1191900;20992;-10696;-10696;21392
1192000;-10368;-10368;20736;-10372
1192100;-10372;20744;-10344;-10344
1192200;20688;-10236;-10236;20472
1192300;-10156;-10156;20312;-10076
1192400;-10076;20152;7764;7764
1192500;-15528;6820;6820;-13640
1192600;6340;6340;-12680;6076
1192700;6076;-12152;5988;5988
1192800;-11976;6032;6032;-12064
1192900;6040;6040;-12080;6056
1193000;6056;-12112;6060;6060
1193100;-12120;6044;6044;-12088
1193200;6068;6068;-12136;6160
1193300;6160;-12320;6260;6260
1193400;-12520;6248;6248;-12496
1193500;6260;6260;-12520;6348
1193600;6348;-12696;6436;6436
1193700;-12872;6516;6516;-13032
1193800;6488;6488;-12976;6552
1193900;6552;-13104;5968;5968
1194000;-11936;6672;6672;-13344
1194100;6824;6824;-13648;6812
1194200;6812;-13624;6864;6864
1194300;-13728;6916;6916;-13832
1194400;7028;7028;-14056;7064
1194500;7064;-14128;7168;7168
1194600;-14336;7168;7168;-14336
1194700;7252;7252;-14504;7256
1194800;7256;-14512;7308;7308
1194900;-14616;7412;7412;-14824
1195000;7428;7428;-14856;7632
1195100;7632;-15264;7656;7656
1195200;-15312;7664;7664;-15328
1195300;7708;7708;-15416;7812
1195400;7812;-15624;7844;7844
1195500;-15688;7872;7872;-15744
1195600;8004;8004;-16008;8064
1195700;8064;-16128;8080;8080
1195800;-16160;8144;8144;-16288
1195900;8276;8276;-16552;8360
1196000;8360;-16720;8408;8408
1196100;-16816;8520;8520;-17040
1196200;8560;8560;-17120;8632
1196300;8632;-17264;8744;8744
1196400;-17488;8788;8788;-17576
1196500;8920;8920;-17840;8776
1196600;8776;-17552;8832;8832
1196700;-17664;8788;8788;-17576
1196800;8900;8900;-17800;8884
1196900;8884;-17768;8812;8812
1197000;-17624;8864;8864;-17728
1197100;8892;8892;-17784;8888
1197200;8888;-17776;8892;8892
1197300;-17784;8848;8848;-17696
1197400;8916;8916;-17832;8932
1197500;8932;-17864;8844;8844
1197600;-17688;8968;8968;-17936
1197700;8800;8800;-17600;9036
1197800;9036;-18072;8912;8912
1197900;-17824;8912;8912;-17824
1198000;8816;8816;-17632;9012
1198100;9012;-18024;8896;8896
1198200;-17792;8904;8904;-17808
1198300;8836;8836;-17672;8840
1198400;8840;-17680;8892;8892
1198500;-17784;8880;8880;-17760
1198600;8964;8964;-17928;8932
1198700;8932;-17864;8936;8936
1198800;-17872;8916;8916;-17832
1198900;8900;8900;-17800;8948
1199000;8948;-17896;8996;8996
1199100;-17992;8928;8928;-17856
1199200;8960;8960;-17920;8964
1199300;8964;-17928;8932;8932
1199400;-17864;8968;8968;-17936
1199500;9044;9044;-18088;8916
1199600;8916;-17832;8928;8928
1199700;-17856;8960;8960;-17920
1199800;8948;8948;-17896;9024
1199900;9024;-18048;8912;8912
1200000;-17824;9068;9068;-18136
1200100;8932;8932;-17864;8976
1200200;8976;-17952;8960;8960
1200300;-17920;9012;9012;-18024
1200400;9024;9024;-18048;9032
1200500;9032;-18064;9100;9100
1200600;-18200;9096;9096;-18192
1200700;9108;9108;-18216;9120
1200800;9120;-18240;9216;9216
1200900;-18432;9180;9180;-18360
1201000;9296;9296;-18592;9256
1201100;9256;-18512;9360;9360
1201200;-18720;9396;9396;-18792
1201300;9560;9560;-19120;9520
1201400;9520;-19040;9632;9632
1201500;-19264;9676;9676;-19352
1201600;9668;9668;-19336;9876
1201700;9876;-19752;9788;9788
1201800;-19576;9800;9800;-19600
1201900;9904;9904;-19808;9836
1202000;9836;-19672;9948;9948
1202100;-19896;9980;9980;-19960
1202200;9900;9900;-19800;10076
1202300;10076;-20152;10132;10132
1202400;-20264;10016;10016;-20032
1202500;10288;10288;-20576;10276
1202600;10276;-20552;10312;10312
1202700;-20624;10468;10468;-20936
1202800;10380;10380;-20760;10496
1202900;10496;-20992;10556;10556
1203000;-21112;10612;10612;-21224
1203100;10540;10540;-21080;10656
1203200;10656;-21312;10636;10636
1203300;-21272;10716;10716;-21432
1203400;10780;10780;-21560;10796
1203500;10796;-21592;10876;10876
1203600;-21752;10848;10848;-21696
1203700;10916;10916;-21832;10912
1203800;10912;-21824;11088;11088
1203900;-22176;11044;11044;-22088
1204000;11052;11052;-22104;11188
1204100;11188;-22376;11188;11188
1204200;-22376;11212;11212;-22424
1204300;11336;11336;-22672;11332
1204400;11332;-22664;11404;11404
1204500;-22808;11408;11408;-22816
1204600;11496;11496;-22992;11544
1204700;11544;-23088;11564;11564
1204800;-23128;11708;11708;-23416
1204900;11732;11732;-23464;11756
1205000;11756;-23512;11796;11796
1205100;-23592;11908;11908;-23816
1205200;11960;11960;-23920;11988
1205300;11988;-23976;12032;12032
1205400;-24064;12100;12100;-24200
1205500;12140;12140;-24280;12176
1205600;12176;-24352;12240;12240
1205700;-24480;11672;11672;-23344
1205800;12268;12268;-24536;7360
1205900;7360;-14720;3004;3004
1206000;-6008;2864;2864;-5728
1206100;2896;2896;-5792;2880
1206200;2880;-5760;2912;2912
1206300;-5824;2912;2912;-5824
1206400;2936;2936;-5872;2880
1206500;2880;-5760;2936;2936
1206600;-5872;3072;3072;-6144
1206700;2932;2932;-5864;2944
1206800;2944;-5888;2940;2940
1206900;-5880;2932;2932;-5864
1207000;2968;2968;-5936;2908
1207100;2908;-5816;2960;2960
1207200;-5920;2948;2948;-5896
1207300;2940;2940;-5880;2988
1207400;2988;-5976;2932;2932
1207500;-5864;2944;2944;-5888
1207600;2892;2892;-5784;2868
1207700;2868;-5736;2868;2868
1207800;-5736;2888;2888;-5776
1207900;2924;2924;-5848;2752
1208000;2752;-5504;2800;2800
1208100;-5600;2728;2728;-5456
1208200;2716;2716;-5432;2716
1208300;2716;-5432;2684;2684
1208400;-5368;2716;2716;-5432
1208500;2672;2672;-5344;2728
1208600;2728;-5456;2648;2648
1208700;-5296;2576;2576;-5152
1208800;2604;2604;-5208;2588
1208900;2588;-5176;2636;2636
1209000;-5272;2520;2520;-5040
1209100;2548;2548;-5096;3220
1209200;3220;-6440;2608;2608
1209300;-5216;2660;2660;-5320
1209400;2680;2680;-5360;2756
1209500;2756;-5512;2792;2792
1209600;-5584;2796;2796;-5592
1209700;2840;2840;-5680;2916
1209800;2916;-5832;2924;2924
1209900;-5848;2984;2984;-5968
1210000;2992;2992;-5984;3068
1210100;3068;-6136;3156;3156
1210200;-6312;3160;3160;-6320
1210300;3144;3144;-6288;3228
1210400;3228;-6456;3260;3260
1210500;-6520;3260;3260;-6520
1210600;3284;3284;-6568;3264
1210700;3264;-6528;3264;3264
1210800;-6528;3320;3320;-6640
1210900;3340;3340;-6680;3268
1211000;3268;-6536;3252;3252
1211100;-6504;3268;3268;-6536
1211200;3244;3244;-6488;3276
1211300;3276;-6552;3360;3360
1211400;-6720;3312;3312;-6624
1211500;3380;3380;-6760;3400
1211600;3400;-6800;3436;3436
1211700;-6872;3484;3484;-6968
1211800;3476;3476;-6952;3596
1211900;3596;-7192;3584;3584
1212000;-7168;3720;3720;-7440
1212100;3740;3740;-7480;3776
1212200;3776;-7552;3864;3864
1212300;-7728;3856;3856;-7712
1212400;3928;3928;-7856;3976
1212500;3976;-7952;3980;3980
1212600;-7960;4012;4012;-8024
1212700;4132;4132;-8264;4092
1212800;4092;-8184;4176;4176
1212900;-8352;4192;4192;-8384
1213000;4224;4224;-8448;4220
1213100;4220;-8440;4288;4288
1213200;-8576;4356;4356;-8712
1213300;4320;4320;-8640;4408
1213400;4408;-8816;4440;4440
1213500;-8880;4412;4412;-8824
1213600;4536;4536;-9072;4444
1213700;4444;-8888;4536;4536
1213800;-9072;4540;4540;-9080
1213900;4596;4596;-9192;4624
1214000;4624;-9248;4596;4596
1214100;-9192;4720;4720;-9440
1214200;4736;4736;-9472;4812
1214300;4812;-9624;4824;4824
1214400;-9648;4816;4816;-9632
1214500;4900;4900;-9800;4968
1214600;4968;-9936;5004;5004
1214700;-10008;5088;5088;-10176
1214800;5120;5120;-10240;5148
1214900;5148;-10296;5232;5232
1215000;-10464;5316;5316;-10632
1215100;5376;5376;-10752;5428
1215200;5428;-10856;5508;5508
1215300;-11016;5500;5500;-11000
1215400;5580;5580;-11160;5624
1215500;5624;-11248;5656;5656
1215600;-11312;5720;5720;-11440
1215700;5704;5704;-11408;5748
1215800;5748;-11496;5768;5768
1215900;-11536;5776;5776;-11552
1216000;5772;5772;-11544;5872
1216100;5872;-11744;5828;5828
1216200;-11656;5876;5876;-11752
1216300;5884;5884;-11768;5872
1216400;5872;-11744;5908;5908
1216500;-11816;5960;5960;-11920
1216600;6404;6404;-12808;5996
1216700;5996;-11992;6056;6056
1216800;-12112;6084;6084;-12168
1216900;6076;6076;-12152;6144
1217000;6144;-12288;6188;6188
1217100;-12376;6244;6244;-12488
1217200;6304;6304;-12608;6320
1217300;6320;-12640;6988;6988
1217400;-13976;6472;6472;-12944
1217500;6512;6512;-13024;6616
1217600;6616;-13232;6596;6596
1217700;-13192;6636;6636;-13272
1217800;6676;6676;-13352;6708
1217900;6708;-13416;6748;6748
1218000;-13496;6868;6868;-13736
1218100;6888;6888;-13776;6916
1218200;6916;-13832;6968;6968
1218300;-13936;7028;7028;-14056
1218400;7056;7056;-14112;7088
1218500;7088;-14176;7156;7156
1218600;-14312;7212;7212;-14424
1218700;7200;7200;-14400;7232
1218800;7232;-14464;7308;7308
1218900;-14616;7328;7328;-14656
1219000;7412;7412;-14824;7404
1219100;7404;-14808;7336;7336
1219200;-14672;7908;7908;-15816
1219300;7496;7496;-14992;7560
1219400;7560;-15120;7448;7448
1219500;-14896;7468;7468;-14936
1219600;7460;7460;-14920;7436
1219700;7436;-14872;7512;7512
1219800;-15024;7512;7512;-15024
1219900;7436;7436;-14872;7440
1220000;7440;-14880;7452;7452
1220100;-14904;7344;7344;-14688
1220200;7340;7340;-14680;7300
1220300;7300;-14600;7848;7848
1220400;-15696;7260;7260;-14520
1220500;7276;7276;-14552;7204
1220600;7204;-14408;7204;7204
1220700;-14408;7192;7192;-14384
1220800;7112;7112;-14224;7112
1220900;7112;-14224;7080;7080
1221000;-14160;7108;7108;-14216
1221100;7048;7048;-14096;7000
1221200;7000;-14000;6980;6980
1221300;-13960;6876;6876;-13752
1221400;6896;6896;-13792;6892
1221500;6892;-13784;6868;6868
1221600;-13736;6808;6808;-13616
1221700;6772;6772;-13544;6752
1221800;6752;-13504;6716;6716
1221900;-13432;6636;6636;-13272
1222000;6592;6592;-13184;6620
1222100;6620;-13240;6584;6584
1222200;-13168;6564;6564;-13128
1222300;6480;6480;-12960;6444
1222400;6444;-12888;6268;6268
1222500;-12536;6332;6332;-12664
1222600;6336;6336;-12672;6272
1222700;6272;-12544;6256;6256
1222800;-12512;6216;6216;-12432
1222900;6244;6244;-12488;6104
1223000;6104;-12208;6136;6136
1223100;-12272;6052;6052;-12104
1223200;6028;6028;-12056;6072
1223300;6072;-12144;6020;6020
1223400;-12040;5960;5960;-11920
1223500;5884;5884;-11768;5884
1223600;5884;-11768;5832;5832
1223700;-11664;5748;5748;-11496
1223800;5724;5724;-11448;5736
1223900;5736;-11472;5652;5652
1224000;-11304;5704;5704;-11408
1224100;5564;5564;-11128;5512
1224200;5512;-11024;5496;5496
1224300;-10992;5400;5400;-10800
1224400;5392;5392;-10784;5368
1224500;5368;-10736;5292;5292
1224600;-10584;5260;5260;-10520
1224700;5220;5220;-10440;5148
1224800;5148;-10296;5112;5112
1224900;-10224;5096;5096;-10192
1225000;5044;5044;-10088;5080
1225100;5080;-10160;4964;4964
1225200;-9928;4932;4932;-9864
1225300;4856;4856;-9712;4832
1225400;4832;-9664;4832;4832
1225500;-9664;4868;4868;-9736
1225600;4816;4816;-9632;4772
1225700;4772;-9544;4704;4704
1225800;-9408;4720;4720;-9440
1225900;4720;4720;-9440;4744
1226000;4744;-9488;4764;4764
1226100;-9528;4736;4736;-9472
1226200;4792;4792;-9584;4760
1226300;4760;-9520;4708;4708
1226400;-9416;4744;4744;-9488
1226500;4708;4708;-9416;4680
1226600;4680;-9360;4680;4680
1226700;-9360;4668;4668;-9336
1226800;4692;4692;-9384;4612
1226900;4612;-9224;4612;4612
1227000;-9224;4624;4624;-9248
1227100;4648;4648;-9296;4664
1227200;4664;-9328;4792;4792
1227300;-9584;4596;4596;-9192
1227400;4544;4544;-9088;4544
1227500;4544;-9088;4648;4648
1227600;-9296;4480;4480;-8960
1227700;4472;4472;-8944;4488
1227800;4488;-8976;4468;4468
1227900;-8936;4456;4456;-8912
1228000;4500;4500;-9000;4440
1228100;4440;-8880;4396;4396
1228200;-8792;4396;4396;-8792
1228300;4376;4376;-8752;4360
1228400;4360;-8720;4356;4356
1228500;-8712;4296;4296;-8592
1228600;4252;4252;-8504;4240
1228700;4240;-8480;4236;4236
1228800;-8472;4276;4276;-8552
1228900;4288;4288;-8576;4196
1229000;4196;-8392;4200;4200
1229100;-8400;4168;4168;-8336
1229200;4176;4176;-8352;4132
1229300;4132;-8264;4232;4232
1229400;-8464;4080;4080;-8160
1229500;4072;4072;-8144;4028
1229600;4028;-8056;4000;4000
1229700;-8000;4024;4024;-8048
1229800;4012;4012;-8024;4032
1229900;4032;-8064;3948;3948
1230000;-7896;3908;3908;-7816
1230100;3976;3976;-7952;3832
1230200;3832;-7664;3824;3824
1230300;-7648;3856;3856;-7712
1230400;3848;3848;-7696;3776
1230500;3776;-7552;3816;3816
1230600;-7632;3708;3708;-7416
1230700;3708;3708;-7416;3688
1230800;3688;-7376;3636;3636
1230900;-7272;3568;3568;-7136
1231000;3520;3520;-7040;3472
1231100;3472;-6944;3440;3440
1231200;-6880;3400;3400;-6800
1231300;3380;3380;-6760;3364
1231400;3364;-6728;3272;3272
1231500;-6544;3208;3208;-6416
1231600;3176;3176;-6352;3112
1231700;3112;-6224;3072;3072
1231800;-6144;3068;3068;-6136
1231900;3028;3028;-6056;3044
1232000;3044;-6088;2928;2928
1232100;-5856;2888;2888;-5776
1232200;2864;2864;-5728;2792
1232300;2792;-5584;2772;2772
1232400;-5544;2752;2752;-5504
1232500;16100;16100;-32200;17968
1232600;17968;29600;18592;18592
1232700;28352;18652;18652;28232
1232800;18804;18804;27928;18628
1232900;18628;28280;18652;18652
1233000;28232;17912;17912;29712
1233100;18496;18496;28544;18508
1233200;18508;28520;18428;18428
1233300;28680;18476;18476;28584
1233400;18324;18324;28888;18320
1233500;18320;28896;18176;18176
1233600;29184;18200;18200;29136
1233700;18148;18148;29240;18044
1233800;18044;29448;18072;18072
1233900;29392;18012;18012;29512
1234000;17948;17948;29640;17952
1234100;17952;29632;17908;17908
1234200;29720;17916;17916;29704
1234300;18392;18392;28752;17772
1234400;17772;29992;17720;17720
1234500;30096;17704;17704;30128
1234600;17720;17720;30096;17636
1234700;17636;30264;17628;17628
1234800;30280;17552;17552;30432
1234900;17544;17544;30448;17496
1235000;17496;30544;17488;17488
1235100;30560;17424;17424;30688
1235200;17320;17320;30896;17300
1235300;17300;30936;17280;17280
1235400;30976;17232;17232;31072
1235500;17268;17268;31000;17224
1235600;17224;31088;17116;17116
1235700;31304;17072;17072;31392
1235800;17028;17028;31480;16988
1235900;16988;31560;16988;16988
1236000;31560;17008;17008;31520
1236100;16884;16884;31768;16864
1236200;16864;31808;16892;16892
1236300;31752;16960;16960;31616
1236400;16912;16912;31712;16884
1236500;16884;31768;16924;16924
1236600;31688;16984;16984;31568
1236700;16924;16924;31688;16936
1236800;16936;31664;16972;16972
1236900;31592;16940;16940;31656
1237000;16976;16976;31584;16988
1237100;16988;31560;17008;17008
1237200;31520;16972;16972;31592
1237300;17124;17124;31288;17020
1237400;17020;31496;17048;17048
1237500;31440;17004;17004;31528
1237600;16988;16988;31560;17060
1237700;17060;31416;17020;17020
1237800;31496;17012;17012;31512
1237900;16904;16904;31728;16908
1238000;16908;31720;16804;16804
1238100;31928;16780;16780;31976
1238200;16640;16640;32256;16668
1238300;16668;32200;16588;16588
1238400;32360;16708;16708;32120
1238500;16452;16452;32632;16416
1238600;16416;32704;16292;16292
1238700;-32584;16228;16228;-32456
1238800;16184;16184;-32368;16196
1238900;16196;-32392;16060;16060
1239000;-32120;16012;16012;-32024
1239100;15972;15972;-31944;15900
1239200;15900;-31800;15916;15916
1239300;-31832;15880;15880;-31760
1239400;15832;15832;-31664;15872
1239500;15872;-31744;15724;15724
1239600;-31448;15696;15696;-31392
1239700;15712;15712;-31424;15512
1239800;15512;-31024;15588;15588
1239900;-31176;15480;15480;-30960
1240000;15460;15460;-30920;15416
1240100;15416;-30832;15324;15324
1240200;-30648;15316;15316;-30632
1240300;15192;15192;-30384;15264
1240400;15264;-30528;15124;15124
1240500;-30248;15164;15164;-30328
1240600;15228;15228;-30456;15236
1240700;15236;-30472;15316;15316
1240800;-30632;15344;15344;-30688
1240900;15372;15372;-30744;15328
1241000;15328;-30656;15364;15364
1241100;-30728;14988;14988;-29976
1241200;15404;15404;-30808;15432
1241300;15432;-30864;15432;15432
1241400;-30864;15532;15532;-31064
1241500;15572;15572;-31144;15556
1241600;15556;-31112;15588;15588
1241700;-31176;15608;15608;-31216
1241800;15632;15632;-31264;15892
1241900;15892;-31784;15684;15684
1242000;-31368;15616;15616;-31232
1242100;15676;15676;-31352;15680
1242200;15680;-31360;15660;15660
1242300;-31320;15648;15648;-31296
1242400;15692;15692;-31384;15716
1242500;15716;-31432;15608;15608
1242600;-31216;15708;15708;-31416
1242700;15684;15684;-31368;15616
1242800;15616;-31232;15704;15704
1242900;-31408;15676;15676;-31352
1243000;15644;15644;-31288;15684
1243100;15684;-31368;15696;15696
1243200;-31392;15728;15728;-31456
1243300;15612;15612;-31224;15604
1243400;15604;-31208;15600;15600
1243500;-31200;15672;15672;-31344
1243600;15560;15560;-31120;15660
1243700;15660;-31320;15640;15640
1243800;-31280;15640;15640;-31280
1243900;15580;15580;-31160;15632
1244000;15632;-31264;15648;15648
1244100;-31296;15564;15564;-31128
1244200;15592;15592;-31184;15608
1244300;15608;-31216;15584;15584
1244400;-31168;15916;15916;-31832
1244500;15584;15584;-31168;15580
1244600;15580;-31160;15628;15628
1244700;-31256;15592;15592;-31184
1244800;15592;15592;-31184;15584
1244900;15584;-31168;15600;15600
1245000;-31200;15552;15552;-31104
1245100;15568;15568;-31136;15484
1245200;15484;-30968;15500;15500
1245300;-31000;15516;15516;-31032
1245400;15544;15544;-31088;15520
1245500;15520;-31040;15524;15524
1245600;-31048;15548;15548;-31096
1245700;15492;15492;-30984;15588
1245800;15588;-31176;-8352;-8352
1245900;16704;-5992;-5992;11984
1246000;-5856;-5856;11712;-5860
1246100;-5860;11720;-5788;-5788
1246200;11576;-5804;-5804;11608
1246300;-5800;-5800;11600;-5808
1246400;-5808;11616;-5868;-5868
1246500;11736;-5764;-5764;11528
1246600;-5812;-5812;11624;-5828
1246700;-5828;11656;-5796;-5796
1246800;11592;-5832;-5832;11664
1246900;-5812;-5812;11624;-5740
1247000;-5740;11480;-5796;-5796
1247100;11592;-5812;-5812;11624
1247200;-5772;-5772;11544;-5808
1247300;-5808;11616;-5788;-5788
1247400;11576;-5752;-5752;11504
1247500;-5816;-5816;11632;-5832
1247600;-5832;11664;-5768;-5768
1247700;11536;-5772;-5772;11544
1247800;-5800;-5800;11600;-5728
1247900;-5728;11456;-5796;-5796
1248000;11592;-5776;-5776;11552
1248100;-5752;-5752;11504;-6196
1248200;-6196;12392;-5788;-5788
1248300;11576;-5644;-5644;11288
1248400;-5788;-5788;11576;-5796
1248500;-5796;11592;-5788;-5788
1248600;11576;-5772;-5772;11544
1248700;-5824;-5824;11648;-5844
1248800;-5844;11688;-5788;-5788
1248900;11576;-5820;-5820;11640
1249000;-5828;-5828;11656;-5832
1249100;-5832;11664;-5848;-5848
1249200;11696;-5896;-5896;11792
1249300;-5840;-5840;11680;-5908
1249400;-5908;11816;-5860;-5860
1249500;11720;-5896;-5896;11792
1249600;-5956;-5956;11912;-5976
1249700;-5976;11952;-6040;-6040
1249800;12080;-6348;-6348;12696
1249900;-6084;-6084;12168;-6120
1250000;-6120;12240;-6148;-6148
1250100;12296;-6160;-6160;12320
1250200;-6204;-6204;12408;-6296
1250300;-6296;12592;-6296;-6296
1250400;12592;-6336;-6336;12672
1250500;-6424;-6424;12848;-6396
1250600;-6396;12792;-6472;-6472
1250700;12944;-6480;-6480;12960
1250800;-6532;-6532;13064;-6584
1250900;-6584;13168;-6552;-6552
1251000;13104;-6608;-6608;13216
1251100;-6644;-6644;13288;-6656
1251200;-6656;13312;-6764;-6764
1251300;13528;-6724;-6724;13448
1251400;-6788;-6788;13576;-6820
1251500;-6820;13640;-6816;-6816
1251600;13632;-6828;-6828;13656
1251700;-6836;-6836;13672;-6892
1251800;-6892;13784;-6936;-6936
1251900;13872;-6952;-6952;13904
1252000;-6960;-6960;13920;-6924
1252100;-6924;13848;-6996;-6996
1252200;13992;-7092;-7092;14184
1252300;-7092;-7092;14184;-7100
1252400;-7100;14200;-7116;-7116
1252500;14232;-7176;-7176;14352
1252600;-7256;-7256;14512;-7240
1252700;-7240;14480;-7276;-7276
1252800;14552;-7316;-7316;14632
1252900;-7364;-7364;14728;-7324
1253000;-7324;14648;-7388;-7388
1253100;14776;-7304;-7304;14608
1253200;-7328;-7328;14656;-7372
1253300;-7372;14744;-7400;-7400
1253400;14800;-7424;-7424;14848
1253500;-7444;-7444;14888;-7516
1253600;-7516;15032;-7556;-7556
1253700;15112;-7604;-7604;15208
1253800;-7616;-7616;15232;-7688
1253900;-7688;15376;-7744;-7744
1254000;15488;-7848;-7848;15696
1254100;-7904;-7904;15808;-7952
1254200;-7952;15904;-8444;-8444
1254300;16888;-8084;-8084;16168
1254400;-8200;-8200;16400;-8336
1254500;-8336;16672;-8360;-8360
1254600;16720;-8500;-8500;17000
1254700;-8512;-8512;17024;-8628
1254800;-8628;17256;-8728;-8728
1254900;17456;-8784;-8784;17568
1255000;-8820;-8820;17640;-8864
1255100;-8864;17728;-9000;-9000
1255200;18000;-9056;-9056;18112
1255300;-9092;-9092;18184;-9192
1255400;-9192;18384;-9132;-9132
1255500;18264;-9216;-9216;18432
1255600;-9228;-9228;18456;-9280
1255700;-9280;18560;-9328;-9328
1255800;18656;-9312;-9312;18624
1255900;-9332;-9332;18664;-9316
1256000;-9316;18632;-9296;-9296
1256100;18592;-9312;-9312;18624
1256200;-9176;-9176;18352;-9156
1256300;-9156;18312;-9160;-9160
1256400;18320;-9124;-9124;18248
1256500;-9060;-9060;18120;-9064
1256600;-9064;18128;-9068;-9068
1256700;18136;-9064;-9064;18128
1256800;-9124;-9124;18248;-9048
1256900;-9048;18096;-9100;-9100
1257000;18200;-9104;-9104;18208
1257100;-9132;-9132;18264;-9192
1257200;-9192;18384;-9188;-9188
1257300;18376;-9204;-9204;18408
1257400;-9232;-9232;18464;-9284
1257500;-9284;18568;-9312;-9312
1257600;18624;-9352;-9352;18704
1257700;-9396;-9396;18792;-9460
1257800;-9460;18920;-9468;-9468
1257900;18936;-9548;-9548;19096
1258000;-9532;-9532;19064;-9612
1258100;-9612;19224;-9680;-9680
1258200;19360;-9744;-9744;19488
1258300;-9732;-9732;19464;-9744
1258400;-9744;19488;-9780;-9780
1258500;19560;-9864;-9864;19728
1258600;-9872;-9872;19744;-10264
1258700;-10264;20528;-9904;-9904
1258800;19808;-9936;-9936;19872
1258900;-10004;-10004;20008;-10056
1259000;-10056;20112;-9968;-9968
1259100;19936;-10024;-10024;20048
1259200;-14896;-14896;29792;-13376
1259300;-13376;26752;-13632;-13632
1259400;27264;-13880;-13880;27760
1259500;-13996;-13996;27992;-13972
1259600;-13972;27944;-14000;-14000
1259700;28000;-14056;-14056;28112
1259800;-14004;-14004;28008;-14016
1259900;-14016;28032;-14056;-14056
1260000;28112;-13940;-13940;27880
1260100;-14000;-14000;28000;-13948
1260200;-13948;27896;-13812;-13812
1260300;27624;-13896;-13896;27792
1260400;-13904;-13904;27808;-13864
1260500;-13864;27728;-13820;-13820
1260600;27640;-13796;-13796;27592
1260700;-13800;-13800;27600;-13756
1260800;-13756;27512;-13772;-13772
1260900;27544;-13740;-13740;27480
1261000;-13880;-13880;27760;-13692
1261100;-13692;27384;-13696;-13696
1261200;27392;-13616;-13616;27232
1261300;-13640;-13640;27280;-13620
1261400;-13620;27240;-13988;-13988
1261500;27976;-13576;-13576;27152
1261600;-13512;-13512;27024;-13860
1261700;-13860;27720;-13416;-13416
1261800;26832;-13392;-13392;26784
1261900;-13336;-13336;26672;-13284
1262000;-13284;26568;-13284;-13284
1262100;26568;-13268;-13268;26536
1262200;-13152;-13152;26304;-13148
1262300;-13148;26296;-13160;-13160
1262400;26320;-13044;-13044;26088
1262500;-13068;-13068;26136;-13056
1262600;-13056;26112;-12980;-12980
1262700;25960;-13008;-13008;26016
1262800;-12936;-12936;25872;-12788
1262900;-12788;25576;-12876;-12876
1263000;25752;-12860;-12860;25720
1263100;-12872;-12872;25744;-12788
1263200;-12788;25576;-12784;-12784
1263300;25568;-12736;-12736;25472
1263400;-12672;-12672;25344;-12604
1263500;-12604;25208;-12616;-12616
1263600;25232;-12612;-12612;25224
1263700;-12544;-12544;25088;-12472
1263800;-12472;24944;-12408;-12408
1263900;24816;-12348;-12348;24696
1264000;-12272;-12272;24544;-12252
1264100;-12252;24504;-12252;-12252
1264200;24504;-12244;-12244;24488
1264300;-12200;-12200;24400;-12128
1264400;-12128;24256;-12148;-12148
1264500;24296;-12168;-12168;24336
1264600;-12120;-12120;24240;-12060
1264700;-12060;24120;-12064;-12064
1264800;24128;-12088;-12088;24176
1264900;-12068;-12068;24136;-12036
1265000;-12036;24072;-12044;-12044
1265100;24088;-12008;-12008;24016
1265200;-11972;-11972;23944;-12040
1265300;-12040;24080;-12032;-12032
1265400;24064;-12020;-12020;24040
1265500;-12084;-12084;24168;-11980
1265600;-11980;23960;-12020;-12020
1265700;24040;-11996;-11996;23992
1265800;-12008;-12008;24016;-11952
1265900;-11952;23904;-12004;-12004
1266000;24008;-11976;-11976;23952
1266100;-12036;-12036;24072;-11956
1266200;-11956;23912;-12024;-12024
1266300;24048;-12056;-12056;24112
1266400;-12064;-12064;24128;-11984
1266500;-11984;23968;-11960;-11960
1266600;23920;-11992;-11992;23984
1266700;-12016;-12016;24032;-12048
1266800;-12048;24096;-12088;-12088
1266900;24176;-11984;-11984;23968
1267000;-11948;-11948;23896;-12024
1267100;-12024;24048;-12016;-12016
1267200;24032;-11992;-11992;23984
1267300;-11960;-11960;23920;-11896
1267400;-11896;23792;-11948;-11948
1267500;23896;-11932;-11932;23864
1267600;-11948;-11948;23896;-11916
1267700;-11916;23832;-11956;-11956
1267800;23912;-11952;-11952;23904
1267900;-11916;-11916;23832;-11984
1268000;-11984;23968;-11896;-11896
1268100;23792;-11868;-11868;23736
1268200;-11920;-11920;23840;-11960
1268300;-11960;23920;-11920;-11920
1268400;23840;-11836;-11836;23672
1268500;-11832;-11832;23664;-11872
1268600;-11872;23744;-11872;-11872
1268700;23744;-11860;-11860;23720
1268800;-11860;-11860;23720;-11748
1268900;-11748;23496;-11816;-11816
1269000;23632;-11828;-11828;23656
1269100;-11772;-11772;23544;-11792
1269200;-11792;23584;-11680;-11680
1269300;23360;-11664;-11664;23328
1269400;-11664;-11664;23328;-11712
1269500;-11712;23424;-11712;-11712
1269600;23424;-11636;-11636;23272
1269700;-11604;-11604;23208;-11588
1269800;-11588;23176;-11640;-11640
1269900;23280;-11608;-11608;23216
1270000;-11524;-11524;23048;-11504
1270100;-11504;23008;-11544;-11544
1270200;23088;-11448;-11448;22896
1270300;-11392;-11392;22784;-11420
1270400;-11420;22840;-11336;-11336
1270500;22672;-11320;-11320;22640
1270600;-11228;-11228;22456;-11236
1270700;-11236;22472;-11236;-11236
1270800;22472;-11184;-11184;22368
1270900;-11144;-11144;22288;-11084
1271000;-11084;22168;-11112;-11112
1271100;22224;-10940;-10940;21880
1271200;-10964;-10964;21928;-10876
1271300;-10876;21752;-10848;-10848
1271400;21696;-10828;-10828;21656
1271500;-10840;-10840;21680;-10752
1271600;-10752;21504;-10732;-10732
1271700;21464;-10668;-10668;21336
1271800;-10632;-10632;21264;-10568
1271900;-10568;21136;-11120;-11120
1272000;22240;-10444;-10444;20888
1272100;-10380;-10380;20760;-10584
1272200;-10584;21168;-10352;-10352
1272300;20704;-10292;-10292;20584
1272400;-10196;-10196;20392;-10184
1272500;-10184;20368;-10136;-10136
1272600;20272;7700;7700;-15400
1272700;6736;6736;-13472;6256
1272800;6256;-12512;6024;6024
1272900;-12048;5956;5956;-11912
1273000;5932;5932;-11864;5996
1273100;5996;-11992;6048;6048
1273200;-12096;6120;6120;-12240
1273300;6096;6096;-12192;6160
1273400;6160;-12320;6084;6084
1273500;-12168;6228;6228;-12456
1273600;6256;6256;-12512;6268
1273700;6268;-12536;6348;6348
1273800;-12696;6376;6376;-12752
1273900;6400;6400;-12800;6544
1274000;6544;-13088;6600;6600
1274100;-13200;6584;6584;-13168
1274200;6740;6740;-13480;6688
1274300;6688;-13376;6804;6804
1274400;-13608;6844;6844;-13688
1274500;6876;6876;-13752;6952
1274600;6952;-13904;7064;7064
1274700;-14128;7140;7140;-14280
1274800;7172;7172;-14344;7300
1274900;7300;-14600;7380;7380
1275000;-14760;7324;7324;-14648
1275100;7408;7408;-14816;7568
1275200;7568;-15136;7496;7496
1275300;-14992;7688;7688;-15376
1275400;7700;7700;-15400;7664
1275500;7664;-15328;7716;7716
1275600;-15432;7800;7800;-15600
1275700;7980;7980;-15960;7964
1275800;7964;-15928;8060;8060
1275900;-16120;8108;8108;-16216
1276000;8212;8212;-16424;8304
1276100;8304;-16608;8372;8372
1276200;-16744;8392;8392;-16784
1276300;8512;8512;-17024;8528
1276400;8528;-17056;8620;8620
1276500;-17240;8664;8664;-17328
1276600;8764;8764;-17528;8808
1276700;8808;-17616;8840;8840
1276800;-17680;8852;8852;-17704
1276900;8964;8964;-17928;8904
1277000;8904;-17808;8896;8896
1277100;-17792;8800;8800;-17600
1277200;8824;8824;-17648;8860
1277300;8860;-17720;8788;8788
1277400;-17576;8832;8832;-17664
1277500;8900;8900;-17800;8868
1277600;8868;-17736;8980;8980
1277700;-17960;8868;8868;-17736
1277800;8832;8832;-17664;8800
1277900;8800;-17600;8844;8844
1278000;-17688;8860;8860;-17720
1278100;8936;8936;-17872;8804
1278200;8804;-17608;8868;8868
1278300;-17736;8908;8908;-17816
1278400;8872;8872;-17744;8956
1278500;8956;-17912;9000;9000
1278600;-18000;8848;8848;-17696
1278700;8892;8892;-17784;8828
1278800;8828;-17656;8912;8912
1278900;-17824;8832;8832;-17664
1279000;8884;8884;-17768;8960
1279100;8960;-17920;8884;8884
1279200;-17768;8844;8844;-17688
1279300;8980;8980;-17960;8936
1279400;8936;-17872;8904;8904
1279500;-17808;8924;8924;-17848
1279600;8828;8828;-17656;8944
1279700;8944;-17888;8968;8968
1279800;-17936;8848;8848;-17696
1279900;8972;8972;-17944;8876
1280000;8876;-17752;8888;8888
1280100;-17776;8968;8968;-17936
1280200;8884;8884;-17768;8968
1280300;8968;-17936;8884;8884
1280400;-17768;8952;8952;-17904
1280500;8968;8968;-17936;8904
1280600;8904;-17808;8908;8908
1280700;-17816;8992;8992;-17984
1280800;9032;9032;-18064;9036
1280900;9036;-18072;9152;9152
1281000;-18304;9096;9096;-18192
1281100;9220;9220;-18440;9196
1281200;9196;-18392;9340;9340
1281300;-18680;9252;9252;-18504
1281400;9352;9352;-18704;9420
1281500;9420;-18840;9516;9516
1281600;-19032;9564;9564;-19128
1281700;9624;9624;-19248;10080
1281800;10080;-20160;9744;9744
1281900;-19488;9776;9776;-19552
1282000;9852;9852;-19704;9900
1282100;9900;-19800;9900;9900
1282200;-19800;9784;9784;-19568
1282300;10048;10048;-20096;9964
1282400;9964;-19928;10020;10020
1282500;-20040;10084;10084;-20168
1282600;10192;10192;-20384;10184
1282700;10184;-20368;10228;10228
1282800;-20456;10288;10288;-20576
1282900;10356;10356;-20712;10264
1283000;10264;-20528;10520;10520
1283100;-21040;10440;10440;-20880
1283200;10444;10444;-20888;10584
1283300;10584;-21168;10564;10564
1283400;-21128;10632;10632;-21264
1283500;10664;10664;-21328;10772
1283600;10772;-21544;10796;10796
1283700;-21592;10804;10804;-21608
1283800;11252;11252;-22504;10884
1283900;10884;-21768;11000;11000
1284000;-22000;10980;10980;-21960
1284100;10868;10868;-21736;10936
1284200;10936;-21872;11108;11108
1284300;-22216;11140;11140;-22280
1284400;11164;11164;-22328;11284
1284500;11284;-22568;11316;11316
1284600;-22632;11308;11308;-22616
1284700;11388;11388;-22776;11620
1284800;11620;-23240;11480;11480
1284900;-22960;11588;11588;-23176
1285000;11544;11544;-23088;11616
1285100;11616;-23232;11792;11792
1285200;-23584;11812;11812;-23624
1285300;11896;11896;-23792;11956
1285400;11956;-23912;11792;11792
1285500;-23584;11976;11976;-23952
1285600;12072;12072;-24144;12108
1285700;12108;-24216;12200;12200
1285800;-24400;12152;12152;-24304
1285900;12256;12256;-24512;12344
1286000;12344;-24688;7308;7308
1286100;-14616;2884;2884;-5768
1286200;2924;2924;-5848;3424
1286300;3424;-6848;2880;2880
1286400;-5760;2908;2908;-5816
1286500;2976;2976;-5952;2892
1286600;2892;-5784;2928;2928
1286700;-5856;2932;2932;-5864
1286800;2956;2956;-5912;2908
1286900;2908;-5816;2944;2944
1287000;-5888;2936;2936;-5872
1287100;2968;2968;-5936;2948
1287200;2948;-5896;2944;2944
1287300;-5888;2968;2968;-5936
1287400;3024;3024;-6048;2944
1287500;2944;-5888;2948;2948
1287600;-5896;3008;3008;-6016
1287700;2948;2948;-5896;2936
1287800;2936;-5872;2900;2900
1287900;-5800;2908;2908;-5816
1288000;2860;2860;-5720;2912
1288100;2912;-5824;2792;2792
1288200;-5584;2784;2784;-5568
1288300;2796;2796;-5592;2756
1288400;2756;-5512;2716;2716
1288500;-5432;2708;2708;-5416
1288600;2688;2688;-5376;2668
1288700;2668;-5336;2664;2664
1288800;-5328;2700;2700;-5400
1288900;2560;2560;-5120;2604
1289000;2604;-5208;2660;2660
1289100;-5320;2564;2564;-5128
1289200;2524;2524;-5048;2572
1289300;2572;-5144;2584;2584
1289400;-5168;2596;2596;-5192
1289500;2612;2612;-5224;2628
1289600;2628;-5256;2688;2688
1289700;-5376;2716;2716;-5432
1289800;2804;2804;-5608;2856
1289900;2856;-5712;2860;2860
1290000;-5720;2964;2964;-5928
1290100;2960;2960;-5920;2976
1290200;2976;-5952;3052;3052
1290300;-6104;3096;3096;-6192
1290400;3128;3128;-6256;3200
1290500;3200;-6400;3272;3272
1290600;-6544;3368;3368;-6736
1290700;3260;3260;-6520;3292
1290800;3292;-6584;3236;3236
1290900;-6472;3268;3268;-6536
1291000;3248;3248;-6496;3292
1291100;3292;-6584;3240;3240
1291200;-6480;3196;3196;-6392
1291300;3400;3400;-6800;3300
1291400;3300;-6600;3312;3312
1291500;-6624;3344;3344;-6688
1291600;3480;3480;-6960;3308
1291700;3308;-6616;3392;3392
1291800;-6784;3436;3436;-6872
1291900;3548;3548;-7096;3500
1292000;3500;-7000;3592;3592
1292100;-7184;3636;3636;-7272
1292200;3676;3676;-7352;4404
1292300;4404;-8808;3800;3800
1292400;-7600;3820;3820;-7640
1292500;3928;3928;-7856;4000
1292600;4000;-8000;3972;3972
1292700;-7944;4012;4012;-8024
1292800;4084;4084;-8168;4104
1292900;4104;-8208;4120;4120
1293000;-8240;4152;4152;-8304
1293100;4216;4216;-8432;4176
1293200;4176;-8352;4224;4224
1293300;-8448;4236;4236;-8472
1293400;4340;4340;-8680;4424
1293500;4424;-8848;4352;4352
1293600;-8704;4384;4384;-8768
1293700;4436;4436;-8872;4380
1293800;4380;-8760;4476;4476
1293900;-8952;4520;4520;-9040
1294000;4584;4584;-9168;4564
1294100;4564;-9128;4624;4624
1294200;-9248;4608;4608;-9216
1294300;4672;4672;-9344;4708
1294400;4708;-9416;4912;4912
1294500;-9824;4956;4956;-9912
1294600;4868;4868;-9736;4940
1294700;4940;-9880;4972;4972
1294800;-9944;5012;5012;-10024
1294900;5064;5064;-10128;5088
1295000;5088;-10176;5132;5132
1295100;-10264;5232;5232;-10464
1295200;5280;5280;-10560;5400
1295300;5400;-10800;5428;5428
1295400;-10856;5484;5484;-10968
1295500;5500;5500;-11000;5548
1295600;5548;-11096;5632;5632
1295700;-11264;5800;5800;-11600
1295800;5696;5696;-11392;5712
1295900;5712;-11424;5768;5768
1296000;-11536;5796;5796;-11592
1296100;5744;5744;-11488;5816
1296200;5816;-11632;5828;5828
1296300;-11656;5852;5852;-11704
1296400;5848;5848;-11696;5972
1296500;5972;-11944;5888;5888
1296600;-11776;5916;5916;-11832
1296700;5960;5960;-11920;6032
1296800;6032;-12064;6024;6024
1296900;-12048;6060;6060;-12120
1297000;6056;6056;-12112;6092
1297100;6092;-12184;6160;6160
1297200;-12320;6172;6172;-12344
1297300;6256;6256;-12512;6304
1297400;6304;-12608;6360;6360
1297500;-12720;6396;6396;-12792
1297600;6504;6504;-13008;6580
1297700;6580;-13160;6552;6552
1297800;-13104;6608;6608;-13216
1297900;6636;6636;-13272;6712
1298000;6712;-13424;6812;6812
1298100;-13624;6764;6764;-13528
1298200;6856;6856;-13712;6900
1298300;6900;-13800;6944;6944
1298400;-13888;7408;7408;-14816
1298500;7020;7020;-14040;7056
1298600;7056;-14112;7096;7096
1298700;-14192;7120;7120;-14240
1298800;7156;7156;-14312;7240
1298900;7240;-14480;7228;7228
1299000;-14456;7312;7312;-14624
1299100;7348;7348;-14696;7360
1299200;7360;-14720;7388;7388
1299300;-14776;7304;7304;-14608
1299400;7332;7332;-14664;7340
1299500;7340;-14680;7408;7408
1299600;-14816;7440;7440;-14880
1299700;7472;7472;-14944;7492
1299800;7492;-14984;7512;7512
1299900;-15024;7468;7468;-14936
1300000;7492;7492;-14984;7468
1300100;7468;-14936;7468;7468
1300200;-14936;7492;7492;-14984
1300300;7360;7360;-14720;7376
1300400;7376;-14752;7384;7384
1300500;-14768;7320;7320;-14640
1300600;7276;7276;-14552;7272
1300700;7272;-14544;7252;7252
1300800;-14504;7156;7156;-14312
1300900;7140;7140;-14280;7116
1301000;7116;-14232;7112;7112
1301100;-14224;7088;7088;-14176
1301200;7024;7024;-14048;7020
1301300;7020;-14040;7016;7016
1301400;-14032;6924;6924;-13848
1301500;6916;6916;-13832;6908
1301600;6908;-13816;6836;6836
1301700;-13672;6828;6828;-13656
1301800;6876;6876;-13752;6732
1301900;6732;-13464;6736;6736
1302000;-13472;6700;6700;-13400
1302100;6732;6732;-13464;6648
1302200;6648;-13296;6612;6612
1302300;-13224;6588;6588;-13176
1302400;6532;6532;-13064;6460
1302500;6460;-12920;6464;6464
1302600;-12928;6388;6388;-12776
1302700;6348;6348;-12696;6336
1302800;6336;-12672;6340;6340
1302900;-12680;6240;6240;-12480
1303000;6244;6244;-12488;6196
1303100;6196;-12392;6148;6148
1303200;-12296;6104;6104;-12208
1303300;6084;6084;-12168;5964
1303400;5964;-11928;6020;6020
1303500;-12040;5968;5968;-11936
1303600;5900;5900;-11800;5916
1303700;5916;-11832;5888;5888
1303800;-11776;5848;5848;-11696
1303900;5824;5824;-11648;5772
1304000;5772;-11544;5696;5696
1304100;-11392;5704;5704;-11408
1304200;5656;5656;-11312;5616
1304300;5616;-11232;5536;5536
1304400;-11072;5488;5488;-10976
1304500;5472;5472;-10944;5388
1304600;5388;-10776;5392;5392
1304700;-10784;5344;5344;-10688
1304800;5252;5252;-10504;5208
1304900;5208;-10416;5192;5192
1305000;-10384;5120;5120;-10240
1305100;5076;5076;-10152;4992
1305200;4992;-9984;4900;4900
1305300;-9800;4932;4932;-9864
1305400;4904;4904;-9808;4860
1305500;4860;-9720;4928;4928
1305600;-9856;4788;4788;-9576
1305700;4772;4772;-9544;4844
1305800;4844;-9688;4768;4768
1305900;-9536;4776;4776;-9552
1306000;4768;4768;-9536;4836
1306100;4836;-9672;4740;4740
1306200;-9480;4720;4720;-9440
1306300;4724;4724;-9448;4816
1306400;4816;-9632;4728;4728
1306500;-9456;4656;4656;-9312
1306600;4684;4684;-9368;4800
1306700;4800;-9600;4684;4684
1306800;-9368;4708;4708;-9416
1306900;4692;4692;-9384;4668
1307000;4668;-9336;4664;4664
1307100;-9328;4736;4736;-9472
1307200;4744;4744;-9488;4596
1307300;4596;-9192;4572;4572
1307400;-9144;4696;4696;-9392
1307500;4608;4608;-9216;4524
1307600;4524;-9048;4508;4508
1307700;-9016;4500;4500;-9000
1307800;4532;4532;-9064;4516
1307900;4516;-9032;4440;4440
1308000;-8880;4436;4436;-8872
1308100;4436;4436;-8872;4452
1308200;4452;-8904;4416;4416
1308300;-8832;4372;4372;-8744
1308400;4412;4412;-8824;4348
1308500;4348;-8696;4440;4440
1308600;-8880;4336;4336;-8672
1308700;4336;4336;-8672;4344
1308800;4344;-8688;4356;4356
1308900;-8712;4240;4240;-8480
1309000;4256;4256;-8512;4248
1309100;4248;-8496;4272;4272
1309200;-8544;4208;4208;-8416
1309300;4144;4144;-8288;4152
1309400;4152;-8304;4140;4140
1309500;-8280;4140;4140;-8280
1309600;4064;4064;-8128;4068
1309700;4068;-8136;4060;4060
1309800;-8120;4048;4048;-8096
1309900;4080;4080;-8160;3972
1310000;3972;-7944;3904;3904
1310100;-7808;3940;3940;-7880
1310200;3972;3972;-7944;3960
1310300;3960;-7920;3864;3864
1310400;-7728;3848;3848;-7696
1310500;3832;3832;-7664;3780
1310600;3780;-7560;3812;3812
1310700;-7624;3800;3800;-7600
1310800;3764;3764;-7528;3736
1310900;3736;-7472;3680;3680
1311000;-7360;3644;3644;-7288
1311100;3568;3568;-7136;3504
1311200;3504;-7008;3480;3480
1311300;-6960;3424;3424;-6848
1311400;3404;3404;-6808;3392
1311500;3392;-6784;3328;3328
1311600;-6656;3264;3264;-6528
1311700;3200;3200;-6400;3188
1311800;3188;-6376;3176;3176
1311900;-6352;3180;3180;-6360
1312000;3044;3044;-6088;3056
1312100;3056;-6112;2988;2988
1312200;-5976;2964;2964;-5928
1312300;2884;2884;-5768;2816
1312400;2816;-5632;2808;2808
1312500;-5616;2732;2732;-5464
1312600;2932;2932;-5864;16200
1312700;16200;-32400;17944;17944
1312800;29648;18556;18556;28424
1312900;18668;18668;28200;18820
1313000;18820;27896;18652;18652
1313100;28232;18620;18620;28296
1313200;18596;18596;28344;18536
1313300;18536;28464;18428;18428
1313400;28680;18456;18456;28624
1313500;18432;18432;28672;18408
1313600;18408;28720;18276;18276
1313700;28984;18236;18236;29064
1313800;18264;18264;29008;18132
1313900;18132;29272;18108;18108
1314000;29320;18104;18104;29328
1314100;18052;18052;29432;17944
1314200;17944;29648;17904;17904
1314300;29728;17896;17896;29744
1314400;17880;17880;29776;17804
1314500;17804;29928;17736;17736
1314600;30064;17780;17780;29976
1314700;17700;17700;30136;17624
1314800;17624;30288;17600;17600
1314900;30336;17568;17568;30400
1315000;17652;17652;30232;17504
1315100;17504;30528;17416;17416
1315200;30704;17400;17400;30736
1315300;17472;17472;30592;17376
1315400;17376;30784;17312;17312
1315500;30912;17384;17384;30768
1315600;17332;17332;30872;17204
1315700;17204;31128;17188;17188
1315800;31160;17096;17096;31344
1315900;17060;17060;31416;17012
1316000;17012;31512;16972;16972
1316100;31592;17000;17000;31536
1316200;16908;16908;31720;16984
1316300;16984;31568;16832;16832
1316400;31872;16836;16836;31864
1316500;16932;16932;31672;16880
1316600;16880;31776;16920;16920
1316700;31696;16884;16884;31768
1316800;16948;16948;31640;16972
1316900;16972;31592;16980;16980
1317000;31576;16948;16948;31640
1317100;17000;17000;31536;16984
1317200;16984;31568;16996;16996
1317300;31544;17012;17012;31512
1317400;17024;17024;31488;16736
1317500;16736;32064;17056;17056
1317600;31424;17048;17048;31440
1317700;17100;17100;31336;17020
1317800;17020;31496;17052;17052
1317900;31432;16980;16980;31576
1318000;16924;16924;31688;16948
1318100;16948;31640;16936;16936
1318200;31664;16744;16744;32048
1318300;16744;16744;32048;16740
1318400;16740;32056;16764;16764
1318500;32008;16608;16608;32320
1318600;16444;16444;32648;16472
1318700;16472;32592;16396;16396
1318800;32744;16308;16308;-32616
1318900;16312;16312;-32624;16244
1319000;16244;-32488;16172;16172
1319100;-32344;16152;16152;-32304
1319200;16040;16040;-32080;16008
1319300;16008;-32016;15916;15916
1319400;-31832;15916;15916;-31832
1319500;15820;15820;-31640;15780
1319600;15780;-31560;15676;15676
1319700;-31352;15732;15732;-31464
1319800;15672;15672;-31344;15672
1319900;15672;-31344;15704;15704
1320000;-31408;15500;15500;-31000
1320100;15500;15500;-31000;15472
1320200;15472;-30944;15376;15376
1320300;-30752;15360;15360;-30720
1320400;15316;15316;-30632;15348
1320500;15348;-30696;15144;15144
1320600;-30288;15252;15252;-30504
1320700;15220;15220;-30440;15256
1320800;15256;-30512;15160;15160
1320900;-30320;15248;15248;-30496
1321000;15276;15276;-30552;15280
1321100;15280;-30560;15244;15244
1321200;-30488;15336;15336;-30672
1321300;15384;15384;-30768;15412
1321400;15412;-30824;15452;15452
1321500;-30904;15440;15440;-30880
1321600;15576;15576;-31152;15524
1321700;15524;-31048;15532;15532
1321800;-31064;15520;15520;-31040
1321900;15636;15636;-31272;15640
1322000;15640;-31280;15620;15620
1322100;-31240;15676;15676;-31352
1322200;15636;15636;-31272;15828
1322300;15828;-31656;15704;15704
1322400;-31408;15688;15688;-31376
1322500;15696;15696;-31392;15744
1322600;15744;-31488;15648;15648
1322700;-31296;15724;15724;-31448
1322800;15692;15692;-31384;15708
1322900;15708;-31416;15692;15692
1323000;-31384;15664;15664;-31328
1323100;15888;15888;-31776;15648
1323200;15648;-31296;15676;15676
1323300;-31352;15672;15672;-31344
1323400;15580;15580;-31160;15748
1323500;15748;-31496;15668;15668
1323600;-31336;15644;15644;-31288
1323700;15656;15656;-31312;15652
1323800;15652;-31304;15624;15624
1323900;-31248;15620;15620;-31240
1324000;15648;15648;-31296;15576
1324100;15576;-31152;15476;15476
1324200;-30952;15696;15696;-31392
1324300;15600;15600;-31200;15600
1324400;15600;-31200;15616;15616
1324500;-31232;15552;15552;-31104
1324600;15616;15616;-31232;15584
1324700;15584;-31168;15580;15580
1324800;-31160;15584;15584;-31168
1324900;15604;15604;-31208;15628
1325000;15628;-31256;15536;15536
1325100;-31072;15528;15528;-31056
1325200;15532;15532;-31064;15576
1325300;15576;-31152;15588;15588
1325400;-31176;15536;15536;-31072
1325500;15552;15552;-31104;15588
1325600;15588;-31176;15568;15568
1325700;-31136;15496;15496;-30992
1325800;15544;15544;-31088;15516
1325900;15516;-31032;15460;15460
1326000;-30920;-8364;-8364;16728
1326100;-5924;-5924;11848;-5860
1326200;-5860;11720;-5828;-5828
1326300;11656;-6324;-6324;12648
1326400;-5780;-5780;11560;-5800
1326500;-5800;11600;-5804;-5804
1326600;11608;-5840;-5840;11680
1326700;-5776;-5776;11552;-5788
1326800;-5788;11576;-5780;-5780
1326900;11560;-5872;-5872;11744
1327000;-5740;-5740;11480;-5828
1327100;-5828;11656;-5784;-5784
1327200;11568;-5748;-5748;11496
1327300;-5760;-5760;11520;-5812
1327400;-5812;11624;-5796;-5796
1327500;11592;-5756;-5756;11512
1327600;-5768;-5768;11536;-5776
1327700;-5776;11552;-5772;-5772
1327800;11544;-5800;-5800;11600
1327900;-5740;-5740;11480;-5764
1328000;-5764;11528;-5748;-5748
1328100;11496;-5760;-5760;11520
1328200;-5800;-5800;11600;-5832
1328300;-5832;11664;-5836;-5836
1328400;11672;-5744;-5744;11488
1328500;-5796;-5796;11592;-5808
1328600;-5808;11616;-5784;-5784
1328700;11568;-5776;-5776;11552
1328800;-5812;-5812;11624;-5868
1328900;-5868;11736;-5848;-5848
1329000;11696;-5820;-5820;11640
1329100;-5820;-5820;11640;-5820
1329200;-5820;11640;-5864;-5864
1329300;11728;-5916;-5916;11832
1329400;-5848;-5848;11696;-5880
1329500;-5880;11760;-5892;-5892
1329600;11784;-5952;-5952;11904
1329700;-5900;-5900;11800;-5936
1329800;-5936;11872;-6016;-6016
1329900;12032;-6004;-6004;12008
1330000;-6048;-6048;12096;-6104
1330100;-6104;12208;-6200;-6200
1330200;12400;-6156;-6156;12312
1330300;-6220;-6220;12440;-6240
1330400;-6240;12480;-6292;-6292
1330500;12584;-6320;-6320;12640
1330600;-6336;-6336;12672;-6376
1330700;-6376;12752;-6464;-6464
1330800;12928;-6492;-6492;12984
1330900;-6732;-6732;13464;-6528
1331000;-6528;13056;-6584;-6584
1331100;13168;-6548;-6548;13096
1331200;-6600;-6600;13200;-6608
1331300;-6608;13216;-6632;-6632
1331400;13264;-6660;-6660;13320
1331500;-6716;-6716;13432;-6732
1331600;-6732;13464;-6780;-6780
1331700;13560;-6824;-6824;13648
1331800;-6928;-6928;13856;-6844
1331900;-6844;13688;-6868;-6868
1332000;13736;-6992;-6992;13984
1332100;-6940;-6940;13880;-6952
1332200;-6952;13904;-7032;-7032
1332300;14064;-6940;-6940;13880
1332400;-7060;-7060;14120;-7064
1332500;-7064;14128;-7196;-7196
1332600;14392;-7096;-7096;14192
1332700;-7192;-7192;14384;-7228
1332800;-7228;14456;-7260;-7260
1332900;14520;-7312;-7312;14624
1333000;-7408;-7408;14816;-7348
1333100;-7348;14696;-7344;-7344
1333200;14688;-7368;-7368;14736
1333300;-7340;-7340;14680;-7328
1333400;-7328;14656;-7344;-7344
1333500;14688;-7372;-7372;14744
1333600;-7392;-7392;14784;-7496
1333700;-7496;14992;-7524;-7524
1333800;15048;-7604;-7604;15208
1333900;-7612;-7612;15224;-7680
1334000;-7680;15360;-7708;-7708
1334100;15416;-7780;-7780;15560
1334200;-7796;-7796;15592;-7916
1334300;-7916;15832;-7980;-7980
1334400;15960;-8052;-8052;16104
1334500;-8164;-8164;16328;-8260
1334600;-8260;16520;-8272;-8272
1334700;16544;-8352;-8352;16704
1334800;-8476;-8476;16952;-8480
1334900;-8480;16960;-8592;-8592
1335000;17184;-8672;-8672;17344
1335100;-8740;-8740;17480;-8864
1335200;-8864;17728;-8876;-8876
1335300;17752;-8988;-8988;17976
1335400;-9076;-9076;18152;-9088
1335500;-9088;18176;-9168;-9168
1335600;18336;-9168;-9168;18336
1335700;-9288;-9288;18576;-9316
1335800;-9316;18632;-9344;-9344
1335900;18688;-9272;-9272;18544
1336000;-9312;-9312;18624;-9332
1336100;-9332;18664;-9300;-9300
1336200;18600;-9268;-9268;18536
1336300;-9368;-9368;18736;-9172
1336400;-9172;18344;-9188;-9188
1336500;18376;-9176;-9176;18352
1336600;-9148;-9148;18296;-9108
1336700;-9108;18216;-9064;-9064
1336800;18128;-9080;-9080;18160
1336900;-9096;-9096;18192;-9108
1337000;-9108;18216;-9036;-9036
1337100;18072;-9036;-9036;18072
1337200;-9112;-9112;18224;-9136
1337300;-9136;18272;-9116;-9116
1337400;18232;-9220;-9220;18440
1337500;-9180;-9180;18360;-9252
1337600;-9252;18504;-9304;-9304
1337700;18608;-9312;-9312;18624
1337800;-9332;-9332;18664;-9412
1337900;-9412;18824;-9444;-9444
1338000;18888;-9508;-9508;19016
1338100;-9556;-9556;19112;-9600
1338200;-9600;19200;-9484;-9484
1338300;18968;-9616;-9616;19232
1338400;-9672;-9672;19344;-9740
1338500;-9740;19480;-9784;-9784
1338600;19568;-9824;-9824;19648
1338700;-9868;-9868;19736;-9880
1338800;-9880;19760;-9856;-9856
1338900;19712;-9944;-9944;19888
1339000;-9960;-9960;19920;-9988
1339100;-9988;19976;-9996;-9996
1339200;19992;-10460;-10460;20920
1339300;-10008;-10008;20016;-14892
1339400;-14892;29784;-13460;-13460
1339500;26920;-13684;-13684;27368
1339600;-13732;-13732;27464;-13900
1339700;-13900;27800;-13976;-13976
1339800;27952;-14044;-14044;28088
1339900;-13996;-13996;27992;-14040
1340000;-14040;28080;-13964;-13964
1340100;27928;-13988;-13988;27976
1340200;-13992;-13992;27984;-14008
1340300;-14008;28016;-13904;-13904
1340400;27808;-13900;-13900;27800
1340500;-13960;-13960;27920;-13880
1340600;-13880;27760;-13836;-13836
1340700;27672;-13872;-13872;27744
1340800;-13876;-13876;27752;-13772
1340900;-13772;27544;-13828;-13828
1341000;27656;-13820;-13820;27640
1341100;-13744;-13744;27488;-13768
1341200;-13768;27536;-13740;-13740
1341300;27480;-13736;-13736;27472
1341400;-13632;-13632;27264;-13644
1341500;-13644;27288;-13628;-13628
1341600;27256;-13632;-13632;27264
1341700;-13540;-13540;27080;-13524
1341800;-13524;27048;-13492;-13492
1341900;26984;-13412;-13412;26824
1342000;-13416;-13416;26832;-13360
1342100;-13360;26720;-13288;-13288
1342200;26576;-13252;-13252;26504
1342300;-13268;-13268;26536;-13200
1342400;-13200;26400;-13148;-13148
1342500;26296;-13136;-13136;26272
1342600;-13092;-13092;26184;-13056
1342700;-13056;26112;-13012;-13012
1342800;26024;-12996;-12996;25992
1342900;-13000;-13000;26000;-13020
1343000;-13020;26040;-12916;-12916
1343100;25832;-12868;-12868;25736
1343200;-12904;-12904;25808;-12784
1343300;-12784;25568;-12784;-12784
1343400;25568;-12800;-12800;25600
1343500;-12692;-12692;25384;-12668
1343600;-12668;25336;-12656;-12656
1343700;25312;-12576;-12576;25152
1343800;-12564;-12564;25128;-12532
1343900;-12532;25064;-12504;-12504
1344000;25008;-12376;-12376;24752
1344100;-12388;-12388;24776;-12348
1344200;-12348;24696;-12272;-12272
1344300;24544;-12236;-12236;24472
1344400;-12232;-12232;24464;-12200
1344500;-12200;24400;-12132;-12132
1344600;24264;-12132;-12132;24264
1344700;-12140;-12140;24280;-12044
1344800;-12044;24088;-12068;-12068
1344900;24136;-12100;-12100;24200
1345000;-12036;-12036;24072;-12068
1345100;-12068;24136;-12064;-12064
1345200;24128;-12112;-12112;24224
1345300;-11996;-11996;23992;-12016
1345400;-12016;24032;-11976;-11976
1345500;23952;-12000;-12000;24000
1345600;-12040;-12040;24080;-11896
1345700;-11896;23792;-11980;-11980
1345800;23960;-12020;-12020;24040
1345900;-12116;-12116;24232;-12000
1346000;-12000;24000;-11960;-11960
1346100;23920;-11952;-11952;23904
1346200;-11976;-11976;23952;-11980
1346300;-11980;23960;-11888;-11888
1346400;23776;-11980;-11980;23960
1346500;-12016;-12016;24032;-12024
1346600;-12024;24048;-11968;-11968
1346700;23936;-12012;-12012;24024
1346800;-12044;-12044;24088;-12028
1346900;-12028;24056;-12020;-12020
1347000;24040;-12040;-12040;24080
1347100;-12076;-12076;24152;-11972
1347200;-11972;23944;-11980;-11980
1347300;23960;-12048;-12048;24096
1347400;-12032;-12032;24064;-12012
1347500;-12012;24024;-11992;-11992
1347600;23984;-11988;-11988;23976
1347700;-11964;-11964;23928;-12016
1347800;-12016;24032;-12004;-12004
1347900;24008;-11956;-11956;23912
1348000;-11960;-11960;23920;-11992
1348100;-11992;23984;-11952;-11952
1348200;23904;-11932;-11932;23864
1348300;-11984;-11984;23968;-11856
1348400;-11856;23712;-11912;-11912
1348500;23824;-11876;-11876;23752
1348600;-11872;-11872;23744;-11900
1348700;-11900;23800;-11884;-11884
1348800;23768;-11844;-11844;23688
1348900;-11816;-11816;23632;-11856
1349000;-11856;23712;-11796;-11796
1349100;23592;-11808;-11808;23616
1349200;-11816;-11816;23632;-11744
1349300;-11744;23488;-11784;-11784
1349400;23568;-11704;-11704;23408
1349500;-11724;-11724;23448;-11668
1349600;-11668;23336;-11676;-11676
1349700;23352;-11648;-11648;23296
1349800;-11588;-11588;23176;-11656
1349900;-11656;23312;-11640;-11640
1350000;23280;-11604;-11604;23208
1350100;-11536;-11536;23072;-11548
1350200;-11548;23096;-11576;-11576
1350300;23152;-11576;-11576;23152
1350400;-11424;-11424;22848;-11412
1350500;-11412;22824;-11388;-11388
1350600;22776;-11352;-11352;22704
1350700;-11300;-11300;22600;-11220
1350800;-11220;22440;-11240;-11240
1350900;22480;-11212;-11212;22424
1351000;-11128;-11128;22256;-11016
1351100;-11016;22032;-11072;-11072
1351200;22144;-11020;-11020;22040
1351300;-11000;-11000;22000;-10884
1351400;-10884;21768;-10872;-10872
1351500;21744;-10840;-10840;21680
1351600;-10828;-10828;21656;-10796
1351700;-10796;21592;-10716;-10716
1351800;21432;-10672;-10672;21344
1351900;-10740;-10740;21480;-10620
1352000;-10620;21240;-10616;-10616
1352100;21232;-10528;-10528;21056
1352200;-10524;-10524;21048;-10856
1352300;-10856;21712;-10392;-10392
1352400;20784;-10352;-10352;20704
1352500;-10280;-10280;20560;-10304
1352600;-10304;20608;-10164;-10164
1352700;20328;-10128;-10128;20256
1352800;7684;7684;-15368;6864
1352900;6864;-13728;6248;6248
1353000;-12496;6020;6020;-12040
1353100;5992;5992;-11984;6012
1353200;6012;-12024;5996;5996
1353300;-11992;6084;6084;-12168
1353400;5488;5488;-10976;6112
1353500;6112;-12224;6104;6104
1353600;-12208;6256;6256;-12512
1353700;6256;6256;-12512;6332
1353800;6332;-12664;6308;6308
1353900;-12616;6380;6380;-12760
1354000;6428;6428;-12856;5944
1354100;5944;-11888;6536;6536
1354200;-13072;6604;6604;-13208
1354300;6648;6648;-13296;6592
1354400;6592;-13184;6772;6772
1354500;-13544;6772;6772;-13544
1354600;6900;6900;-13800;6900
1354700;6900;-13800;6992;6992
1354800;-13984;7036;7036;-14072
1354900;7136;7136;-14272;7220
1355000;7220;-14440;7180;7180
1355100;-14360;7324;7324;-14648
1355200;7416;7416;-14832;7336
1355300;7336;-14672;7508;7508
1355400;-15016;7636;7636;-15272
1355500;7652;7652;-15304;7704
1355600;7704;-15408;7696;7696
1355700;-15392;7760;7760;-15520
1355800;7860;7860;-15720;7860
1355900;7860;-15720;7968;7968
1356000;-15936;8036;8036;-16072
1356100;8048;8048;-16096;8188
1356200;8188;-16376;8264;8264
1356300;-16528;8316;8316;-16632
1356400;8400;8400;-16800;8456
1356500;8456;-16912;8520;8520
1356600;-17040;8656;8656;-17312
1356700;8776;8776;-17552;8748
1356800;8748;-17496;8796;8796
1356900;-17592;8876;8876;-17752
1357000;8796;8796;-17592;8896
1357100;8896;-17792;8832;8832
1357200;-17664;8864;8864;-17728
1357300;8812;8812;-17624;8856
1357400;8856;-17712;8912;8912
1357500;-17824;8844;8844;-17688
1357600;8892;8892;-17784;8460
1357700;8460;-16920;8840;8840
1357800;-17680;8884;8884;-17768
1357900;8768;8768;-17536;8844
1358000;8844;-17688;8880;8880
1358100;-17760;8928;8928;-17856
1358200;8916;8916;-17832;8892
1358300;8892;-17784;8528;8528
1358400;-17056;8876;8876;-17752
1358500;8916;8916;-17832;8968
1358600;8968;-17936;8844;8844
1358700;-17688;8920;8920;-17840
1358800;8892;8892;-17784;8912
1358900;8912;-17824;8916;8916
1359000;-17832;8964;8964;-17928
1359100;8916;8916;-17832;8880
1359200;8880;-17760;8908;8908
1359300;-17816;8896;8896;-17792
1359400;8912;8912;-17824;8888
1359500;8888;-17776;8940;8940
1359600;-17880;8908;8908;-17816
1359700;8904;8904;-17808;8936
1359800;8936;-17872;8844;8844
1359900;-17688;8976;8976;-17952
1360000;8916;8916;-17832;8964
1360100;8964;-17928;8904;8904
1360200;-17808;8912;8912;-17824
1360300;8928;8928;-17856;8988
1360400;8988;-17976;9056;9056
1360500;-18112;8956;8956;-17912
1360600;8952;8952;-17904;8936
1360700;8936;-17872;9020;9020
1360800;-18040;9020;9020;-18040
1360900;9344;9344;-18688;9092
1361000;9092;-18184;9020;9020
1361100;-18040;9156;9156;-18312
1361200;9144;9144;-18288;9188
1361300;9188;-18376;9208;9208
1361400;-18416;9212;9212;-18424
1361500;9332;9332;-18664;9428
1361600;9428;-18856;9524;9524
1361700;-19048;9464;9464;-18928
1361800;9580;9580;-19160;9712
1361900;9712;-19424;9740;9740
1362000;-19480;9740;9740;-19480
1362100;9820;9820;-19640;9816
1362200;9816;-19632;9932;9932
1362300;-19864;9996;9996;-19992
1362400;9968;9968;-19936;10048
1362500;10048;-20096;10656;10656
1362600;-21312;10104;10104;-20208
1362700;10080;10080;-20160;10204
1362800;10204;-20408;10156;10156
1362900;-20312;10304;10304;-20608
1363000;10348;10348;-20696;10324
1363100;10324;-20648;10364;10364
1363200;-20728;10464;10464;-20928
1363300;10532;10532;-21064;10644
1363400;10644;-21288;10572;10572
1363500;-21144;10644;10644;-21288
1363600;10708;10708;-21416;10756
1363700;10756;-21512;10828;10828
1363800;-21656;10780;10780;-21560
1363900;10864;10864;-21728;10876
1364000;10876;-21752;10940;10940
1364100;-21880;11004;11004;-22008
1364200;10988;10988;-21976;11060
1364300;11060;-22120;11088;11088
1364400;-22176;11220;11220;-22440
1364500;11224;11224;-22448;11216
1364600;11216;-22432;11328;11328
1364700;-22656;11396;11396;-22792
1364800;11376;11376;-22752;11004
1364900;11004;-22008;11492;11492
1365000;-22984;11536;11536;-23072
1365100;11612;11612;-23224;11684
1365200;11684;-23368;11688;11688
1365300;-23376;11808;11808;-23616
1365400;11816;11816;-23632;11896
1365500;11896;-23792;11948;11948
1365600;-23896;12020;12020;-24040
1365700;12000;12000;-24000;12216
1365800;12216;-24432;12164;12164
1365900;-24328;12184;12184;-24368
1366000;12288;12288;-24576;12360
1366100;12360;-24720;12244;12244
1366200;-24488;7364;7364;-14728
1366300;2900;2900;-5800;2900
1366400;2900;-5800;2880;2880
1366500;-5760;2920;2920;-5840
1366600;2880;2880;-5760;2920
1366700;2920;-5840;2932;2932
1366800;-5864;3000;3000;-6000
1366900;3312;3312;-6624;2948
1367000;2948;-5896;2912;2912
1367100;-5824;2936;2936;-5872
1367200;2964;2964;-5928;2972
1367300;2972;-5944;3028;3028
1367400;-6056;2908;2908;-5816
1367500;2968;2968;-5936;2964
1367600;2964;-5928;3004;3004
1367700;-6008;3592;3592;-7184
1367800;2916;2916;-5832;2940
1367900;2940;-5880;2948;2948
1368000;-5896;2932;2932;-5864
1368100;2888;2888;-5776;2832
1368200;2832;-5664;2856;2856
1368300;-5712;2820;2820;-5640
1368400;2836;2836;-5672;2712
1368500;2712;-5424;2748;2748
1368600;-5496;2684;2684;-5368
1368700;2716;2716;-5432;2672
1368800;2672;-5344;2556;2556
1368900;-5112;2660;2660;-5320
1369000;2648;2648;-5296;2692
1369100;2692;-5384;2580;2580
1369200;-5160;2580;2580;-5160
1369300;2544;2544;-5088;2624
1369400;2624;-5248;2564;2564
1369500;-5128;2576;2576;-5152
1369600;2632;2632;-5264;2680
1369700;2680;-5360;2696;2696
1369800;-5392;2724;2724;-5448
1369900;2764;2764;-5528;2852
1370000;2852;-5704;2824;2824
1370100;-5648;2920;2920;-5840
1370200;2932;2932;-5864;2984
1370300;2984;-5968;2984;2984
1370400;-5968;3076;3076;-6152
1370500;3088;3088;-6176;3356
1370600;3356;-6712;3148;3148
1370700;-6296;3264;3264;-6528
1370800;3324;3324;-6648;3300
1370900;3300;-6600;3332;3332
1371000;-6664;3312;3312;-6624
1371100;3256;3256;-6512;3212
1371200;3212;-6424;3228;3228
1371300;-6456;3300;3300;-6600
1371400;3304;3304;-6608;3228
1371500;3228;-6456;3288;3288
1371600;-6576;3284;3284;-6568
1371700;3284;3284;-6568;3400
1371800;3400;-6800;3384;3384
1371900;-6768;3396;3396;-6792
1372000;3464;3464;-6928;3468
1372100;3468;-6936;3560;3560
1372200;-7120;3572;3572;-7144
1372300;3632;3632;-7264;3636
1372400;3636;-7272;3680;3680
1372500;-7360;3800;3800;-7600
1372600;3856;3856;-7712;4536
1372700;4536;-9072;3948;3948
1372800;-7896;3984;3984;-7968
1372900;4024;4024;-8048;4064
1373000;4064;-8128;4132;4132
1373100;-8264;4124;4124;-8248
1373200;4172;4172;-8344;4228
1373300;4228;-8456;4216;4216
1373400;-8432;4268;4268;-8536
1373500;4268;4268;-8536;4300
1373600;4300;-8600;4388;4388
1373700;-8776;4392;4392;-8784
1373800;4432;4432;-8864;4456
1373900;4456;-8912;4484;4484
1374000;-8968;4500;4500;-9000
1374100;4472;4472;-8944;4676
1374200;4676;-9352;4540;4540
1374300;-9080;4624;4624;-9248
1374400;4696;4696;-9392;4716
1374500;4716;-9432;4732;4732
1374600;-9464;4888;4888;-9776
1374700;4820;4820;-9640;4908
1374800;4908;-9816;4980;4980
1374900;-9960;5056;5056;-10112
1375000;5080;5080;-10160;5140
1375100;5140;-10280;5140;5140
1375200;-10280;5304;5304;-10608
1375300;5236;5236;-10472;5292
1375400;5292;-10584;5388;5388
1375500;-10776;5432;5432;-10864
1375600;5452;5452;-10904;5560
1375700;5560;-11120;5592;5592
1375800;-11184;5636;5636;-11272
1375900;5672;5672;-11344;5692
1376000;5692;-11384;5708;5708
1376100;-11416;5768;5768;-11536
1376200;5764;5764;-11528;5832
1376300;5832;-11664;5816;5816
1376400;-11632;5832;5832;-11664
1376500;5860;5860;-11720;5820
1376600;5820;-11640;5888;5888
1376700;-11776;5916;5916;-11832
1376800;5936;5936;-11872;5924
1376900;5924;-11848;5960;5960
1377000;-11920;5996;5996;-11992
1377100;6040;6040;-12080;6068
1377200;6068;-12136;6100;6100
1377300;-12200;6192;6192;-12384
1377400;6228;6228;-12456;6216
1377500;6216;-12432;6288;6288
1377600;-12576;6376;6376;-12752
1377700;6448;6448;-12896;6452
1377800;6452;-12904;6516;6516
1377900;-13032;6564;6564;-13128
1378000;6620;6620;-13240;6616
1378100;6616;-13232;6744;6744
1378200;-13488;6756;6756;-13512
1378300;6840;6840;-13680;6876
1378400;6876;-13752;6892;6892
1378500;-13784;6980;6980;-13960
1378600;7028;7028;-14056;7048
1378700;7048;-14096;7020;7020
1378800;-14040;7048;7048;-14096
1378900;7124;7124;-14248;7176
1379000;7176;-14352;7224;7224
1379100;-14448;7248;7248;-14496
1379200;7312;7312;-14624;7348
1379300;7348;-14696;7364;7364
1379400;-14728;7388;7388;-14776
1379500;7460;7460;-14920;7468
1379600;7468;-14936;7284;7284
1379700;-14568;7336;7336;-14672
1379800;7380;7380;-14760;7424
1379900;7424;-14848;7468;7468
1380000;-14936;7460;7460;-14920
1380100;7476;7476;-14952;7456
1380200;7456;-14912;7420;7420
1380300;-14840;7496;7496;-14992
1380400;7368;7368;-14736;7412
1380500;7412;-14824;7400;7400
1380600;-14800;7372;7372;-14744
1380700;7332;7332;-14664;7296
1380800;7296;-14592;7288;7288
1380900;-14576;7196;7196;-14392
1381000;7296;7296;-14592;7168
1381100;7168;-14336;7116;7116
1381200;-14232;7100;7100;-14200
1381300;7064;7064;-14128;7156
1381400;7156;-14312;7056;7056
1381500;-14112;6988;6988;-13976
1381600;6944;6944;-13888;7416
1381700;7416;-14832;6860;6860
1381800;-13720;6824;6824;-13648
1381900;6828;6828;-13656;6780
1382000;6780;-13560;6808;6808
1382100;-13616;6724;6724;-13448
1382200;6696;6696;-13392;6712
1382300;6712;-13424;6656;6656
1382400;-13312;6660;6660;-13320
1382500;6576;6576;-13152;6504
1382600;6504;-13008;6508;6508
1382700;-13016;6504;6504;-13008
1382800;6468;6468;-12936;6312
1382900;6312;-12624;6356;6356
1383000;-12712;6328;6328;-12656
1383100;6292;6292;-12584;6172
1383200;6172;-12344;6208;6208
1383300;-12416;6144;6144;-12288
1383400;6104;6104;-12208;6092
1383500;6092;-12184;6076;6076
1383600;-12152;5992;5992;-11984
1383700;5984;5984;-11968;5964
1383800;5964;-11928;5876;5876
1383900;-11752;5836;5836;-11672
1384000;5800;5800;-11600;5832
1384100;5832;-11664;5840;5840
1384200;-11680;5696;5696;-11392
1384300;5700;5700;-11400;5668
1384400;5668;-11336;5568;5568
1384500;-11136;5548;5548;-11096
1384600;5612;5612;-11224;5452
1384700;5452;-10904;5408;5408
1384800;-10816;5348;5348;-10696
1384900;5276;5276;-10552;5268
1385000;5268;-10536;5256;5256
1385100;-10512;5132;5132;-10264
1385200;5120;5120;-10240;5072
1385300;5072;-10144;5072;5072
1385400;-10144;4964;4964;-9928
1385500;4936;4936;-9872;4968
1385600;4968;-9936;4856;4856
1385700;-9712;4800;4800;-9600
1385800;4800;4800;-9600;4816
1385900;4816;-9632;4824;4824
1386000;-9648;4804;4804;-9608
1386100;4756;4756;-9512;4692
1386200;4692;-9384;4752;4752
1386300;-9504;4808;4808;-9616
1386400;4720;4720;-9440;4760
1386500;4760;-9520;4748;4748
1386600;-9496;4760;4760;-9520
1386700;4684;4684;-9368;4668
1386800;4668;-9336;4704;4704
1386900;-9408;4736;4736;-9472
1387000;4628;4628;-9256;4684
1387100;4684;-9368;4668;4668
1387200;-9336;4652;4652;-9304
1387300;4632;4632;-9264;4620
1387400;4620;-9240;4556;4556
1387500;-9112;4572;4572;-9144
1387600;4532;4532;-9064;4528
1387700;4528;-9056;4560;4560
1387800;-9120;4652;4652;-9304
1387900;4492;4492;-8984;4552
1388000;4552;-9104;4504;4504
1388100;-9008;4516;4516;-9032
1388200;4468;4468;-8936;4472
1388300;4472;-8944;4472;4472
1388400;-8944;4468;4468;-8936
1388500;4484;4484;-8968;4360
1388600;4360;-8720;4360;4360
1388700;-8720;4316;4316;-8632
1388800;4316;4316;-8632;4308
1388900;4308;-8616;4300;4300
1389000;-8600;4308;4308;-8616
1389100;4228;4228;-8456;4204
1389200;4204;-8408;4252;4252
1389300;-8504;4172;4172;-8344
1389400;4156;4156;-8312;4108
1389500;4108;-8216;4196;4196
1389600;-8392;4132;4132;-8264
1389700;4120;4120;-8240;4088
1389800;4088;-8176;4088;4088
1389900;-8176;4028;4028;-8056
1390000;4036;4036;-8072;4052
1390100;4052;-8104;4084;4084
1390200;-8168;3940;3940;-7880
1390300;3924;3924;-7848;3892
1390400;3892;-7784;3972;3972
1390500;-7944;3856;3856;-7712
1390600;3832;3832;-7664;3796
1390700;3796;-7592;3812;3812
1390800;-7624;3804;3804;-7608
1390900;3732;3732;-7464;3704
1391000;3704;-7408;3664;3664
1391100;-7328;3636;3636;-7272
1391200;3708;3708;-7416;3548
1391300;3548;-7096;3560;3560
1391400;-7120;3488;3488;-6976
1391500;3448;3448;-6896;3444
1391600;3444;-6888;3400;3400
1391700;-6800;3352;3352;-6704
1391800;3332;3332;-6664;3296
1391900;3296;-6592;3856;3856
1392000;-7712;3156;3156;-6312
1392100;3104;3104;-6208;3076
1392200;3076;-6152;3036;3036
1392300;-6072;2948;2948;-5896
1392400;2956;2956;-5912;2912
1392500;2912;-5824;2848;2848
1392600;-5696;2820;2820;-5640
1392700;2804;2804;-5608;16252
1392800;16252;-32504;17944;17944
1392900;29648;18568;18568;28400
1393000;18736;18736;28064;18716
1393100;18716;28104;18820;18820
1393200;27896;18660;18660;28216
1393300;18664;18664;28208;18552
1393400;18552;28432;18556;18556
1393500;28424;18304;18304;28928
1393600;18516;18516;28504;18336
1393700;18336;28864;18304;18304
1393800;28928;18292;18292;28952
1393900;18160;18160;29216;18160
1394000;18160;29216;18144;18144
1394100;29248;18104;18104;29328
1394200;18056;18056;29424;18060
1394300;18060;29416;17916;17916
1394400;29704;17884;17884;29768
1394500;17900;17900;29736;17836
1394600;17836;29864;17812;17812
1394700;29912;17664;17664;30208
1394800;17568;17568;30400;17732
1394900;17732;30072;17656;17656
1395000;30224;17660;17660;30216
1395100;17612;17612;30312;17604
1395200;17604;30328;17544;17544
1395300;30448;17492;17492;30552
1395400;17444;17444;30648;17368
1395500;17368;30800;17356;17356
1395600;30824;17380;17380;30776
1395700;17324;17324;30888;17284
1395800;17284;30968;17196;17196
1395900;31144;17256;17256;31024
1396000;17128;17128;31280;17092
1396100;17092;31352;16996;16996
1396200;31544;17020;17020;31496
1396300;16904;16904;31728;16880
1396400;16880;31776;16856;16856
1396500;31824;16892;16892;31752
1396600;16872;16872;31792;16364
1396700;16364;-32728;16964;16964
1396800;31608;16908;16908;31720
1396900;16900;16900;31736;16952
1397000;16952;31632;16980;16980
1397100;31576;17048;17048;31440
1397200;16984;16984;31568;16968
1397300;16968;31600;16984;16984
1397400;31568;17028;17028;31480
1397500;17024;17024;31488;17008
1397600;17008;31520;17048;17048
1397700;31440;17040;17040;31456
1397800;17120;17120;31296;17064
1397900;17064;31408;17056;17056
1398000;31424;17056;17056;31424
1398100;17040;17040;31456;16928
1398200;16928;31680;16920;16920
1398300;31696;16872;16872;31792
1398400;16764;16764;32008;16748
1398500;16748;32040;16744;16744
1398600;32048;16668;16668;32200
1398700;16608;16608;32320;16464
1398800;16464;32608;16464;16464
1398900;32608;16328;16328;-32656
1399000;16272;16272;-32544;16272
1399100;16272;-32544;16216;16216
1399200;-32432;16116;16116;-32232
1399300;16100;16100;-32200;16020
1399400;16020;-32040;16028;16028
1399500;-32056;15916;15916;-31832
1399600;15952;15952;-31904;15912
1399700;15912;-31824;15760;15760
1399800;-31520;15748;15748;-31496
1399900;15368;15368;-30736;15632
1400000;15632;-31264;15564;15564
1400100;-31128;15588;15588;-31176
1400200;15536;15536;-31072;15492
1400300;15492;-30984;14980;14980
1400400;-29960;15380;15380;-30760
1400500;15396;15396;-30792;15248
1400600;15248;-30496;15248;15248
1400700;-30496;15252;15252;-30504
1400800;15188;15188;-30376;15568
1400900;15568;-31136;15252;15252
1401000;-30504;15296;15296;-30592
1401100;15268;15268;-30536;15304
1401200;15304;-30608;15356;15356
1401300;-30712;15352;15352;-30704
1401400;15360;15360;-30720;15364
1401500;15364;-30728;15444;15444
1401600;-30888;15488;15488;-30976
1401700;15512;15512;-31024;15508
1401800;15508;-31016;15524;15524
1401900;-31048;15588;15588;-31176
1402000;15512;15512;-31024;15808
1402100;15808;-31616;15616;15616
1402200;-31232;15668;15668;-31336
1402300;15612;15612;-31224;15692
1402400;15692;-31384;15664;15664
1402500;-31328;15704;15704;-31408
1402600;15664;15664;-31328;15736
1402700;15736;-31472;15700;15700
1402800;-31400;15792;15792;-31584
1402900;16000;16000;-32000;15672
1403000;15672;-31344;15680;15680
1403100;-31360;15696;15696;-31392
1403200;15656;15656;-31312;15664
1403300;15664;-31328;15624;15624
1403400;-31248;15600;15600;-31200
1403500;15684;15684;-31368;15728
1403600;15728;-31456;15528;15528
1403700;-31056;15724;15724;-31448
1403800;15660;15660;-31320;15688
1403900;15688;-31376;15636;15636
1404000;-31272;15616;15616;-31232
1404100;15648;15648;-31296;15640
1404200;15640;-31280;15672;15672
1404300;-31344;15564;15564;-31128
1404400;15664;15664;-31328;15596
1404500;15596;-31192;15600;15600
1404600;-31200;15588;15588;-31176
1404700;15560;15560;-31120;15564
1404800;15564;-31128;15596;15596
1404900;-31192;15584;15584;-31168
1405000;15576;15576;-31152;15552
1405100;15552;-31104;15472;15472
1405200;-30944;15600;15600;-31200
1405300;15496;15496;-30992;15572
1405400;15572;-31144;15608;15608
1405500;-31216;15480;15480;-30960
1405600;15584;15584;-31168;15548
1405700;15548;-31096;15532;15532
1405800;-31064;15524;15524;-31048
1405900;15420;15420;-30840;15588
1406000;15588;-31176;15556;15556
1406100;-31112;15528;15528;-31056
1406200;-8352;-8352;16704;-5948
1406300;-5948;11896;-5936;-5936
1406400;11872;-5840;-5840;11680
1406500;-5824;-5824;11648;-5832
1406600;-5832;11664;-5864;-5864
1406700;11728;-5792;-5792;11584
1406800;-5828;-5828;11656;-5804
1406900;-5804;11608;-5796;-5796
1407000;11592;-5820;-5820;11640
1407100;-5800;-5800;11600;-5760
1407200;-5760;11520;-5780;-5780
1407300;11560;-5788;-5788;11576
1407400;-5796;-5796;11592;-5784
1407500;-5784;11568;-5892;-5892
1407600;11784;-5768;-5768;11536
1407700;-5784;-5784;11568;-5796
1407800;-5796;11592;-5760;-5760
1407900;11520;-5772;-5772;11544
1408000;-5808;-5808;11616;-5744
1408100;-5744;11488;-5788;-5788
1408200;11576;-5792;-5792;11584
1408300;-5780;-5780;11560;-5872
1408400;-5872;11744;-5756;-5756
1408500;11512;-5748;-5748;11496
1408600;-5792;-5792;11584;-5796
1408700;-5796;11592;-5832;-5832
1408800;11664;-5824;-5824;11648
1408900;-5784;-5784;11568;-5832
1409000;-5832;11664;-5804;-5804
1409100;11608;-5832;-5832;11664
1409200;-5808;-5808;11616;-5844
1409300;-5844;11688;-5840;-5840
1409400;11680;-5824;-5824;11648
1409500;-5828;-5828;11656;-5808
1409600;-5808;11616;-5860;-5860
1409700;11720;-5852;-5852;11704
1409800;-5916;-5916;11832;-5932
1409900;-5932;11864;-5980;-5980
1410000;11960;-6024;-6024;12048
1410100;-6068;-6068;12136;-6076
1410200;-6076;12152;-6084;-6084
1410300;12168;-6132;-6132;12264
1410400;-6188;-6188;12376;-6200
1410500;-6200;12400;-6308;-6308
1410600;12616;-6340;-6340;12680
1410700;-6332;-6332;12664;-6400
1410800;-6400;12800;-6432;-6432
1410900;12864;-6468;-6468;12936
1411000;-6488;-6488;12976;-6520
1411100;-6520;13040;-6508;-6508
1411200;13016;-6528;-6528;13056
1411300;-6576;-6576;13152;-6588
1411400;-6588;13176;-6648;-6648
1411500;13296;-6664;-6664;13328
1411600;-6688;-6688;13376;-6748
1411700;-6748;13496;-6832;-6832
1411800;13664;-6752;-6752;13504
1411900;-6828;-6828;13656;-6844
1412000;-6844;13688;-6924;-6924
1412100;13848;-6892;-6892;13784
1412200;-6916;-6916;13832;-7612
1412300;-7612;15224;-6996;-6996
1412400;13992;-7048;-7048;14096
1412500;-7072;-7072;14144;-7720
1412600;-7720;15440;-7080;-7080
1412700;14160;-7108;-7108;14216
1412800;-7168;-7168;14336;-7136
1412900;-7136;14272;-7184;-7184
1413000;14368;-7272;-7272;14544
1413100;-7260;-7260;14520;-7308
1413200;-7308;14616;-7360;-7360
1413300;14720;-7336;-7336;14672
1413400;-7308;-7308;14616;-7344
1413500;-7344;14688;-7284;-7284
1413600;14568;-7348;-7348;14696
1413700;-7376;-7376;14752;-7440
1413800;-7440;14880;-7948;-7948
1413900;15896;-7492;-7492;14984
1414000;-7592;-7592;15184;-7656
1414100;-7656;15312;-7668;-7668
1414200;15336;-7748;-7748;15496
1414300;-7864;-7864;15728;-7872
1414400;-7872;15744;-7956;-7956
1414500;15912;-8016;-8016;16032
1414600;-8032;-8032;16064;-8132
1414700;-8132;16264;-8156;-8156
1414800;16312;-8220;-8220;16440
1414900;-8332;-8332;16664;-8516
1415000;-8516;17032;-8516;-8516
1415100;17032;-8604;-8604;17208
1415200;-8708;-8708;17416;-8732
1415300;-8732;17464;-8832;-8832
1415400;17664;-8924;-8924;17848
1415500;-9060;-9060;18120;-9056
1415600;-9056;18112;-9152;-9152
1415700;18304;-9112;-9112;18224
1415800;-9224;-9224;18448;-9276
1415900;-9276;18552;-9252;-9252
1416000;18504;-9348;-9348;18696
1416100;-9364;-9364;18728;-9296
1416200;-9296;18592;-9324;-9324
1416300;18648;-9304;-9304;18608
1416400;-9332;-9332;18664;-9224
1416500;-9224;18448;-9216;-9216
1416600;18432;-9240;-9240;18480
1416700;-9212;-9212;18424;-9112
1416800;-9112;18224;-9084;-9084
1416900;18168;-9080;-9080;18160
1417000;-9076;-9076;18152;-9004
1417100;-9004;18008;-9044;-9044
1417200;18088;-9056;-9056;18112
1417300;-8964;-8964;17928;-9104
1417400;-9104;18208;-9124;-9124
1417500;18248;-9152;-9152;18304
1417600;-9176;-9176;18352;-9180
1417700;-9180;18360;-9264;-9264
1417800;18528;-9284;-9284;18568
1417900;-9368;-9368;18736;-9372
1418000;-9372;18744;-9400;-9400
1418100;18800;-9448;-9448;18896
1418200;-9436;-9436;18872;-9504
1418300;-9504;19008;-9580;-9580
1418400;19160;-9664;-9664;19328
1418500;-9600;-9600;19200;-9668
1418600;-9668;19336;-9768;-9768
1418700;19536;-9768;-9768;19536
1418800;-9740;-9740;19480;-9844
1418900;-9844;19688;-9888;-9888
1419000;19776;-9904;-9904;19808
1419100;-9940;-9940;19880;-9944
1419200;-9944;19888;-9976;-9976
1419300;19952;-10008;-10008;20016
1419400;-10056;-10056;20112;-14836
1419500;-14836;29672;-13420;-13420
1419600;26840;-13676;-13676;27352
1419700;-13864;-13864;27728;-13932
1419800;-13932;27864;-14060;-14060
1419900;28120;-14004;-14004;28008
1420000;-14072;-14072;28144;-14068
1420100;-14068;28136;-14056;-14056
1420200;28112;-13972;-13972;27944
1420300;-13980;-13980;27960;-13992
1420400;-13992;27984;-13956;-13956
1420500;27912;-13908;-13908;27816
1420600;-13944;-13944;27888;-13904
1420700;-13904;27808;-13888;-13888
1420800;27776;-13896;-13896;27792
1420900;-13912;-13912;27824;-13812
1421000;-13812;27624;-13784;-13784
1421100;27568;-13816;-13816;27632
1421200;-13760;-13760;27520;-13764
1421300;-13764;27528;-13748;-13748
1421400;27496;-13708;-13708;27416
1421500;-13648;-13648;27296;-13688
1421600;-13688;27376;-13656;-13656
1421700;27312;-13616;-13616;27232
1421800;-13624;-13624;27248;-13524
1421900;-13524;27048;-13528;-13528
1422000;27056;-13496;-13496;26992
1422100;-13424;-13424;26848;-13348
1422200;-13348;26696;-13324;-13324
1422300;26648;-13172;-13172;26344
1422400;-13244;-13244;26488;-13212
1422500;-13212;26424;-13184;-13184
1422600;26368;-13128;-13128;26256
1422700;-13104;-13104;26208;-13060
1422800;-13060;26120;-13024;-13024
1422900;26048;-13008;-13008;26016
1423000;-12992;-12992;25984;-12924
1423100;-12924;25848;-12884;-12884
1423200;25768;-12880;-12880;25760
1423300;-12904;-12904;25808;-12800
1423400;-12800;25600;-12808;-12808
1423500;25616;-12772;-12772;25544
1423600;-12732;-12732;25464;-12760
1423700;-12760;25520;-12680;-12680
1423800;25360;-12624;-12624;25248
1423900;-12592;-12592;25184;-12540
1424000;-12540;25080;-12480;-12480
1424100;24960;-12380;-12380;24760
1424200;-12408;-12408;24816;-12368
1424300;-12368;24736;-12324;-12324
1424400;24648;-12312;-12312;24624
1424500;-12224;-12224;24448;-12188
1424600;-12188;24376;-12176;-12176
1424700;24352;-12152;-12152;24304
1424800;-12164;-12164;24328;-12116
1424900;-12116;24232;-12084;-12084
1425000;24168;-12120;-12120;24240
1425100;-12096;-12096;24192;-12064
1425200;-12064;24128;-12044;-12044
1425300;24088;-12020;-12020;24040
1425400;-12084;-12084;24168;-12036
1425500;-12036;24072;-12060;-12060
1425600;24120;-12060;-12060;24120
1425700;-12128;-12128;24256;-11992
1425800;-11992;23984;-12036;-12036
1425900;24072;-12052;-12052;24104
1426000;-12020;-12020;24040;-11996
1426100;-11996;23992;-12028;-12028
1426200;24056;-12028;-12028;24056
1426300;-12048;-12048;24096;-11984
1426400;-11984;23968;-11980;-11980
1426500;23960;-12016;-12016;24032
1426600;-12016;-12016;24032;-11968
1426700;-11968;23936;-11980;-11980
1426800;23960;-12040;-12040;24080
1426900;-12016;-12016;24032;-12008
1427000;-12008;24016;-11996;-11996
1427100;23992;-12008;-12008;24016
1427200;-12056;-12056;24112;-12048
1427300;-12048;24096;-12032;-12032
1427400;24064;-12012;-12012;24024
1427500;-12032;-12032;24064;-12016
1427600;-12016;24032;-12008;-12008
1427700;24016;-11968;-11968;23936
1427800;-11936;-11936;23872;-11960
1427900;-11960;23920;-11984;-11984
1428000;23968;-11912;-11912;23824
1428100;-11944;-11944;23888;-11972
1428200;-11972;23944;-11908;-11908
1428300;23816;-11924;-11924;23848
1428400;-11960;-11960;23920;-11896
1428500;-11896;23792;-11900;-11900
1428600;23800;-11848;-11848;23696
1428700;-11852;-11852;23704;-11852
1428800;-11852;23704;-11732;-11732
1428900;23464;-11868;-11868;23736
1429000;-11840;-11840;23680;-11984
1429100;-11984;23968;-11812;-11812
1429200;23624;-11804;-11804;23608
1429300;-11804;-11804;23608;-11768
1429400;-11768;23536;-11760;-11760
1429500;23520;-11840;-11840;23680
1429600;-11740;-11740;23480;-11732
1429700;-11732;23464;-12140;-12140
1429800;24280;-11660;-11660;23320
1429900;-11688;-11688;23376;-11704
1430000;-11704;23408;-11588;-11588
1430100;23176;-11624;-11624;23248
1430200;-11564;-11564;23128;-11548
1430300;-11548;23096;-11500;-11500
1430400;23000;-11524;-11524;23048
1430500;-11524;-11524;23048;-11444
1430600;-11444;22888;-11464;-11464
1430700;22928;-11404;-11404;22808
1430800;-11320;-11320;22640;-11336
1430900;-11336;22672;-11288;-11288
1431000;22576;-11248;-11248;22496
1431100;-11204;-11204;22408;-11132
1431200;-11132;22264;-11084;-11084
1431300;22168;-11072;-11072;22144
1431400;-11084;-11084;22168;-10952
1431500;-10952;21904;-10940;-10940
1431600;21880;-10876;-10876;21752
1431700;-10820;-10820;21640;-10772
1431800;-10772;21544;-10772;-10772
1431900;21544;-10772;-10772;21544
1432000;-10640;-10640;21280;-10636
1432100;-10636;21272;-10572;-10572
1432200;21144;-10560;-10560;21120
1432300;-10492;-10492;20984;-10480
1432400;-10480;20960;-10456;-10456
1432500;20912;-10316;-10316;20632
1432600;-10292;-10292;20584;-10232
1432700;-10232;20464;-10244;-10244
1432800;20488;-10192;-10192;20384
1432900;-10148;-10148;20296;7372
1433000;7372;-14744;6764;6764
1433100;-13528;6292;6292;-12584
1433200;6084;6084;-12168;5932
1433300;5932;-11864;5900;5900
1433400;-11800;6068;6068;-12136
1433500;6024;6024;-12048;6116
1433600;6116;-12232;6120;6120
1433700;-12240;6208;6208;-12416
1433800;6144;6144;-12288;6276
1433900;6276;-12552;6360;6360
1434000;-12720;6360;6360;-12720
1434100;6376;6376;-12752;6376
1434200;6376;-12752;6448;6448
1434300;-12896;6556;6556;-13112
1434400;6600;6600;-13200;6640
1434500;6640;-13280;6656;6656
1434600;-13312;6776;6776;-13552
1434700;6820;6820;-13640;6892
1434800;6892;-13784;6948;6948
1434900;-13896;6980;6980;-13960
1435000;7080;7080;-14160;7052
1435100;7052;-14104;7316;7316
1435200;-14632;7208;7208;-14416
1435300;7268;7268;-14536;7404
1435400;7404;-14808;7424;7424
1435500;-14848;7504;7504;-15008
1435600;7660;7660;-15320;7672
1435700;7672;-15344;7700;7700
1435800;-15400;7744;7744;-15488
1435900;7760;7760;-15520;7788
1436000;7788;-15576;7936;7936
1436100;-15872;7936;7936;-15872
1436200;8056;8056;-16112;8080
1436300;8080;-16160;8188;8188
1436400;-16376;8312;8312;-16624
1436500;8604;8604;-17208;8436
1436600;8436;-16872;8444;8444
1436700;-16888;8540;8540;-17080
1436800;8652;8652;-17304;8728
1436900;8728;-17456;8752;8752
1437000;-17504;8772;8772;-17544
1437100;8784;8784;-17568;8872
1437200;8872;-17744;8800;8800
1437300;-17600;8880;8880;-17760
1437400;8800;8800;-17600;8768
1437500;8768;-17536;8904;8904
1437600;-17808;8852;8852;-17704
1437700;8892;8892;-17784;8780
1437800;8780;-17560;9012;9012
1437900;-18024;8812;8812;-17624
1438000;8880;8880;-17760;8932
1438100;8932;-17864;8968;8968
1438200;-17936;8812;8812;-17624
1438300;8848;8848;-17696;8880
1438400;8880;-17760;8796;8796
1438500;-17592;8844;8844;-17688
1438600;8816;8816;-17632;8884
1438700;8884;-17768;8836;8836
1438800;-17672;8884;8884;-17768
1438900;8880;8880;-17760;8816
1439000;8816;-17632;8916;8916
1439100;-17832;8888;8888;-17776
1439200;8868;8868;-17736;8908
1439300;8908;-17816;8868;8868
1439400;-17736;8928;8928;-17856
1439500;8860;8860;-17720;8888
1439600;8888;-17776;8916;8916
1439700;-17832;8892;8892;-17784
1439800;8904;8904;-17808;8948
1439900;8948;-17896;8700;8700
1440000;-17400;8916;8916;-17832
1440100;8928;8928;-17856;8968
1440200;8968;-17936;8876;8876
1440300;-17752;8892;8892;-17784
1440400;8824;8824;-17648;9044
1440500;9044;-18088;8940;8940
1440600;-17880;8964;8964;-17928
1440700;8832;8832;-17664;8936
1440800;8936;-17872;8988;8988
1440900;-17976;9092;9092;-18184
1441000;9008;9008;-18016;9052
1441100;9052;-18104;9064;9064
1441200;-18128;9136;9136;-18272
1441300;9092;9092;-18184;9176
1441400;9176;-18352;9188;9188
1441500;-18376;9172;9172;-18344
1441600;9320;9320;-18640;9324
1441700;9324;-18648;9392;9392
1441800;-18784;9464;9464;-18928
1441900;9444;9444;-18888;9700
1442000;9700;-19400;9656;9656
1442100;-19312;9732;9732;-19464
1442200;9840;9840;-19680;9796
1442300;9796;-19592;9832;9832
1442400;-19664;9836;9836;-19672
1442500;9872;9872;-19744;9932
1442600;9932;-19864;9912;9912
1442700;-19824;10100;10100;-20200
1442800;10060;10060;-20120;10120
1442900;10120;-20240;10188;10188
1443000;-20376;10172;10172;-20344
1443100;10228;10228;-20456;10296
1443200;10296;-20592;10352;10352
1443300;-20704;10456;10456;-20912
1443400;10392;10392;-20784;10464
1443500;10464;-20928;10384;10384
1443600;-20768;10564;10564;-21128
1443700;10588;10588;-21176;10336
1443800;10336;-20672;10656;10656
1443900;-21312;10788;10788;-21576
1444000;10764;10764;-21528;10760
1444100;10760;-21520;10824;10824
1444200;-21648;10924;10924;-21848
1444300;10940;10940;-21880;10904
1444400;10904;-21808;11020;11020
1444500;-22040;11052;11052;-22104
1444600;10756;10756;-21512;11192
1444700;11192;-22384;11216;11216
1444800;-22432;11256;11256;-22512
1444900;11272;11272;-22544;11368
1445000;11368;-22736;11432;11432
1445100;-22864;11560;11560;-23120
1445200;11520;11520;-23040;11612
1445300;11612;-23224;11280;11280
1445400;-22560;11676;11676;-23352
1445500;11724;11724;-23448;11808
1445600;11808;-23616;11904;11904
1445700;-23808;11932;11932;-23864
1445800;11988;11988;-23976;11968
1445900;11968;-23936;12408;12408
1446000;-24816;12088;12088;-24176
1446100;12180;12180;-24360;12208
1446200;12208;-24416;12384;12384
1446300;-24768;7356;7356;-14712
1446400;2860;2860;-5720;2912
1446500;2912;-5824;3320;3320
1446600;-6640;2900;2900;-5800
1446700;2892;2892;-5784;2888
1446800;2888;-5776;2904;2904
1446900;-5808;2916;2916;-5832
1447000;2948;2948;-5896;2912
1447100;2912;-5824;2880;2880
1447200;-5760;2880;2880;-5760
1447300;2944;2944;-5888;2940
1447400;2940;-5880;2984;2984
1447500;-5968;3044;3044;-6088
1447600;2932;2932;-5864;2940
1447700;2940;-5880;2980;2980
1447800;-5960;2972;2972;-5944
1447900;2988;2988;-5976;3028
1448000;3028;-6056;2928;2928
1448100;-5856;2952;2952;-5904
1448200;2884;2884;-5768;2868
1448300;2868;-5736;2964;2964
1448400;-5928;2828;2828;-5656
1448500;2812;2812;-5624;2804
1448600;2804;-5608;2832;2832
1448700;-5664;2748;2748;-5496
1448800;2724;2724;-5448;2736
1448900;2736;-5472;2728;2728
1449000;-5456;2640;2640;-5280
1449100;2668;2668;-5336;2688
1449200;2688;-5376;2608;2608
1449300;-5216;2584;2584;-5168
1449400;2580;2580;-5160;2552
1449500;2552;-5104;2556;2556
1449600;-5112;2560;2560;-5120
1449700;2572;2572;-5144;2648
1449800;2648;-5296;2696;2696
1449900;-5392;2708;2708;-5416
1450000;2800;2800;-5600;2752
1450100;2752;-5504;2896;2896
1450200;-5792;2840;2840;-5680
1450300;2864;2864;-5728;2908
1450400;2908;-5816;2944;2944
1450500;-5888;2972;2972;-5944
1450600;3036;3036;-6072;3072
1450700;3072;-6144;3136;3136
1450800;-6272;3244;3244;-6488
1450900;3196;3196;-6392;3232
1451000;3232;-6464;3228;3228
1451100;-6456;3272;3272;-6544
1451200;3304;3304;-6608;3268
1451300;3268;-6536;3212;3212
1451400;-6424;3252;3252;-6504
1451500;3232;3232;-6464;3312
1451600;3312;-6624;3228;3228
1451700;-6456;3260;3260;-6520
1451800;3276;3276;-6552;3296
1451900;3296;-6592;3336;3336
1452000;-6672;3364;3364;-6728
1452100;3392;3392;-6784;3408
1452200;3408;-6816;3464;3464
1452300;-6928;3468;3468;-6936
1452400;3596;3596;-7192;3616
1452500;3616;-7232;3788;3788
1452600;-7576;3704;3704;-7408
1452700;3772;3772;-7544;3828
1452800;3828;-7656;3960;3960
1452900;-7920;3960;3960;-7920
1453000;3964;3964;-7928;4000
1453100;4000;-8000;4024;4024
1453200;-8048;4620;4620;-9240
1453300;4120;4120;-8240;4208
1453400;4208;-8416;4240;4240
1453500;-8480;4224;4224;-8448
1453600;4288;4288;-8576;4320
1453700;4320;-8640;4272;4272
1453800;-8544;4324;4324;-8648
1453900;4352;4352;-8704;4436
1454000;4436;-8872;4468;4468
1454100;-8936;4452;4452;-8904
1454200;4484;4484;-8968;4536
1454300;4536;-9072;5148;5148
1454400;-10296;4560;4560;-9120
1454500;4628;4628;-9256;4636
1454600;4636;-9272;4712;4712
1454700;-9424;4812;4812;-9624
1454800;4764;4764;-9528;4844
1454900;4844;-9688;4908;4908
1455000;-9816;4892;4892;-9784
1455100;5028;5028;-10056;5060
1455200;5060;-10120;5188;5188
1455300;-10376;5144;5144;-10288
1455400;5256;5256;-10512;5320
1455500;5320;-10640;5300;5300
1455600;-10600;5380;5380;-10760
1455700;5424;5424;-10848;5468
1455800;5468;-10936;5480;5480
1455900;-10960;5588;5588;-11176
1456000;5636;5636;-11272;5612
1456100;5612;-11224;5688;5688
1456200;-11376;5736;5736;-11472
1456300;5772;5772;-11544;5772
1456400;5772;-11544;5804;5804
1456500;-11608;5816;5816;-11632
1456600;5848;5848;-11696;5880
1456700;5880;-11760;5872;5872
1456800;-11744;5880;5880;-11760
1456900;5916;5916;-11832;5912
1457000;5912;-11824;5956;5956
1457100;-11912;6048;6048;-12096
1457200;6020;6020;-12040;6024
1457300;6024;-12048;6124;6124
1457400;-12248;6076;6076;-12152
1457500;6108;6108;-12216;6112
1457600;6112;-12224;6200;6200
1457700;-12400;6304;6304;-12608
1457800;6340;6340;-12680;6404
1457900;6404;-12808;6472;6472
1458000;-12944;6492;6492;-12984
1458100;6524;6524;-13048;6588
1458200;6588;-13176;6648;6648
1458300;-13296;6692;6692;-13384
1458400;6744;6744;-13488;6796
1458500;6796;-13592;6828;6828
1458600;-13656;6908;6908;-13816
1458700;6956;6956;-13912;7024
1458800;7024;-14048;7064;7064
1458900;-14128;7084;7084;-14168
1459000;7120;7120;-14240;7152
1459100;7152;-14304;7200;7200
1459200;-14400;7228;7228;-14456
1459300;7264;7264;-14528;7328
1459400;7328;-14656;7324;7324
1459500;-14648;7364;7364;-14728
1459600;7380;7380;-14760;7464
1459700;7464;-14928;7456;7456
1459800;-14912;7304;7304;-14608
1459900;7364;7364;-14728;7440
1460000;7440;-14880;7432;7432
1460100;-14864;7456;7456;-14912
1460200;7472;7472;-14944;7452
1460300;7452;-14904;8056;8056
1460400;-16112;7432;7432;-14864
1460500;7388;7388;-14776;7372
1460600;7372;-14744;7380;7380
1460700;-14760;7332;7332;-14664
1460800;7328;7328;-14656;7312
1460900;7312;-14624;7320;7320
1461000;-14640;7228;7228;-14456
1461100;7212;7212;-14424;7204
1461200;7204;-14408;7152;7152
1461300;-14304;7140;7140;-14280
1461400;7104;7104;-14208;7168
1461500;7168;-14336;7088;7088
1461600;-14176;7020;7020;-14040
1461700;6976;6976;-13952;6956
1461800;6956;-13912;6900;6900
1461900;-13800;6908;6908;-13816
1462000;6844;6844;-13688;6796
1462100;6796;-13592;6776;6776
1462200;-13552;6740;6740;-13480
1462300;6724;6724;-13448;6668
1462400;6668;-13336;6624;6624
1462500;-13248;6584;6584;-13168
1462600;6652;6652;-13304;6564
1462700;6564;-13128;6492;6492
1462800;-12984;6484;6484;-12968
1462900;6456;6456;-12912;6520
1463000;6520;-13040;6364;6364
1463100;-12728;6352;6352;-12704
1463200;6304;6304;-12608;6272
1463300;6272;-12544;6340;6340
1463400;-12680;6200;6200;-12400
1463500;6132;6132;-12264;6104
1463600;6104;-12208;6080;6080
1463700;-12160;6068;6068;-12136
1463800;6016;6016;-12032;6200
1463900;6200;-12400;5920;5920
1464000;-11840;5900;5900;-11800
1464100;5880;5880;-11760;5824
1464200;5824;-11648;5736;5736
1464300;-11472;5708;5708;-11416
1464400;5656;5656;-11312;5648
1464500;5648;-11296;5616;5616
1464600;-11232;5580;5580;-11160
1464700;5508;5508;-11016;5488
1464800;5488;-10976;5432;5432
1464900;-10864;5432;5432;-10864
1465000;5360;5360;-10720;5320
1465100;5320;-10640;5272;5272
1465200;-10544;5200;5200;-10400
1465300;5152;5152;-10304;5112
1465400;5112;-10224;5024;5024
1465500;-10048;5092;5092;-10184
1465600;5000;5000;-10000;4956
1465700;4956;-9912;4928;4928
1465800;-9856;4872;4872;-9744
1465900;4848;4848;-9696;4828
1466000;4828;-9656;4748;4748
1466100;-9496;4740;4740;-9480
1466200;4732;4732;-9464;4676
1466300;4676;-9352;4744;4744
1466400;-9488;4764;4764;-9528
1466500;4724;4724;-9448;4648
1466600;4648;-9296;4704;4704
1466700;-9408;4740;4740;-9480
1466800;4720;4720;-9440;4724
1466900;4724;-9448;4756;4756
1467000;-9512;4712;4712;-9424
1467100;4752;4752;-9504;4640
1467200;4640;-9280;4644;4644
1467300;-9288;4640;4640;-9280
1467400;4780;4780;-9560;4608
1467500;4608;-9216;4604;4604
1467600;-9208;4584;4584;-9168
1467700;5064;5064;-10128;4628
1467800;4628;-9256;4528;4528
1467900;-9056;4520;4520;-9040
1468000;4512;4512;-9024;4484
1468100;4484;-8968;4488;4488
1468200;-8976;4556;4556;-9112
1468300;4424;4424;-8848;4460
1468400;4460;-8920;4380;4380
1468500;-8760;4424;4424;-8848
1468600;4400;4400;-8800;4412
1468700;4412;-8824;4468;4468
1468800;-8936;4320;4320;-8640
1468900;4344;4344;-8688;4392
1469000;4392;-8784;4372;4372
1469100;-8744;4304;4304;-8608
1469200;4292;4292;-8584;4256
1469300;4256;-8512;4248;4248
1469400;-8496;4240;4240;-8480
1469500;4796;4796;-9592;4124
1469600;4124;-8248;4140;4140
1469700;-8280;4132;4132;-8264
1469800;4080;4080;-8160;4076
1469900;4076;-8152;4056;4056
1470000;-8112;4084;4084;-8168
1470100;4032;4032;-8064;4008
1470200;4008;-8016;4060;4060
1470300;-8120;3992;3992;-7984
1470400;3932;3932;-7864;4044
1470500;4044;-8088;3904;3904
1470600;-7808;3852;3852;-7704
1470700;3860;3860;-7720;3820
1470800;3820;-7640;3816;3816
1470900;-7632;3772;3772;-7544
1471000;3768;3768;-7536;3704
1471100;3704;-7408;3780;3780
1471200;-7560;3584;3584;-7168
1471300;3604;3604;-7208;3616
1471400;3616;-7232;3516;3516
1471500;-7032;3468;3468;-6936
1471600;3456;3456;-6912;3408
1471700;3408;-6816;3400;3400
1471800;-6800;3340;3340;-6680
1471900;3348;3348;-6696;3264
1472000;3264;-6528;3204;3204
1472100;-6408;3192;3192;-6384
1472200;3216;3216;-6432;3084
1472300;3084;-6168;3072;3072
1472400;-6144;3056;3056;-6112
1472500;2984;2984;-5968;2904
1472600;2904;-5808;2844;2844
1472700;-5688;2860;2860;-5720
1472800;2776;2776;-5552;2704
1472900;2704;-5408;16060;16060
1473000;-32120;18008;18008;29520
1473100;18604;18604;28328;18648
1473200;18648;28240;18636;18636
1473300;28264;18756;18756;28024
1473400;18652;18652;28232;18616
1473500;18616;28304;18612;18612
1473600;28312;18436;18436;28664
1473700;18460;18460;28616;18428
1473800;18428;28680;18372;18372
1473900;28792;18404;18404;28728
1474000;18260;18260;29016;18220
1474100;18220;29096;18092;18092
1474200;29352;18096;18096;29344
1474300;18076;18076;29384;18052
1474400;18052;29432;17932;17932
1474500;29672;17956;17956;29624
1474600;17928;17928;29680;17892
1474700;17892;29752;17912;17912
1474800;29712;17736;17736;30064
1474900;17736;17736;30064;17720
1475000;17720;30096;17644;17644
1475100;30248;17608;17608;30320
1475200;17612;17612;30312;17596
1475300;17596;30344;17560;17560
1475400;30416;17608;17608;30320
1475500;17488;17488;30560;17456
1475600;17456;30624;17432;17432
1475700;30672;17384;17384;30768
1475800;17312;17312;30912;17312
1475900;17312;30912;17248;17248
1476000;31040;17224;17224;31088
1476100;17160;17160;31216;17108
1476200;17108;31320;17124;17124
1476300;31288;17044;17044;31448
1476400;16996;16996;31544;16916
1476500;16916;31704;16880;16880
1476600;31776;16896;16896;31744
1476700;16896;16896;31744;16840
1476800;16840;31856;16992;16992
1476900;31552;16912;16912;31712
1477000;16876;16876;31784;16980
1477100;16980;31576;16720;16720
1477200;32096;16924;16924;31688
1477300;16940;16940;31656;16964
1477400;16964;31608;17012;17012
1477500;31512;16880;16880;31776
1477600;17092;17092;31352;17012
1477700;17012;31512;17048;17048
1477800;31440;17036;17036;31464
1477900;17124;17124;31288;17036
1478000;17036;31464;17044;17044
1478100;31448;17032;17032;31472
1478200;17060;17060;31416;17064
1478300;17064;31408;17008;17008
1478400;31520;16944;16944;31648
1478500;16812;16812;31912;16792
1478600;16792;31952;16656;16656
1478700;32224;16680;16680;32176
1478800;16932;16932;31672;16584
1478900;16584;32368;16552;16552
1479000;32432;16520;16520;32496
1479100;16368;16368;-32736;16200
1479200;16200;-32400;16304;16304
1479300;-32608;16188;16188;-32376
1479400;16180;16180;-32360;16076
1479500;16076;-32152;15972;15972
1479600;-31944;15956;15956;-31912
1479700;15948;15948;-31896;15876
1479800;15876;-31752;15844;15844
1479900;-31688;15800;15800;-31600
1480000;15692;15692;-31384;15648
1480100;15648;-31296;15644;15644
1480200;-31288;15620;15620;-31240
1480300;15528;15528;-31056;15460
1480400;15460;-30920;15476;15476
1480500;-30952;15400;15400;-30800
1480600;15400;15400;-30800;15328
1480700;15328;-30656;15292;15292
1480800;-30584;15240;15240;-30480
1480900;15296;15296;-30592;15204
1481000;15204;-30408;15252;15252
1481100;-30504;15204;15204;-30408
1481200;15272;15272;-30544;15264
1481300;15264;-30528;15392;15392
1481400;-30784;15316;15316;-30632
1481500;15356;15356;-30712;15352
1481600;15352;-30704;15404;15404
1481700;-30808;15380;15380;-30760
1481800;15472;15472;-30944;15500
1481900;15500;-31000;15468;15468
1482000;-30936;15544;15544;-31088
1482100;15648;15648;-31296;15568
1482200;15568;-31136;15608;15608
1482300;-31216;15600;15600;-31200
1482400;15652;15652;-31304;15692
1482500;15692;-31384;15624;15624
1482600;-31248;15704;15704;-31408
1482700;15688;15688;-31376;15704
1482800;15704;-31408;15584;15584
1482900;-31168;15708;15708;-31416
1483000;15732;15732;-31464;15716
1483100;15716;-31432;15780;15780
1483200;-31560;15732;15732;-31464
1483300;15692;15692;-31384;15580
1483400;15580;-31160;15648;15648
1483500;-31296;15676;15676;-31352
1483600;15596;15596;-31192;15652
1483700;15652;-31304;15668;15668
1483800;-31336;15612;15612;-31224
1483900;15576;15576;-31152;15636
1484000;15636;-31272;15628;15628
1484100;-31256;15608;15608;-31216
1484200;15632;15632;-31264;15652
1484300;15652;-31304;15616;15616
1484400;-31232;15612;15612;-31224
1484500;15676;15676;-31352;15696
1484600;15696;-31392;15596;15596
1484700;-31192;15684;15684;-31368
1484800;15592;15592;-31184;15612
1484900;15612;-31224;15592;15592
1485000;-31184;15644;15644;-31288
1485100;15568;15568;-31136;15588
1485200;15588;-31176;15932;15932
1485300;-31864;15584;15584;-31168
1485400;15572;15572;-31144;15528
1485500;15528;-31056;15568;15568
1485600;-31136;15544;15544;-31088
1485700;15536;15536;-31072;15524
1485800;15524;-31048;15532;15532
1485900;-31064;15552;15552;-31104
1486000;15504;15504;-31008;15580
1486100;15580;-31160;15484;15484
1486200;-30968;15536;15536;-31072
1486300;15460;15460;-30920;-8328
1486400;-8328;16656;-5944;-5944
1486500;11888;-5852;-5852;11704
1486600;-5804;-5804;11608;-5824
1486700;-5824;11648;-5792;-5792
1486800;11584;-5800;-5800;11600
1486900;-5804;-5804;11608;-5832
1487000;-5832;11664;-5816;-5816
1487100;11632;-5764;-5764;11528
1487200;-5808;-5808;11616;-5816
1487300;-5816;11632;-5740;-5740
1487400;11480;-5788;-5788;11576
1487500;-5800;-5800;11600;-5812
1487600;-5812;11624;-5776;-5776
1487700;11552;-5804;-5804;11608
1487800;-5776;-5776;11552;-5760
1487900;-5760;11520;-5724;-5724
1488000;11448;-5780;-5780;11560
1488100;-5716;-5716;11432;-5724
1488200;-5724;11448;-5744;-5744
1488300;11488;-5764;-5764;11528
1488400;-5800;-5800;11600;-5808
1488500;-5808;11616;-5664;-5664
1488600;11328;-5796;-5796;11592
1488700;-5800;-5800;11600;-5816
1488800;-5816;11632;-5864;-5864
1488900;11728;-5800;-5800;11600
1489000;-5832;-5832;11664;-5820
1489100;-5820;11640;-5788;-5788
1489200;11576;-5804;-5804;11608
1489300;-5772;-5772;11544;-5836
1489400;-5836;11672;-5840;-5840
1489500;11680;-5984;-5984;11968
1489600;-5848;-5848;11696;-5864
1489700;-5864;11728;-5860;-5860
1489800;11720;-5856;-5856;11712
1489900;-6008;-6008;12016;-5848
1490000;-5848;11696;-5916;-5916
1490100;11832;-5960;-5960;11920
1490200;-6024;-6024;12048;-6064
1490300;-6064;12128;-6032;-6032
1490400;12064;-6084;-6084;12168
1490500;-6120;-6120;12240;-6092
1490600;-6092;12184;-6204;-6204
1490700;12408;-6232;-6232;12464
1490800;-6328;-6328;12656;-6336
1490900;-6336;12672;-6384;-6384
1491000;12768;-6416;-6416;12832
1491100;-6432;-6432;12864;-6500
1491200;-6500;13000;-6508;-6508
1491300;13016;-6524;-6524;13048
1491400;-6556;-6556;13112;-6588
1491500;-6588;13176;-6560;-6560
1491600;13120;-6608;-6608;13216
1491700;-6656;-6656;13312;-6656
1491800;-6656;13312;-6712;-6712
1491900;13424;-6804;-6804;13608
1492000;-6720;-6720;13440;-6736
1492100;-6736;13472;-6820;-6820
1492200;13640;-6888;-6888;13776
1492300;-6880;-6880;13760;-6920
1492400;-6920;13840;-7008;-7008
1492500;14016;-6924;-6924;13848
1492600;-6992;-6992;13984;-7048
1492700;-7048;14096;-7080;-7080
1492800;14160;-7108;-7108;14216
1492900;-7072;-7072;14144;-7100
1493000;-7100;14200;-7164;-7164
1493100;14328;-7212;-7212;14424
1493200;-7320;-7320;14640;-7364
1493300;-7364;14728;-7276;-7276
1493400;14552;-7276;-7276;14552
1493500;-7352;-7352;14704;-7328
1493600;-7328;14656;-7392;-7392
1493700;14784;-7296;-7296;14592
1493800;-7356;-7356;14712;-7388
1493900;-7388;14776;-7364;-7364
1494000;14728;-7408;-7408;14816
1494100;-7512;-7512;15024;-7592
1494200;-7592;15184;-7616;-7616
1494300;15232;-7712;-7712;15424
1494400;-7684;-7684;15368;-7820
1494500;-7820;15640;-7912;-7912
1494600;15824;-7964;-7964;15928
1494700;-8040;-8040;16080;-8052
1494800;-8052;16104;-8108;-8108
1494900;16216;-8188;-8188;16376
1495000;-8316;-8316;16632;-8456
1495100;-8456;16912;-8440;-8440
1495200;16880;-8528;-8528;17056
1495300;-8584;-8584;17168;-8696
1495400;-8696;17392;-8776;-8776
1495500;17552;-8896;-8896;17792
1495600;-8888;-8888;17776;-8968
1495700;-8968;17936;-9044;-9044
1495800;18088;-9188;-9188;18376
1495900;-9132;-9132;18264;-9216
1496000;-9216;18432;-9220;-9220
1496100;18440;-9288;-9288;18576
1496200;-9328;-9328;18656;-9364
1496300;-9364;18728;-9332;-9332
1496400;18664;-9316;-9316;18632
1496500;-9316;-9316;18632;-9272
1496600;-9272;18544;-9264;-9264
1496700;18528;-9212;-9212;18424
1496800;-9156;-9156;18312;-9112
1496900;-9112;18224;-9100;-9100
1497000;18200;-9100;-9100;18200
1497100;-9096;-9096;18192;-9008
1497200;-9008;18016;-9080;-9080
1497300;18160;-9104;-9104;18208
1497400;-9012;-9012;18024;-9064
1497500;-9064;18128;-9112;-9112
1497600;18224;-9188;-9188;18376
1497700;-9100;-9100;18200;-9168
1497800;-9168;18336;-9212;-9212
1497900;18424;-9148;-9148;18296
1498000;-9304;-9304;18608;-9400
1498100;-9400;18800;-9432;-9432
1498200;18864;-9388;-9388;18776
1498300;-9492;-9492;18984;-9440
1498400;-9440;18880;-9500;-9500
1498500;19000;-9568;-9568;19136
1498600;-9588;-9588;19176;-9616
1498700;-9616;19232;-9684;-9684
1498800;19368;-9692;-9692;19384
1498900;-9816;-9816;19632;-9792
1499000;-9792;19584;-9836;-9836
1499100;19672;-9940;-9940;19880
1499200;-9904;-9904;19808;-9968
1499300;-9968;19936;-9952;-9952
1499400;19904;-9992;-9992;19984
1499500;-10020;-10020;20040;-9996
1499600;-9996;19992;-14920;-14920
1499700;29840;-13424;-13424;26848
1499800;-13712;-13712;27424;-13812
1499900;-13812;27624;-13940;-13940
1500000;27880;-13932;-13932;27864
1500100;-14012;-14012;28024;-14040
1500200;-14040;28080;-14664;-14664
1500300;29328;-13980;-13980;27960
1500400;-14024;-14024;28048;-14040
1500500;-14040;28080;-13972;-13972
1500600;27944;-13968;-13968;27936
1500700;-13956;-13956;27912;-13908
1500800;-13908;27816;-13852;-13852
1500900;27704;-13872;-13872;27744
1501000;-13836;-13836;27672;-13840
1501100;-13840;27680;-13840;-13840
1501200;27680;-13816;-13816;27632
1501300;-13804;-13804;27608;-13748
1501400;-13748;27496;-13748;-13748
1501500;27496;-13720;-13720;27440
1501600;-13716;-13716;27432;-13724
1501700;-13724;27448;-13624;-13624
1501800;27248;-13624;-13624;27248
1501900;-13572;-13572;27144;-13892
1502000;-13892;27784;-13572;-13572
1502100;27144;-13504;-13504;27008
1502200;-13500;-13500;27000;-13452
1502300;-13452;26904;-13340;-13340
1502400;26680;-13376;-13376;26752
1502500;-13312;-13312;26624;-13292
1502600;-13292;26584;-13208;-13208
1502700;26416;-13220;-13220;26440
1502800;-13148;-13148;26296;-13176
1502900;-13176;26352;-13092;-13092
1503000;26184;-13064;-13064;26128
1503100;-13056;-13056;26112;-13016
1503200;-13016;26032;-12936;-12936
1503300;25872;-12876;-12876;25752
1503400;-12880;-12880;25760;-12888
1503500;-12888;25776;-12840;-12840
1503600;25680;-12868;-12868;25736
1503700;-12840;-12840;25680;-12700
1503800;-12700;25400;-12728;-12728
1503900;25456;-12708;-12708;25416
1504000;-12644;-12644;25288;-12644
1504100;-12644;25288;-12508;-12508
1504200;25016;-12516;-12516;25032
1504300;-12416;-12416;24832;-12448
1504400;-12448;24896;-12360;-12360
1504500;24720;-12344;-12344;24688
1504600;-12268;-12268;24536;-12256
1504700;-12256;24512;-12164;-12164
1504800;24328;-12152;-12152;24304
1504900;-12140;-12140;24280;-12140
1505000;-12140;24280;-12112;-12112
1505100;24224;-12096;-12096;24192
1505200;-12032;-12032;24064;-12020
1505300;-12020;24040;-12008;-12008
1505400;24016;-12012;-12012;24024
1505500;-12028;-12028;24056;-12076
1505600;-12076;24152;-12016;-12016
1505700;24032;-12028;-12028;24056
1505800;-12080;-12080;24160;-12120
1505900;-12120;24240;-12584;-12584
1506000;25168;-11960;-11960;23920
1506100;-12036;-12036;24072;-12024
1506200;-12024;24048;-12020;-12020
1506300;24040;-12028;-12028;24056
1506400;-11988;-11988;23976;-12024
1506500;-12024;24048;-12040;-12040
1506600;24080;-12012;-12012;24024
1506700;-12084;-12084;24168;-11956
1506800;-11956;23912;-11996;-11996
1506900;23992;-12052;-12052;24104
1507000;-12020;-12020;24040;-12028
1507100;-12028;24056;-12020;-12020
1507200;24040;-12044;-12044;24088
1507300;-12088;-12088;24176;-12020
1507400;-12020;24040;-12664;-12664
1507500;25328;-12036;-12036;24072
1507600;-12040;-12040;24080;-12032
1507700;-12032;24064;-12048;-12048
1507800;24096;-11980;-11980;23960
1507900;-11980;-11980;23960;-11980
1508000;-11980;23960;-12052;-12052
1508100;24104;-11928;-11928;23856
1508200;-11972;-11972;23944;-12012
1508300;-12012;24024;-11952;-11952
1508400;23904;-11988;-11988;23976
1508500;-11928;-11928;23856;-11940
1508600;-11940;23880;-11952;-11952
1508700;23904;-11956;-11956;23912
1508800;-11908;-11908;23816;-11896
1508900;-11896;23792;-11892;-11892
1509000;23784;-11884;-11884;23768
1509100;-11856;-11856;23712;-11836
1509200;-11836;23672;-11780;-11780
1509300;23560;-11888;-11888;23776
1509400;-11816;-11816;23632;-11820
1509500;-11820;23640;-11828;-11828
1509600;23656;-11752;-11752;23504
1509700;-11768;-11768;23536;-11708
1509800;-11708;23416;-11724;-11724
1509900;23448;-11636;-11636;23272
1510000;-11676;-11676;23352;-11692
1510100;-11692;23384;-11780;-11780
1510200;23560;-11616;-11616;23232
1510300;-11636;-11636;23272;-11580
1510400;-11580;23160;-11508;-11508
1510500;23016;-11516;-11516;23032
1510600;-11492;-11492;22984;-11500
1510700;-11500;23000;-11416;-11416
1510800;22832;-11432;-11432;22864
1510900;-11376;-11376;22752;-11292
1511000;-11292;22584;-11328;-11328
1511100;22656;-11236;-11236;22472
1511200;-11192;-11192;22384;-11168
1511300;-11168;22336;-11148;-11148
1511400;22296;-11104;-11104;22208
1511500;-11068;-11068;22136;-11056
1511600;-11056;22112;-11432;-11432
1511700;22864;-10932;-10932;21864
1511800;-10900;-10900;21800;-10936
1511900;-10936;21872;-10764;-10764
1512000;21528;-10800;-10800;21600
1512100;-10824;-10824;21648;-10672
1512200;-10672;21344;-10628;-10628
1512300;21256;-10616;-10616;21232
1512400;-10488;-10488;20976;-10488
1512500;-10488;20976;-10424;-10424
1512600;20848;-10368;-10368;20736
1512700;-10388;-10388;20776;-10304
1512800;-10304;20608;-10328;-10328
1512900;20656;-10484;-10484;20968
1513000;-10180;-10180;20360;-10136
1513100;-10136;20272;7788;7788
1513200;-15576;6820;6820;-13640
1513300;6316;6316;-12632;6028
1513400;6028;-12056;6040;6040
1513500;-12080;6060;6060;-12120
1513600;5952;5952;-11904;6064
1513700;6064;-12128;6156;6156
1513800;-12312;6116;6116;-12232
1513900;6104;6104;-12208;6152
1514000;6152;-12304;6248;6248
1514100;-12496;6324;6324;-12648
1514200;6336;6336;-12672;6344
1514300;6344;-12688;6488;6488
1514400;-12976;6488;6488;-12976
1514500;6632;6632;-13264;6572
1514600;6572;-13144;6636;6636
1514700;-13272;6720;6720;-13440
1514800;6760;6760;-13520;6804
1514900;6804;-13608;6864;6864
1515000;-13728;6940;6940;-13880
1515100;6996;6996;-13992;7036
1515200;7036;-14072;7144;7144
1515300;-14288;7156;7156;-14312
1515400;7236;7236;-14472;7316
1515500;7316;-14632;7316;7316
1515600;-14632;7920;7920;-15840
1515700;7472;7472;-14944;7636
1515800;7636;-15272;7604;7604
1515900;-15208;7688;7688;-15376
1516000;7688;7688;-15376;7820
1516100;7820;-15640;7844;7844
1516200;-15688;7924;7924;-15848
1516300;7924;7924;-15848;8008
1516400;8008;-16016;8096;8096
1516500;-16192;8180;8180;-16360
1516600;8204;8204;-16408;8336
1516700;8336;-16672;8320;8320
1516800;-16640;8584;8584;-17168
1516900;8536;8536;-17072;8640
1517000;8640;-17280;8772;8772
1517100;-17544;8740;8740;-17480
1517200;8832;8832;-17664;8836
1517300;8836;-17672;8828;8828
1517400;-17656;8840;8840;-17680
1517500;8824;8824;-17648;8840
1517600;8840;-17680;8844;8844
1517700;-17688;8868;8868;-17736
1517800;8916;8916;-17832;8908
1517900;8908;-17816;8876;8876
1518000;-17752;8900;8900;-17800
1518100;8916;8916;-17832;8848
1518200;8848;-17696;8856;8856
1518300;-17712;8860;8860;-17720
1518400;8876;8876;-17752;8912
1518500;8912;-17824;8904;8904
1518600;-17808;8640;8640;-17280
1518700;8788;8788;-17576;8980
1518800;8980;-17960;8920;8920
1518900;-17840;8880;8880;-17760
1519000;8868;8868;-17736;8948
1519100;8948;-17896;8876;8876
1519200;-17752;8888;8888;-17776
1519300;8912;8912;-17824;8920
1519400;8920;-17840;8876;8876
1519500;-17752;8872;8872;-17744
1519600;8904;8904;-17808;8908
1519700;8908;-17816;8968;8968
1519800;-17936;8920;8920;-17840
1519900;8928;8928;-17856;8892
1520000;8892;-17784;8920;8920
1520100;-17840;8920;8920;-17840
1520200;8992;8992;-17984;8952
1520300;8952;-17904;9004;9004
1520400;-18008;8876;8876;-17752
1520500;8952;8952;-17904;9024
1520600;9024;-18048;9008;9008
1520700;-18016;8996;8996;-17992
1520800;8980;8980;-17960;8940
1520900;8940;-17880;8996;8996
1521000;-17992;9012;9012;-18024
1521100;9096;9096;-18192;9064
1521200;9064;-18128;9036;9036
1521300;-18072;9148;9148;-18296
1521400;9184;9184;-18368;9212
1521500;9212;-18424;9184;9184
1521600;-18368;9256;9256;-18512
1521700;9224;9224;-18448;9236
1521800;9236;-18472;9332;9332
1521900;-18664;9468;9468;-18936
1522000;9572;9572;-19144;9508
1522100;9508;-19016;9656;9656
1522200;-19312;9672;9672;-19344
1522300;9724;9724;-19448;9684
1522400;9684;-19368;9848;9848
1522500;-19696;9840;9840;-19680
1522600;9852;9852;-19704;10032
1522700;10032;-20064;10016;10016
1522800;-20032;10004;10004;-20008
1522900;10068;10068;-20136;10180
1523000;10180;-20360;10196;10196
1523100;-20392;10156;10156;-20312
1523200;10272;10272;-20544;10336
1523300;10336;-20672;10264;10264
1523400;-20528;10408;10408;-20816
1523500;10348;10348;-20696;10552
1523600;10552;-21104;10488;10488
1523700;-20976;10620;10620;-21240
1523800;10588;10588;-21176;10724
1523900;10724;-21448;10652;10652
1524000;-21304;10748;10748;-21496
1524100;10764;10764;-21528;10760
1524200;10760;-21520;10860;10860
1524300;-21720;10896;10896;-21792
1524400;11048;11048;-22096;11004
1524500;11004;-22008;11048;11048
1524600;-22096;10988;10988;-21976
1524700;11156;11156;-22312;11148
1524800;11148;-22296;11300;11300
1524900;-22600;11256;11256;-22512
1525000;11364;11364;-22728;11288
1525100;11288;-22576;11392;11392
1525200;-22784;11424;11424;-22848
1525300;11524;11524;-23048;11512
1525400;11512;-23024;11612;11612
1525500;-23224;11680;11680;-23360
1525600;11776;11776;-23552;11816
1525700;11816;-23632;11784;11784
1525800;-23568;11936;11936;-23872
1525900;11944;11944;-23888;12024
1526000;12024;-24048;12184;12184
1526100;-24368;12068;12068;-24136
1526200;12148;12148;-24296;12240
1526300;12240;-24480;12292;12292
1526400;-24584;12356;12356;-24712
1526500;7500;7500;-15000;2876
1526600;2876;-5752;2924;2924
1526700;-5848;2960;2960;-5920
1526800;2860;2860;-5720;2896
1526900;2896;-5792;2852;2852
1527000;-5704;2908;2908;-5816
1527100;2920;2920;-5840;2892
1527200;2892;-5784;2900;2900
1527300;-5800;2932;2932;-5864
1527400;2944;2944;-5888;2920
1527500;2920;-5840;2940;2940
1527600;-5880;2908;2908;-5816
1527700;3020;3020;-6040;2920
1527800;2920;-5840;2992;2992
1527900;-5984;2976;2976;-5952
1528000;2948;2948;-5896;2956
1528100;2956;-5912;2984;2984
1528200;-5968;2952;2952;-5904
1528300;2908;2908;-5816;2872
1528400;2872;-5744;2844;2844
1528500;-5688;2848;2848;-5696
1528600;2788;2788;-5576;2804
1528700;2804;-5608;2868;2868
1528800;-5736;2748;2748;-5496
1528900;2748;2748;-5496;2760
1529000;2760;-5520;2684;2684
1529100;-5368;2644;2644;-5288
1529200;2688;2688;-5376;2664
1529300;2664;-5328;2608;2608
1529400;-5216;2612;2612;-5224
1529500;2616;2616;-5232;2564
1529600;2564;-5128;2508;2508
1529700;-5016;2528;2528;-5056
1529800;2568;2568;-5136;2660
1529900;2660;-5320;2600;2600
1530000;-5200;2692;2692;-5384
1530100;2752;2752;-5504;2688
1530200;2688;-5376;2764;2764
1530300;-5528;2856;2856;-5712
1530400;2876;2876;-5752;2948
1530500;2948;-5896;2864;2864
1530600;-5728;3048;3048;-6096
1530700;2988;2988;-5976;3048
1530800;3048;-6096;3080;3080
1530900;-6160;3184;3184;-6368
1531000;3176;3176;-6352;3264
1531100;3264;-6528;3292;3292
1531200;-6584;3416;3416;-6832
1531300;3244;3244;-6488;3240
1531400;3240;-6480;3264;3264
1531500;-6528;3228;3228;-6456
1531600;3296;3296;-6592;3236
1531700;3236;-6472;3272;3272
1531800;-6544;3244;3244;-6488
1531900;3288;3288;-6576;3312
1532000;3312;-6624;3844;3844
1532100;-7688;3340;3340;-6680
1532200;3416;3416;-6832;3416
1532300;3416;-6832;3496;3496
1532400;-6992;3468;3468;-6936
1532500;3544;3544;-7088;3568
1532600;3568;-7136;3636;3636
1532700;-7272;3668;3668;-7336
1532800;3752;3752;-7504;3800
1532900;3800;-7600;3808;3808
1533000;-7616;3900;3900;-7800
1533100;3908;3908;-7816;4000
1533200;4000;-8000;4100;4100
1533300;-8200;4072;4072;-8144
1533400;4112;4112;-8224;4164
1533500;4164;-8328;4200;4200
1533600;-8400;4204;4204;-8408
1533700;4252;4252;-8504;4288
1533800;4288;-8576;4308;4308
1533900;-8616;4356;4356;-8712
1534000;4376;4376;-8752;4408
1534100;4408;-8816;4368;4368
1534200;-8736;4452;4452;-8904
1534300;4432;4432;-8864;4460
1534400;4460;-8920;4496;4496
1534500;-8992;4644;4644;-9288
1534600;4568;4568;-9136;4620
1534700;4620;-9240;4652;4652
1534800;-9304;4668;4668;-9336
1534900;4776;4776;-9552;4896
1535000;4896;-9792;4844;4844
1535100;-9688;4896;4896;-9792
1535200;4940;4940;-9880;5024
1535300;5024;-10048;5108;5108
1535400;-10216;5164;5164;-10328
1535500;5188;5188;-10376;5280
1535600;5280;-10560;5316;5316
1535700;-10632;5344;5344;-10688
1535800;5428;5428;-10856;5464
1535900;5464;-10928;5496;5496
1536000;-10992;5520;5520;-11040
1536100;5608;5608;-11216;5636
1536200;5636;-11272;5696;5696
1536300;-11392;5644;5644;-11288
1536400;5736;5736;-11472;5744
1536500;5744;-11488;5772;5772
1536600;-11544;5808;5808;-11616
1536700;5796;5796;-11592;5840
1536800;5840;-11680;5876;5876
1536900;-11752;5860;5860;-11720
1537000;5892;5892;-11784;5916
1537100;5916;-11832;5924;5924
1537200;-11848;5872;5872;-11744
1537300;6008;6008;-12016;6032
1537400;6032;-12064;6084;6084
1537500;-12168;6088;6088;-12176
1537600;6152;6152;-12304;6156
1537700;6156;-12312;6160;6160
1537800;-12320;6236;6236;-12472
1537900;6292;6292;-12584;6424
1538000;6424;-12848;6368;6368
1538100;-12736;6488;6488;-12976
1538200;6508;6508;-13016;6524
1538300;6524;-13048;6616;6616
1538400;-13232;6640;6640;-13280
1538500;6724;6724;-13448;6716
1538600;6716;-13432;6848;6848
1538700;-13696;6844;6844;-13688
1538800;6896;6896;-13792;6952
1538900;6952;-13904;7016;7016
1539000;-14032;7044;7044;-14088
1539100;7084;7084;-14168;7144
1539200;7144;-14288;7148;7148
1539300;-14296;7252;7252;-14504
1539400;7252;7252;-14504;7268
1539500;7268;-14536;7312;7312
1539600;-14624;7344;7344;-14688
1539700;7340;7340;-14680;7428
1539800;7428;-14856;7456;7456
1539900;-14912;7404;7404;-14808
1540000;7288;7288;-14576;7344
1540100;7344;-14688;7476;7476
1540200;-14952;7432;7432;-14864
1540300;7436;7436;-14872;7492
1540400;7492;-14984;7440;7440
1540500;-14880;7456;7456;-14912
1540600;7484;7484;-14968;7428
1540700;7428;-14856;7432;7432
1540800;-14864;7376;7376;-14752
1540900;7356;7356;-14712;7336
1541000;7336;-14672;7260;7260
1541100;-14520;7288;7288;-14576
1541200;7228;7228;-14456;7096
1541300;7096;-14192;7200;7200
1541400;-14400;7148;7148;-14296
1541500;7828;7828;-15656;7100
1541600;7100;-14200;7092;7092
1541700;-14184;7084;7084;-14168
1541800;7024;7024;-14048;6968
1541900;6968;-13936;6968;6968
1542000;-13936;7060;7060;-14120
1542100;6860;6860;-13720;6864
1542200;6864;-13728;6872;6872
1542300;-13744;6776;6776;-13552
1542400;6736;6736;-13472;6712
1542500;6712;-13424;6760;6760
1542600;-13520;6648;6648;-13296
1542700;6616;6616;-13232;6596
1542800;6596;-13192;6516;6516
1542900;-13032;6492;6492;-12984
1543000;6464;6464;-12928;6468
1543100;6468;-12936;6432;6432
1543200;-12864;6384;6384;-12768
1543300;6376;6376;-12752;6284
1543400;6284;-12568;6404;6404
1543500;-12808;6204;6204;-12408
1543600;6200;6200;-12400;6160
1543700;6160;-12320;6100;6100
1543800;-12200;6052;6052;-12104
1543900;6040;6040;-12080;6020
1544000;6020;-12040;5932;5932
1544100;-11864;5916;5916;-11832
1544200;5840;5840;-11680;5828
1544300;5828;-11656;5796;5796
1544400;-11592;5724;5724;-11448
1544500;5708;5708;-11416;5664
1544600;5664;-11328;5748;5748
1544700;-11496;5596;5596;-11192
1544800;5568;5568;-11136;5532
1544900;5532;-11064;5576;5576
1545000;-11152;5520;5520;-11040
1545100;5392;5392;-10784;5376
1545200;5376;-10752;5336;5336
1545300;-10672;5228;5228;-10456
1545400;5188;5188;-10376;5100
1545500;5100;-10200;5096;5096
1545600;-10192;5108;5108;-10216
1545700;5044;5044;-10088;4968
1545800;4968;-9936;4916;4916
1545900;-9832;4900;4900;-9800
1546000;4852;4852;-9704;4888
1546100;4888;-9776;4824;4824
1546200;-9648;4800;4800;-9600
1546300;4804;4804;-9608;4764
1546400;4764;-9528;4760;4760
1546500;-9520;4704;4704;-9408
1546600;4700;4700;-9400;4724
1546700;4724;-9448;4732;4732
1546800;-9464;4800;4800;-9600
1546900;4832;4832;-9664;4732
1547000;4732;-9464;4772;4772
1547100;-9544;4732;4732;-9464
1547200;4748;4748;-9496;4824
1547300;4824;-9648;4684;4684
1547400;-9368;4708;4708;-9416
1547500;4724;4724;-9448;4688
1547600;4688;-9376;4748;4748
1547700;-9496;4644;4644;-9288
1547800;4624;4624;-9248;4572
1547900;4572;-9144;4576;4576
1548000;-9152;4600;4600;-9200
1548100;4572;4572;-9144;4508
1548200;4508;-9016;4504;4504
1548300;-9008;4816;4816;-9632
1548400;4504;4504;-9008;4536
1548500;4536;-9072;4464;4464
1548600;-8928;4436;4436;-8872
1548700;4412;4412;-8824;4456
1548800;4456;-8912;4484;4484
1548900;-8968;4360;4360;-8720
1549000;4360;4360;-8720;4332
1549100;4332;-8664;4396;4396
1549200;-8792;4328;4328;-8656
1549300;4320;4320;-8640;4264
1549400;4264;-8528;4288;4288
1549500;-8576;4280;4280;-8560
1549600;4216;4216;-8432;4232
1549700;4232;-8464;4176;4176
1549800;-8352;4236;4236;-8472
1549900;4144;4144;-8288;4168
1550000;4168;-8336;4116;4116
1550100;-8232;4116;4116;-8232
1550200;4088;4088;-8176;4040
1550300;4040;-8080;4032;4032
1550400;-8064;4068;4068;-8136
1550500;3964;3964;-7928;3956
1550600;3956;-7912;3920;3920
1550700;-7840;3852;3852;-7704
1550800;3888;3888;-7776;3804
1550900;3804;-7608;3824;3824
1551000;-7648;3780;3780;-7560
1551100;3748;3748;-7496;3768
1551200;3768;-7536;3724;3724
1551300;-7448;3660;3660;-7320
1551400;3652;3652;-7304;3644
1551500;3644;-7288;3608;3608
1551600;-7216;3612;3612;-7224
1551700;3488;3488;-6976;3492
1551800;3492;-6984;3444;3444
1551900;-6888;3384;3384;-6768
1552000;3376;3376;-6752;3356
1552100;3356;-6712;3324;3324
1552200;-6648;3224;3224;-6448
1552300;3188;3188;-6376;3188
1552400;3188;-6376;3108;3108
1552500;-6216;3044;3044;-6088
1552600;3048;3048;-6096;3032
1552700;3032;-6064;2888;2888
1552800;-5776;2880;2880;-5760
1552900;2796;2796;-5592;3452
1553000;3452;-6904;2700;2700
1553100;-5400;16132;16132;-32264
1553200;18036;18036;29464;18540
1553300;18540;28456;18748;18748
1553400;28040;18640;18640;28256
1553500;18948;18948;27640;18640
1553600;18640;28256;18544;18544
1553700;28448;18556;18556;28424
1553800;18532;18532;28472;18492
1553900;18492;28552;18444;18444
1554000;28648;18456;18456;28624
1554100;18360;18360;28816;18236
1554200;18236;29064;18224;18224
1554300;29088;18216;18216;29104
1554400;18216;18216;29104;18104
1554500;18104;29328;18068;18068
1554600;29400;17980;17980;29576
1554700;17996;17996;29544;17940
1554800;17940;29656;17880;17880
1554900;29776;17828;17828;29880
1555000;17764;17764;30008;17740
1555100;17740;30056;17688;17688
1555200;30160;17596;17596;30344
1555300;17640;17640;30256;17624
1555400;17624;30288;17612;17612
1555500;30312;17536;17536;30464
1555600;17540;17540;30456;17424
1555700;17424;30688;17432;17432
1555800;30672;17420;17420;30696
1555900;17428;17428;30680;17372
1556000;17372;30792;17316;17316
1556100;30904;17320;17320;30896
1556200;17208;17208;31120;17116
1556300;17116;31304;17160;17160
1556400;31216;17076;17076;31384
1556500;16980;16980;31576;16948
1556600;16948;31640;16964;16964
1556700;31608;16836;16836;31864
1556800;16844;16844;31848;16844
1556900;16844;31848;16880;16880
1557000;31776;16884;16884;31768
1557100;16908;16908;31720;16924
1557200;16924;31688;16876;16876
1557300;31784;16984;16984;31568
1557400;17008;17008;31520;16928
1557500;16928;31680;16996;16996
1557600;31544;16936;16936;31664
1557700;16984;16984;31568;17004
1557800;17004;31528;17312;17312
1557900;30912;17044;17044;31448
1558000;16948;16948;31640;17040
1558100;17040;31456;17048;17048
1558200;31440;17028;17028;31480
1558300;17104;17104;31328;17056
1558400;17056;31424;16956;16956
1558500;31624;16924;16924;31688
1558600;16912;16912;31712;16832
1558700;16832;31872;16788;16788
1558800;31960;16768;16768;32000
1558900;16628;16628;32280;16548
1559000;16548;32440;16584;16584
1559100;32368;16772;16772;31992
1559200;16416;16416;32704;16400
1559300;16400;32736;16324;16324
1559400;-32648;16256;16256;-32512
1559500;16152;16152;-32304;16168
1559600;16168;-32336;16068;16068
1559700;-32136;16036;16036;-32072
1559800;16000;16000;-32000;15956
1559900;15956;-31912;15888;15888
1560000;-31776;15860;15860;-31720
1560100;15784;15784;-31568;15676
1560200;15676;-31352;15736;15736
1560300;-31472;15616;15616;-31232
1560400;15532;15532;-31064;15508
1560500;15508;-31016;15472;15472
1560600;-30944;15476;15476;-30952
1560700;15372;15372;-30744;15324
1560800;15324;-30648;15364;15364
1560900;-30728;15288;15288;-30576
1561000;15296;15296;-30592;14600
1561100;14600;-29200;15164;15164
1561200;-30328;15132;15132;-30264
1561300;15244;15244;-30488;15264
1561400;15264;-30528;15268;15268
1561500;-30536;15248;15248;-30496
1561600;15412;15412;-30824;15312
1561700;15312;-30624;15368;15368
1561800;-30736;15412;15412;-30824
1561900;15408;15408;-30816;15472
1562000;15472;-30944;15456;15456
1562100;-30912;15464;15464;-30928
1562200;15584;15584;-31168;15636
1562300;15636;-31272;15144;15144
1562400;-30288;15636;15636;-31272
1562500;15624;15624;-31248;15684
1562600;15684;-31368;15660;15660
1562700;-31320;15736;15736;-31472
1562800;15672;15672;-31344;15740
1562900;15740;-31480;15712;15712
1563000;-31424;15668;15668;-31336
1563100;15628;15628;-31256;15776
1563200;15776;-31552;15704;15704
1563300;-31408;15668;15668;-31336
1563400;15664;15664;-31328;15612
1563500;15612;-31224;15740;15740
1563600;-31480;15652;15652;-31304
1563700;15688;15688;-31376;15756
1563800;15756;-31512;15628;15628
1563900;-31256;15656;15656;-31312
1564000;15692;15692;-31384;15668
1564100;15668;-31336;15616;15616
1564200;-31232;15644;15644;-31288
1564300;15636;15636;-31272;15664
1564400;15664;-31328;15656;15656
1564500;-31312;15604;15604;-31208
1564600;15628;15628;-31256;15668
1564700;15668;-31336;15528;15528
1564800;-31056;15560;15560;-31120
1564900;15592;15592;-31184;15496
1565000;15496;-30992;15592;15592
1565100;-31184;15584;15584;-31168
1565200;15568;15568;-31136;15868
1565300;15868;-31736;15552;15552
1565400;-31104;15520;15520;-31040
1565500;15444;15444;-30888;15480
1565600;15480;-30960;15576;15576
1565700;-31152;15528;15528;-31056
1565800;15564;15564;-31128;15484
1565900;15484;-30968;15512;15512
1566000;-31024;15496;15496;-30992
1566100;15620;15620;-31240;15544
1566200;15544;-31088;15500;15500
1566300;-31000;15544;15544;-31088
1566400;15592;15592;-31184;15520
1566500;15520;-31040;-8352;-8352
1566600;16704;-5920;-5920;11840
1566700;-5820;-5820;11640;-5828
1566800;-5828;11656;-5816;-5816
1566900;11632;-5788;-5788;11576
1567000;-5844;-5844;11688;-5828
1567100;-5828;11656;-5940;-5940
1567200;11880;-5776;-5776;11552
1567300;-5816;-5816;11632;-5796
1567400;-5796;11592;-5912;-5912
1567500;11824;-5796;-5796;11592
1567600;-5812;-5812;11624;-5744
1567700;-5744;11488;-5816;-5816
1567800;11632;-5780;-5780;11560
1567900;-5808;-5808;11616;-5780
1568000;-5780;11560;-5780;-5780
1568100;11560;-5768;-5768;11536
1568200;-5784;-5784;11568;-5800
1568300;-5800;11600;-5776;-5776
1568400;11552;-5812;-5812;11624
1568500;-5816;-5816;11632;-5760
1568600;-5760;11520;-5652;-5652
1568700;11304;-5792;-5792;11584
1568800;-5760;-5760;11520;-5772
1568900;-5772;11544;-5816;-5816
1569000;11632;-5856;-5856;11712
1569100;-5784;-5784;11568;-5832
1569200;-5832;11664;-5804;-5804
1569300;11608;-5812;-5812;11624
1569400;-5824;-5824;11648;-5788
1569500;-5788;11576;-5844;-5844
1569600;11688;-5772;-5772;11544
1569700;-5836;-5836;11672;-5860
1569800;-5860;11720;-5812;-5812
1569900;11624;-5856;-5856;11712
1570000;-5884;-5884;11768;-5876
1570100;-5876;11752;-5904;-5904
1570200;11808;-5944;-5944;11888
1570300;-5952;-5952;11904;-5972
1570400;-5972;11944;-6048;-6048
1570500;12096;-6060;-6060;12120
1570600;-6048;-6048;12096;-6148
1570700;-6148;12296;-6192;-6192
1570800;12384;-6172;-6172;12344
1570900;-6224;-6224;12448;-6308
1571000;-6308;12616;-6392;-6392
1571100;12784;-6392;-6392;12784
1571200;-6380;-6380;12760;-6480
1571300;-6480;12960;-6580;-6580
1571400;13160;-6512;-6512;13024
1571500;-6548;-6548;13096;-6596
1571600;-6596;13192;-6708;-6708
1571700;13416;-6596;-6596;13192
1571800;-6612;-6612;13224;-6668
1571900;-6668;13336;-6752;-6752
1572000;13504;-6752;-6752;13504
1572100;-6780;-6780;13560;-6840
1572200;-6840;13680;-6856;-6856
1572300;13712;-6852;-6852;13704
1572400;-6848;-6848;13696;-6908
1572500;-6908;13816;-6940;-6940
1572600;13880;-6952;-6952;13904
1572700;-7060;-7060;14120;-6984
1572800;-6984;13968;-6976;-6976
1572900;13952;-7080;-7080;14160
1573000;-7104;-7104;14208;-7108
1573100;-7108;14216;-7196;-7196
1573200;14392;-7100;-7100;14200
1573300;-7232;-7232;14464;-7244
1573400;-7244;14488;-7344;-7344
1573500;14688;-7596;-7596;15192
1573600;-7328;-7328;14656;-7308
1573700;-7308;14616;-7348;-7348
1573800;14696;-7388;-7388;14776
1573900;-7332;-7332;14664;-7376
1574000;-7376;14752;-7428;-7428
1574100;14856;-7436;-7436;14872
1574200;-7440;-7440;14880;-7524
1574300;-7524;15048;-7568;-7568
1574400;15136;-7596;-7596;15192
1574500;-7724;-7724;15448;-7800
1574600;-7800;15600;-7820;-7820
1574700;15640;-7868;-7868;15736
1574800;-7972;-7972;15944;-8028
1574900;-8028;16056;-8144;-8144
1575000;16288;-8180;-8180;16360
1575100;-8308;-8308;16616;-8320
1575200;-8320;16640;-8400;-8400
1575300;16800;-8536;-8536;17072
1575400;-8520;-8520;17040;-8612
1575500;-8612;17224;-8692;-8692
1575600;17384;-8848;-8848;17696
1575700;-8812;-8812;17624;-8876
1575800;-8876;17752;-8940;-8940
1575900;17880;-9064;-9064;18128
1576000;-9116;-9116;18232;-9136
1576100;-9136;18272;-9312;-9312
1576200;18624;-9200;-9200;18400
1576300;-9316;-9316;18632;-9352
1576400;-9352;18704;-9344;-9344
1576500;18688;-9240;-9240;18480
1576600;-9244;-9244;18488;-9256
1576700;-9256;18512;-9264;-9264
1576800;18528;-9216;-9216;18432
1576900;-9316;-9316;18632;-9140
1577000;-9140;18280;-9116;-9116
1577100;18232;-9136;-9136;18272
1577200;-9112;-9112;18224;-9096
1577300;-9096;18192;-9064;-9064
1577400;18128;-9048;-9048;18096
1577500;-9048;-9048;18096;-9104
1577600;-9104;18208;-8968;-8968
1577700;17936;-9096;-9096;18192
1577800;-9124;-9124;18248;-9116
1577900;-9116;18232;-9228;-9228
1578000;18456;-9180;-9180;18360
1578100;-9260;-9260;18520;-9320
1578200;-9320;18640;-9368;-9368
1578300;18736;-9348;-9348;18696
1578400;-9444;-9444;18888;-9452
1578500;-9452;18904;-9476;-9476
1578600;18952;-9560;-9560;19120
1578700;-9624;-9624;19248;-9596
1578800;-9596;19192;-9664;-9664
1578900;19328;-9672;-9672;19344
1579000;-9664;-9664;19328;-9800
1579100;-9800;19600;-9760;-9760
1579200;19520;-9812;-9812;19624
1579300;-9856;-9856;19712;-9888
1579400;-9888;19776;-10020;-10020
1579500;20040;-9944;-9944;19888
1579600;-10008;-10008;20016;-10016
1579700;-10016;20032;-10132;-10132
1579800;20264;-14872;-14872;29744
1579900;-13444;-13444;26888;-13688
1580000;-13688;27376;-13872;-13872
1580100;27744;-14396;-14396;28792
1580200;-13944;-13944;27888;-14004
1580300;-14004;28008;-14052;-14052
1580400;28104;-14020;-14020;28040
1580500;-14032;-14032;28064;-14088
1580600;-14088;28176;-13976;-13976
1580700;27952;-14004;-14004;28008
1580800;-14000;-14000;28000;-13920
1580900;-13920;27840;-13944;-13944
1581000;27888;-13940;-13940;27880
1581100;-13840;-13840;27680;-13876
1581200;-13876;27752;-13860;-13860
1581300;27720;-13824;-13824;27648
1581400;-13788;-13788;27576;-13668
1581500;-13668;27336;-13748;-13748
1581600;27496;-13784;-13784;27568
1581700;-13664;-13664;27328;-13688
1581800;-13688;27376;-13648;-13648
1581900;27296;-13648;-13648;27296
1582000;-13636;-13636;27272;-13564
1582100;-13564;27128;-13552;-13552
1582200;27104;-13492;-13492;26984
1582300;-13468;-13468;26936;-13504
1582400;-13504;27008;-13448;-13448
1582500;26896;-13372;-13372;26744
1582600;-13412;-13412;26824;-13264
1582700;-13264;26528;-13280;-13280
1582800;26560;-13240;-13240;26480
1582900;-13152;-13152;26304;-13152
1583000;-13152;26304;-13184;-13184
1583100;26368;-13100;-13100;26200
1583200;-13068;-13068;26136;-13088
1583300;-13088;26176;-12972;-12972
1583400;25944;-12964;-12964;25928
1583500;-12884;-12884;25768;-12884
1583600;-12884;25768;-12872;-12872
1583700;25744;-12848;-12848;25696
1583800;-12768;-12768;25536;-12708
1583900;-12708;25416;-12736;-12736
1584000;25472;-12728;-12728;25456
1584100;-12704;-12704;25408;-12640
1584200;-12640;25280;-12612;-12612
1584300;25224;-12568;-12568;25136
1584400;-12572;-12572;25144;-12452
1584500;-12452;24904;-12416;-12416
1584600;24832;-12388;-12388;24776
1584700;-12324;-12324;24648;-12328
1584800;-12328;24656;-12248;-12248
1584900;24496;-12200;-12200;24400
1585000;-12196;-12196;24392;-12148
1585100;-12148;24296;-12100;-12100
1585200;24200;-12092;-12092;24184
1585300;-12132;-12132;24264;-12056
1585400;-12056;24112;-12100;-12100
1585500;24200;-12068;-12068;24136
1585600;-12028;-12028;24056;-12016
1585700;-12016;24032;-12024;-12024
1585800;24048;-12044;-12044;24088
1585900;-12012;-12012;24024;-12012
1586000;-12012;24024;-12040;-12040
1586100;24080;-12064;-12064;24128
1586200;-12008;-12008;24016;-11988
1586300;-11988;23976;-12016;-12016
1586400;24032;-12464;-12464;24928
1586500;-12024;-12024;24048;-12004
1586600;-12004;24008;-12024;-12024
1586700;24048;-11964;-11964;23928
1586800;-12008;-12008;24016;-11988
1586900;-11988;23976;-12036;-12036
1587000;24072;-11996;-11996;23992
1587100;-12028;-12028;24056;-12056
1587200;-12056;24112;-12056;-12056
1587300;24112;-12032;-12032;24064
1587400;-11984;-11984;23968;-12024
1587500;-12024;24048;-11980;-11980
1587600;23960;-11944;-11944;23888
1587700;-12020;-12020;24040;-11992
1587800;-11992;23984;-12004;-12004
1587900;24008;-12028;-12028;24056
1588000;-12020;-12020;24040;-12000
1588100;-12000;24000;-11980;-11980
1588200;23960;-11952;-11952;23904
1588300;-11904;-11904;23808;-11960
1588400;-11960;23920;-12020;-12020
1588500;24040;-11964;-11964;23928
1588600;-11936;-11936;23872;-11916
1588700;-11916;23832;-11904;-11904
1588800;23808;-11948;-11948;23896
1588900;-11952;-11952;23904;-11872
1589000;-11872;23744;-11868;-11868
1589100;23736;-11884;-11884;23768
1589200;-11900;-11900;23800;-11896
1589300;-11896;23792;-11828;-11828
1589400;23656;-11792;-11792;23584
1589500;-11848;-11848;23696;-11816
1589600;-11816;23632;-11880;-11880
1589700;23760;-11756;-11756;23512
1589800;-11744;-11744;23488;-11712
1589900;-11712;23424;-11728;-11728
1590000;23456;-11696;-11696;23392
1590100;-11636;-11636;23272;-11640
1590200;-11640;23280;-11652;-11652
1590300;23304;-11636;-11636;23272
1590400;-11612;-11612;23224;-11620
1590500;-11620;23240;-11556;-11556
1590600;23112;-11548;-11548;23096
1590700;-11552;-11552;23104;-11496
1590800;-11496;22992;-11492;-11492
1590900;22984;-11380;-11380;22760
1591000;-11364;-11364;22728;-11308
1591100;-11308;22616;-11300;-11300
1591200;22600;-11276;-11276;22552
1591300;-11196;-11196;22392;-11160
1591400;-11160;22320;-11164;-11164
1591500;22328;-11128;-11128;22256
1591600;-11088;-11088;22176;-11056
1591700;-11056;22112;-11060;-11060
1591800;22120;-10984;-10984;21968
1591900;-10912;-10912;21824;-10864
1592000;-10864;21728;-10828;-10828
1592100;21656;-10796;-10796;21592
1592200;-10632;-10632;21264;-10668
1592300;-10668;21336;-10660;-10660
1592400;21320;-10628;-10628;21256
1592500;-10692;-10692;21384;-10520
1592600;-10520;21040;-10504;-10504
1592700;21008;-10480;-10480;20960
1592800;-10464;-10464;20928;-10376
1592900;-10376;20752;-10276;-10276
1593000;20552;-10208;-10208;20416
1593100;-10208;-10208;20416;-10172
1593200;-10172;20344;-10128;-10128
1593300;20256;7728;7728;-15456
1593400;6800;6800;-13600;6240
1593500;6240;-12480;6020;6020
1593600;-12040;6000;6000;-12000
1593700;5960;5960;-11920;5972
1593800;5972;-11944;6048;6048
1593900;-12096;6140;6140;-12280
1594000;6116;6116;-12232;6100
1594100;6100;-12200;6176;6176
1594200;-12352;6248;6248;-12496
1594300;6256;6256;-12512;6364
1594400;6364;-12728;6372;6372
1594500;-12744;6460;6460;-12920
1594600;6376;6376;-12752;6584
1594700;6584;-13168;6636;6636
1594800;-13272;6680;6680;-13360
1594900;6712;6712;-13424;6788
1595000;6788;-13576;6712;6712
1595100;-13424;6864;6864;-13728
1595200;6880;6880;-13760;7024
1595300;7024;-14048;6976;6976
1595400;-13952;7120;7120;-14240
1595500;7256;7256;-14512;7300
1595600;7300;-14600;7300;7300
1595700;-14600;7416;7416;-14832
1595800;7560;7560;-15120;7552
1595900;7552;-15104;7616;7616
1596000;-15232;7692;7692;-15384
1596100;7712;7712;-15424;7780
1596200;7780;-15560;7848;7848
1596300;-15696;7864;7864;-15728
1596400;7876;7876;-15752;8028
1596500;8028;-16056;8092;8092
1596600;-16184;8080;8080;-16160
1596700;8308;8308;-16616;8284
1596800;8284;-16568;8288;8288
1596900;-16576;8376;8376;-16752
1597000;8440;8440;-16880;8660
1597100;8660;-17320;8620;8620
1597200;-17240;8676;8676;-17352
1597300;8788;8788;-17576;8820
1597400;8820;-17640;8856;8856
1597500;-17712;8812;8812;-17624
1597600;8836;8836;-17672;8904
1597700;8904;-17808;8852;8852
1597800;-17704;8860;8860;-17720
1597900;8776;8776;-17552;8792
1598000;8792;-17584;8920;8920
1598100;-17840;8748;8748;-17496
1598200;8836;8836;-17672;8868
1598300;8868;-17736;8944;8944
1598400;-17888;8964;8964;-17928
1598500;8816;8816;-17632;8840
1598600;8840;-17680;8872;8872
1598700;-17744;8976;8976;-17952
1598800;8916;8916;-17832;8932
1598900;8932;-17864;8840;8840
1599000;-17680;8968;8968;-17936
1599100;8864;8864;-17728;8928
1599200;8928;-17856;8852;8852
1599300;-17704;8864;8864;-17728
1599400;8880;8880;-17760;8936
1599500;8936;-17872;8824;8824
1599600;-17648;8952;8952;-17904
1599700;8868;8868;-17736;8916
1599800;8916;-17832;9024;9024
1599900;-18048;8828;8828;-17656
1600000;8876;8876;-17752;8944
1600100;8944;-17888;8920;8920
1600200;-17840;9004;9004;-18008
1600300;8852;8852;-17704;8872
1600400;8872;-17744;8956;8956
1600500;-17912;8916;8916;-17832
1600600;8908;8908;-17816;8860
1600700;8860;-17720;8924;8924
1600800;-17848;8920;8920;-17840
1600900;9024;9024;-18048;8956
1601000;8956;-17912;8992;8992
1601100;-17984;8976;8976;-17952
1601200;9008;9008;-18016;8468
1601300;8468;-16936;9016;9016
1601400;-18032;9060;9060;-18120
1601500;9080;9080;-18160;9036
1601600;9036;-18072;9164;9164
1601700;-18328;9188;9188;-18376
1601800;9244;9244;-18488;9316
1601900;9316;-18632;9304;9304
1602000;-18608;9332;9332;-18664
1602100;9436;9436;-18872;9436
1602200;9436;-18872;9496;9496
1602300;-18992;9556;9556;-19112
1602400;9632;9632;-19264;9708
1602500;9708;-19416;9840;9840
1602600;-19680;9776;9776;-19552
1602700;9836;9836;-19672;9844
1602800;9844;-19688;9824;9824
1602900;-19648;9948;9948;-19896
1603000;9972;9972;-19944;10020
1603100;10020;-20040;10036;10036
1603200;-20072;10072;10072;-20144
1603300;10188;10188;-20376;10208
1603400;10208;-20416;10308;10308
1603500;-20616;10284;10284;-20568
1603600;10300;10300;-20600;10464
1603700;10464;-20928;10460;10460
1603800;-20920;10448;10448;-20896
1603900;10500;10500;-21000;10584
1604000;10584;-21168;10552;10552
1604100;-21104;10704;10704;-21408
1604200;10688;10688;-21376;10788
1604300;10788;-21576;10764;10764
1604400;-21528;10704;10704;-21408
1604500;10780;10780;-21560;10884
1604600;10884;-21768;10952;10952
1604700;-21904;10908;10908;-21816
1604800;10984;10984;-21968;11116
1604900;11116;-22232;11176;11176
1605000;-22352;11136;11136;-22272
1605100;11248;11248;-22496;11236
1605200;11236;-22472;11380;11380
1605300;-22760;11412;11412;-22824
1605400;11472;11472;-22944;11536
1605500;11536;-23072;11600;11600
1605600;-23200;11620;11620;-23240
1605700;11636;11636;-23272;11648
1605800;11648;-23296;11772;11772
1605900;-23544;11712;11712;-23424
1606000;11788;11788;-23576;11912
1606100;11912;-23824;11896;11896
1606200;-23792;12056;12056;-24112
1606300;12104;12104;-24208;12128
1606400;12128;-24256;12240;12240
1606500;-24480;12232;12232;-24464
1606600;12276;12276;-24552;7356
1606700;7356;-14712;2852;2852
1606800;-5704;2932;2932;-5864
1606900;2888;2888;-5776;2880
1607000;2880;-5760;2892;2892
1607100;-5784;2916;2916;-5832
1607200;2940;2940;-5880;2884
1607300;2884;-5768;2928;2928
1607400;-5856;2920;2920;-5840
1607500;2840;2840;-5680;2896
1607600;2896;-5792;2940;2940
1607700;-5880;2924;2924;-5848
1607800;2924;2924;-5848;2912
1607900;2912;-5824;2948;2948
1608000;-5896;2984;2984;-5968
1608100;3064;3064;-6128;2916
1608200;2916;-5832;2944;2944
1608300;-5888;2964;2964;-5928
1608400;2920;2920;-5840;2916
1608500;2916;-5832;2904;2904
1608600;-5808;2820;2820;-5640
1608700;2852;2852;-5704;2824
1608800;2824;-5648;2852;2852
1608900;-5704;2780;2780;-5560
1609000;2760;2760;-5520;2748
1609100;2748;-5496;2752;2752
1609200;-5504;2728;2728;-5456
1609300;2708;2708;-5416;2668
1609400;2668;-5336;2660;2660
1609500;-5320;2608;2608;-5216
1609600;2576;2576;-5152;2572
1609700;2572;-5144;2580;2580
1609800;-5160;2508;2508;-5016
1609900;2508;2508;-5016;2560
1610000;2560;-5120;2580;2580
1610100;-5160;2648;2648;-5296
1610200;2640;2640;-5280;2824
1610300;2824;-5648;2756;2756
1610400;-5512;2796;2796;-5592
1610500;2912;2912;-5824;2852
1610600;2852;-5704;2952;2952
1610700;-5904;2952;2952;-5904
1610800;2964;2964;-5928;2996
1610900;2996;-5992;3036;3036
1611000;-6072;3076;3076;-6152
1611100;3140;3140;-6280;3184
1611200;3184;-6368;3292;3292
1611300;-6584;3320;3320;-6640
1611400;3264;3264;-6528;3264
1611500;3264;-6528;3252;3252
1611600;-6504;3352;3352;-6704
1611700;3256;3256;-6512;3256
1611800;3256;-6512;3264;3264
1611900;-6528;3288;3288;-6576
1612000;3312;3312;-6624;3284
1612100;3284;-6568;3292;3292
1612200;-6584;3364;3364;-6728
1612300;3340;3340;-6680;3312
1612400;3312;-6624;3448;3448
1612500;-6896;3512;3512;-7024
1612600;3528;3528;-7056;3484
1612700;3484;-6968;3680;3680
1612800;-7360;3580;3580;-7160
1612900;3672;3672;-7344;3808
1613000;3808;-7616;3772;3772
1613100;-7544;3840;3840;-7680
1613200;3892;3892;-7784;3992
1613300;3992;-7984;3956;3956
1613400;-7912;4024;4024;-8048
1613500;4060;4060;-8120;4092
1613600;4092;-8184;4092;4092
1613700;-8184;4176;4176;-8352
1613800;4216;4216;-8432;4312
1613900;4312;-8624;4228;4228
1614000;-8456;4312;4312;-8624
1614100;4320;4320;-8640;4380
1614200;4380;-8760;4884;4884
1614300;-9768;4428;4428;-8856
1614400;4504;4504;-9008;4460
1614500;4460;-8920;4616;4616
1614600;-9232;4492;4492;-8984
1614700;4564;4564;-9128;4556
1614800;4556;-9112;4680;4680
1614900;-9360;4768;4768;-9536
1615000;4660;4660;-9320;4728
1615100;4728;-9456;4824;4824
1615200;-9648;4852;4852;-9704
1615300;4872;4872;-9744;4924
1615400;4924;-9848;5024;5024
1615500;-10048;5040;5040;-10080
1615600;5036;5036;-10072;5200
1615700;5200;-10400;5180;5180
1615800;-10360;5248;5248;-10496
1615900;5368;5368;-10736;5372
1616000;5372;-10744;5452;5452
1616100;-10904;5588;5588;-11176
1616200;5576;5576;-11152;5592
1616300;5592;-11184;5600;5600
1616400;-11200;5688;5688;-11376
1616500;5668;5668;-11336;5744
1616600;5744;-11488;5744;5744
1616700;-11488;5768;5768;-11536
1616800;5776;5776;-11552;5832
1616900;5832;-11664;5904;5904
1617000;-11808;5908;5908;-11816
1617100;5764;5764;-11528;5868
1617200;5868;-11736;5928;5928
1617300;-11856;5924;5924;-11848
1617400;5932;5932;-11864;6008
1617500;6008;-12016;6016;6016
1617600;-12032;6052;6052;-12104
1617700;6088;6088;-12176;6116
1617800;6116;-12232;6176;6176
1617900;-12352;6184;6184;-12368
1618000;6276;6276;-12552;6284
1618100;6284;-12568;6336;6336
1618200;-12672;6416;6416;-12832
1618300;6444;6444;-12888;6520
1618400;6520;-13040;6532;6532
1618500;-13064;6872;6872;-13744
1618600;6608;6608;-13216;6696
1618700;6696;-13392;6760;6760
1618800;-13520;6808;6808;-13616
1618900;6864;6864;-13728;6900
1619000;6900;-13800;6932;6932
1619100;-13864;7012;7012;-14024
1619200;7040;7040;-14080;7112
1619300;7112;-14224;7136;7136
1619400;-14272;7552;7552;-15104
1619500;7236;7236;-14472;7268
1619600;7268;-14536;7320;7320
1619700;-14640;7380;7380;-14760
1619800;7336;7336;-14672;7416
1619900;7416;-14832;7460;7460
1620000;-14920;7236;7236;-14472
1620100;7892;7892;-15784;7436
1620200;7436;-14872;7424;7424
1620300;-14848;7412;7412;-14824
1620400;7432;7432;-14864;7496
1620500;7496;-14992;7416;7416
1620600;-14832;7544;7544;-15088
1620700;7436;7436;-14872;7424
1620800;7424;-14848;7408;7408
1620900;-14816;7360;7360;-14720
1621000;7416;7416;-14832;7380
1621100;7380;-14760;7332;7332
1621200;-14664;7340;7340;-14680
1621300;7300;7300;-14600;7252
1621400;7252;-14504;7172;7172
1621500;-14344;7156;7156;-14312
1621600;7140;7140;-14280;7600
1621700;7600;-15200;7112;7112
1621800;-14224;7068;7068;-14136
1621900;7076;7076;-14152;6976
1622000;6976;-13952;6988;6988
1622100;-13976;6984;6984;-13968
1622200;6888;6888;-13776;6884
1622300;6884;-13768;6844;6844
1622400;-13688;6772;6772;-13544
1622500;6792;6792;-13584;6736
1622600;6736;-13472;6640;6640
1622700;-13280;6644;6644;-13288
1622800;6620;6620;-13240;6744
1622900;6744;-13488;6552;6552
1623000;-13104;6564;6564;-13128
1623100;6456;6456;-12912;6448
1623200;6448;-12896;6456;6456
1623300;-12912;6388;6388;-12776
1623400;6332;6332;-12664;6340
1623500;6340;-12680;6332;6332
1623600;-12664;6916;6916;-13832
1623700;6248;6248;-12496;6156
1623800;6156;-12312;6124;6124
1623900;-12248;6112;6112;-12224
1624000;6060;6060;-12120;6048
1624100;6048;-12096;5976;5976
1624200;-11952;5948;5948;-11896
1624300;5948;5948;-11896;5848
1624400;5848;-11696;5848;5848
1624500;-11696;5784;5784;-11568
1624600;5764;5764;-11528;5736
1624700;5736;-11472;5668;5668
1624800;-11336;5636;5636;-11272
1624900;5624;5624;-11248;5460
1625000;5460;-10920;5472;5472
1625100;-10944;5448;5448;-10896
1625200;5484;5484;-10968;5364
1625300;5364;-10728;5384;5384
1625400;-10768;5796;5796;-11592
1625500;5224;5224;-10448;5180
1625600;5180;-10360;5180;5180
1625700;-10360;5088;5088;-10176
1625800;5068;5068;-10136;5032
1625900;5032;-10064;4972;4972
1626000;-9944;4912;4912;-9824
1626100;4872;4872;-9744;4836
1626200;4836;-9672;4800;4800
1626300;-9600;4800;4800;-9600
1626400;4800;4800;-9600;4840
1626500;4840;-9680;4752;4752
1626600;-9504;4756;4756;-9512
1626700;4752;4752;-9504;4720
1626800;4720;-9440;4676;4676
1626900;-9352;4736;4736;-9472
1627000;4776;4776;-9552;4700
1627100;4700;-9400;4764;4764
1627200;-9528;4776;4776;-9552
1627300;4732;4732;-9464;4728
1627400;4728;-9456;4672;4672
1627500;-9344;4692;4692;-9384
1627600;4696;4696;-9392;4756
1627700;4756;-9512;4620;4620
1627800;-9240;4580;4580;-9160
1627900;4612;4612;-9224;4632
1628000;4632;-9264;4596;4596
1628100;-9192;4544;4544;-9088
1628200;4568;4568;-9136;4532
1628300;4532;-9064;4480;4480
1628400;-8960;4548;4548;-9096
1628500;4464;4464;-8928;4500
1628600;4500;-9000;4468;4468
1628700;-8936;4500;4500;-9000
1628800;4532;4532;-9064;4428
1628900;4428;-8856;4396;4396
1629000;-8792;4412;4412;-8824
1629100;4440;4440;-8880;4956
1629200;4956;-9912;4336;4336
1629300;-8672;4344;4344;-8688
1629400;4324;4324;-8648;4328
1629500;4328;-8656;4252;4252
1629600;-8504;4236;4236;-8472
1629700;4240;4240;-8480;4228
1629800;4228;-8456;4140;4140
1629900;-8280;4224;4224;-8448
1630000;4148;4148;-8296;4148
1630100;4148;-8296;4124;4124
1630200;-8248;4136;4136;-8272
1630300;4100;4100;-8200;4048
1630400;4048;-8096;3980;3980
1630500;-7960;4016;4016;-8032
1630600;4012;4012;-8024;4004
1630700;4004;-8008;3972;3972
1630800;-7944;3932;3932;-7864
1630900;3892;3892;-7784;3872
1631000;3872;-7744;3912;3912
1631100;-7824;3840;3840;-7680
1631200;4476;4476;-8952;3800
1631300;3800;-7600;3748;3748
1631400;-7496;3700;3700;-7400
1631500;3712;3712;-7424;3636
1631600;3636;-7272;3620;3620
1631700;-7240;3592;3592;-7184
1631800;3528;3528;-7056;3512
1631900;3512;-7024;3452;3452
1632000;-6904;3412;3412;-6824
1632100;3464;3464;-6928;3316
1632200;3316;-6632;3300;3300
1632300;-6600;3296;3296;-6592
1632400;3220;3220;-6440;3220
1632500;3220;-6440;3124;3124
1632600;-6248;3088;3088;-6176
1632700;3064;3064;-6128;3076
1632800;3076;-6152;2940;2940
1632900;-5880;2936;2936;-5872
1633000;2920;2920;-5840;2828
1633100;2828;-5656;2748;2748
1633200;-5496;2716;2716;-5432
1633300;2676;2676;-5352;16096
1633400;16096;-32192;17936;17936
1633500;29664;18552;18552;28432
1633600;18592;18592;28352;18644
1633700;18644;28248;18592;18592
1633800;28352;18608;18608;28320
1633900;18468;18468;28600;18424
1634000;18424;28688;18332;18332
1634100;28872;18392;18392;28752
1634200;18416;18416;28704;18376
1634300;18376;28784;18240;18240
1634400;29056;18240;18240;29056
1634500;18172;18172;29192;18136
1634600;18136;29264;18052;18052
1634700;29432;17960;17960;29616
1634800;17976;17976;29584;17964
1634900;17964;29608;17916;17916
1635000;29704;17908;17908;29720
1635100;17808;17808;29920;17792
1635200;17792;29952;17796;17796
1635300;29944;17716;17716;30104
1635400;17640;17640;30256;17656
1635500;17656;30224;17988;17988
1635600;29560;17508;17508;30520
1635700;17532;17532;30472;17516
1635800;17516;30504;17404;17404
1635900;30728;17432;17432;30672
1636000;17472;17472;30592;17316
1636100;17316;30904;17408;17408
1636200;30720;17240;17240;31056
1636300;17264;17264;31008;17272
1636400;17272;30992;17144;17144
1636500;31248;17132;17132;31272
1636600;16948;16948;31640;16996
1636700;16996;31544;16964;16964
1636800;31608;16924;16924;31688
1636900;16932;16932;31672;16900
1637000;16900;31736;16872;16872
1637100;31792;16908;16908;31720
1637200;16912;16912;31712;16876
1637300;16876;31784;17020;17020
1637400;31496;16924;16924;31688
1637500;16920;16920;31696;17108
1637600;17108;31320;16964;16964
1637700;31608;16968;16968;31600
1637800;16944;16944;31648;16996
1637900;16996;31544;16992;16992
1638000;31552;16960;16960;31616
1638100;17036;17036;31464;17052
1638200;17052;31432;17088;17088
1638300;31360;17092;17092;31352
1638400;17052;17052;31432;17100
1638500;17100;31336;17000;17000
1638600;31536;17028;17028;31480
1638700;16928;16928;31680;16860
1638800;16860;31816;16784;16784
1638900;31968;16712;16712;32112
1639000;16708;16708;32120;16672
1639100;16672;32192;16524;16524
1639200;32488;16576;16576;32384
1639300;16404;16404;32728;16380
1639400;16380;-32760;16436;16436
1639500;32664;16288;16288;-32576
1639600;16300;16300;-32600;16136
1639700;16136;-32272;16156;16156
1639800;-32312;16108;16108;-32216
1639900;16024;16024;-32048;15932
1640000;15932;-31864;15932;15932
1640100;-31864;15976;15976;-31952
1640200;15836;15836;-31672;15792
1640300;15792;-31584;15732;15732
1640400;-31464;15724;15724;-31448
1640500;15656;15656;-31312;15660
1640600;15660;-31320;15500;15500
1640700;-31000;15436;15436;-30872
1640800;15480;15480;-30960;15936
1640900;15936;-31872;15344;15344
1641000;-30688;15360;15360;-30720
1641100;15292;15292;-30584;15316
1641200;15316;-30632;15220;15220
1641300;-30440;15220;15220;-30440
1641400;15192;15192;-30384;15200
1641500;15200;-30400;15180;15180
1641600;-30360;15260;15260;-30520
1641700;15288;15288;-30576;15344
1641800;15344;-30688;15388;15388
1641900;-30776;15288;15288;-30576
1642000;15452;15452;-30904;15352
1642100;15352;-30704;15460;15460
1642200;-30920;15368;15368;-30736
1642300;15468;15468;-30936;15540
1642400;15540;-31080;15552;15552
1642500;-31104;15624;15624;-31248
1642600;15688;15688;-31376;15608
1642700;15608;-31216;15684;15684
1642800;-31368;15636;15636;-31272
1642900;15876;15876;-31752;15696
1643000;15696;-31392;15696;15696
1643100;-31392;15728;15728;-31456
1643200;15684;15684;-31368;15660
1643300;15660;-31320;15660;15660
1643400;-31320;15708;15708;-31416
1643500;15748;15748;-31496;15712
1643600;15712;-31424;15692;15692
1643700;-31384;15624;15624;-31248
1643800;15640;15640;-31280;15680
1643900;15680;-31360;15688;15688
1644000;-31376;15584;15584;-31168
1644100;15664;15664;-31328;15656
1644200;15656;-31312;15652;15652
1644300;-31304;15676;15676;-31352
1644400;15700;15700;-31400;15616
1644500;15616;-31232;15624;15624
1644600;-31248;15608;15608;-31216
1644700;15632;15632;-31264;15640
1644800;15640;-31280;15732;15732
1644900;-31464;15648;15648;-31296
1645000;15624;15624;-31248;15620
1645100;15620;-31240;15620;15620
1645200;-31240;15544;15544;-31088
1645300;15664;15664;-31328;15648
1645400;15648;-31296;15560;15560
1645500;-31120;15596;15596;-31192
1645600;15548;15548;-31096;15532
1645700;15532;-31064;15648;15648
1645800;-31296;15556;15556;-31112
1645900;15568;15568;-31136;15532
1646000;15532;-31064;15536;15536
1646100;-31072;15552;15552;-31104
1646200;15548;15548;-31096;15540
1646300;15540;-31080;15576;15576
1646400;-31152;15532;15532;-31064
1646500;15528;15528;-31056;15424
1646600;15424;-30848;15604;15604
1646700;-31208;-8284;-8284;16568
1646800;-5952;-5952;11904;-5880
1646900;-5880;11760;-5872;-5872
1647000;11744;-5764;-5764;11528
1647100;-5812;-5812;11624;-5804
1647200;-5804;11608;-5828;-5828
1647300;11656;-5760;-5760;11520
1647400;-5788;-5788;11576;-5792
1647500;-5792;11584;-5772;-5772
1647600;11544;-5796;-5796;11592
1647700;-5812;-5812;11624;-5832
1647800;-5832;11664;-5908;-5908
1647900;11816;-5756;-5756;11512
1648000;-5780;-5780;11560;-5776
1648100;-5776;11552;-5796;-5796
1648200;11592;-5724;-5724;11448
1648300;-5772;-5772;11544;-5792
1648400;-5792;11584;-5824;-5824
1648500;11648;-5732;-5732;11464
1648600;-5760;-5760;11520;-5768
1648700;-5768;11536;-5760;-5760
1648800;11520;-5744;-5744;11488
1648900;-5776;-5776;11552;-5800
1649000;-5800;11600;-5760;-5760
1649100;11520;-5816;-5816;11632
1649200;-5808;-5808;11616;-5756
1649300;-5756;11512;-5776;-5776
1649400;11552;-5824;-5824;11648
1649500;-5788;-5788;11576;-5816
1649600;-5816;11632;-5796;-5796
1649700;11592;-5856;-5856;11712
1649800;-5908;-5908;11816;-5812
1649900;-5812;11624;-5820;-5820
1650000;11640;-5892;-5892;11784
1650100;-5896;-5896;11792;-5852
1650200;-5852;11704;-5888;-5888
1650300;11776;-5908;-5908;11816
1650400;-5924;-5924;11848;-5976
1650500;-5976;11952;-5960;-5960
1650600;11920;-6020;-6020;12040
1650700;-6032;-6032;12064;-6348
1650800;-6348;12696;-6092;-6092
1650900;12184;-6140;-6140;12280
1651000;-6172;-6172;12344;-6260
1651100;-6260;12520;-6304;-6304
1651200;12608;-6352;-6352;12704
1651300;-6392;-6392;12784;-6456
1651400;-6456;12912;-6420;-6420
1651500;12840;-6536;-6536;13072
1651600;-6600;-6600;13200;-6540
1651700;-6540;13080;-6596;-6596
1651800;13192;-6660;-6660;13320
1651900;-6616;-6616;13232;-6576
1652000;-6576;13152;-6680;-6680
1652100;13360;-6748;-6748;13496
1652200;-6760;-6760;13520;-6836
1652300;-6836;13672;-6740;-6740
1652400;13480;-6808;-6808;13616
1652500;-6852;-6852;13704;-6896
1652600;-6896;13792;-6936;-6936
1652700;13872;-6916;-6916;13832
1652800;-6916;-6916;13832;-6980
1652900;-6980;13960;-7004;-7004
1653000;14008;-7016;-7016;14032
1653100;-7092;-7092;14184;-7100
1653200;-7100;14200;-7168;-7168
1653300;14336;-7156;-7156;14312
1653400;-7224;-7224;14448;-7260
1653500;-7260;14520;-7368;-7368
1653600;14736;-7304;-7304;14608
1653700;-7328;-7328;14656;-7296
1653800;-7296;14592;-7260;-7260
1653900;14520;-7332;-7332;14664
1654000;-7344;-7344;14688;-7380
1654100;-7380;14760;-7292;-7292
1654200;14584;-7392;-7392;14784
1654300;-7408;-7408;14816;-7444
1654400;-7444;14888;-7520;-7520
1654500;15040;-7564;-7564;15128
1654600;-7668;-7668;15336;-7652
1654700;-7652;15304;-7744;-7744
1654800;15488;-7832;-7832;15664
1654900;-7904;-7904;15808;-7940
1655000;-7940;15880;-8052;-8052
1655100;16104;-8080;-8080;16160
1655200;-8180;-8180;16360;-8280
1655300;-8280;16560;-8408;-8408
1655400;16816;-8476;-8476;16952
1655500;-8548;-8548;17096;-8544
1655600;-8544;17088;-8644;-8644
1655700;17288;-8708;-8708;17416
1655800;-8740;-8740;17480;-8820
1655900;-8820;17640;-8904;-8904
1656000;17808;-9024;-9024;18048
1656100;-9120;-9120;18240;-9108
1656200;-9108;18216;-9144;-9144
1656300;18288;-9160;-9160;18320
1656400;-9228;-9228;18456;-9256
1656500;-9256;18512;-9332;-9332
1656600;18664;-9344;-9344;18688
1656700;-9308;-9308;18616;-9284
1656800;-9284;18568;-9224;-9224
1656900;18448;-9268;-9268;18536
1657000;-9252;-9252;18504;-9216
1657100;-9216;18432;-9208;-9208
1657200;18416;-9164;-9164;18328
1657300;-9060;-9060;18120;-9080
1657400;-9080;18160;-9088;-9088
1657500;18176;-9108;-9108;18216
1657600;-9024;-9024;18048;-9056
1657700;-9056;18112;-9092;-9092
1657800;18184;-9076;-9076;18152
1657900;-9084;-9084;18168;-9104
1658000;-9104;18208;-9148;-9148
1658100;18296;-9204;-9204;18408
1658200;-9236;-9236;18472;-9300
1658300;-9300;18600;-9260;-9260
1658400;18520;-9400;-9400;18800
1658500;-9420;-9420;18840;-9476
1658600;-9476;18952;-9592;-9592
1658700;19184;-9504;-9504;19008
1658800;-9564;-9564;19128;-9608
1658900;-9608;19216;-9616;-9616
1659000;19232;-9664;-9664;19328
1659100;-9708;-9708;19416;-9792
1659200;-9792;19584;-9752;-9752
1659300;19504;-9772;-9772;19544
1659400;-9880;-9880;19760;-9860
1659500;-9860;19720;-9864;-9864
1659600;19728;-10004;-10004;20008
1659700;-9920;-9920;19840;-10004
1659800;-10004;20008;-10000;-10000
1659900;20000;-10056;-10056;20112
1660000;-14864;-14864;29728;-13376
1660100;-13376;26752;-13628;-13628
1660200;27256;-13820;-13820;27640
1660300;-13936;-13936;27872;-14000
1660400;-14000;28000;-13964;-13964
1660500;27928;-13980;-13980;27960
1660600;-14012;-14012;28024;-14028
1660700;-14028;28056;-14008;-14008
1660800;28016;-13964;-13964;27928
1660900;-13972;-13972;27944;-13964
1661000;-13964;27928;-13952;-13952
1661100;27904;-13928;-13928;27856
1661200;-13868;-13868;27736;-13884
1661300;-13884;27768;-13884;-13884
1661400;27768;-13840;-13840;27680
1661500;-13792;-13792;27584;-13812
1661600;-13812;27624;-13740;-13740
1661700;27480;-13744;-13744;27488
1661800;-14232;-14232;28464;-13704
1661900;-13704;27408;-13700;-13700
1662000;27400;-13648;-13648;27296
1662100;-13628;-13628;27256;-13656
1662200;-13656;27312;-13612;-13612
1662300;27224;-13588;-13588;27176
1662400;-13512;-13512;27024;-13452
1662500;-13452;26904;-13444;-13444
1662600;26888;-13340;-13340;26680
1662700;-13400;-13400;26800;-13348
1662800;-13348;26696;-13280;-13280
1662900;26560;-13244;-13244;26488
1663000;-13240;-13240;26480;-13140
1663100;-13140;26280;-13160;-13160
1663200;26320;-13152;-13152;26304
1663300;-13060;-13060;26120;-13004
1663400;-13004;26008;-13032;-13032
1663500;26064;-13000;-13000;26000
1663600;-12920;-12920;25840;-12900
1663700;-12900;25800;-12904;-12904
1663800;25808;-12924;-12924;25848
1663900;-12780;-12780;25560;-12820
1664000;-12820;25640;-12768;-12768
1664100;25536;-12696;-12696;25392
1664200;-12656;-12656;25312;-12644
1664300;-12644;25288;-12644;-12644
1664400;25288;-12512;-12512;25024
1664500;-12508;-12508;25016;-12520
1664600;-12520;25040;-12500;-12500
1664700;25000;-12436;-12436;24872
1664800;-12372;-12372;24744;-12216
1664900;-12216;24432;-12308;-12308
1665000;24616;-12276;-12276;24552
1665100;-12220;-12220;24440;-12180
1665200;-12180;24360;-12184;-12184
1665300;24368;-12104;-12104;24208
1665400;-12128;-12128;24256;-12064
1665500;-12064;24128;-12056;-12056
1665600;24112;-12052;-12052;24104
1665700;-12072;-12072;24144;-12000
1665800;-12000;24000;-12000;-12000
1665900;24000;-12008;-12008;24016
1666000;-12060;-12060;24120;-12004
1666100;-12004;24008;-12008;-12008
1666200;24016;-11972;-11972;23944
1666300;-11936;-11936;23872;-11976
1666400;-11976;23952;-11952;-11952
1666500;23904;-11972;-11972;23944
1666600;-12016;-12016;24032;-12048
1666700;-12048;24096;-11988;-11988
1666800;23976;-12004;-12004;24008
1666900;-11928;-11928;23856;-11952
1667000;-11952;23904;-11952;-11952
1667100;23904;-12024;-12024;24048
1667200;-12036;-12036;24072;-11996
1667300;-11996;23992;-12024;-12024
1667400;24048;-12000;-12000;24000
1667500;-12008;-12008;24016;-12020
1667600;-12020;24040;-12040;-12040
1667700;24080;-12068;-12068;24136
1667800;-11980;-11980;23960;-12048
1667900;-12048;24096;-12056;-12056
1668000;24112;-12012;-12012;24024
1668100;-11984;-11984;23968;-11992
1668200;-11992;23984;-12020;-12020
1668300;24040;-12056;-12056;24112
1668400;-11956;-11956;23912;-11984
1668500;-11984;23968;-11948;-11948
1668600;23896;-11932;-11932;23864
1668700;-11960;-11960;23920;-11944
1668800;-11944;23888;-12004;-12004
1668900;24008;-11888;-11888;23776
1669000;-11916;-11916;23832;-11908
1669100;-11908;23816;-11892;-11892
1669200;23784;-11896;-11896;23792
1669300;-11888;-11888;23776;-11844
1669400;-11844;23688;-11824;-11824
1669500;23648;-11824;-11824;23648
1669600;-11856;-11856;23712;-11804
1669700;-11804;23608;-11744;-11744
1669800;23488;-11776;-11776;23552
1669900;-11764;-11764;23528;-11724
1670000;-11724;23448;-11720;-11720
1670100;23440;-11708;-11708;23416
1670200;-11736;-11736;23472;-11712
1670300;-11712;23424;-11644;-11644
1670400;23288;-11600;-11600;23200
1670500;-11616;-11616;23232;-11656
1670600;-11656;23312;-11632;-11632
1670700;23264;-11572;-11572;23144
1670800;-11504;-11504;23008;-11532
1670900;-11532;23064;-11560;-11560
1671000;23120;-11440;-11440;22880
1671100;-11404;-11404;22808;-11416
1671200;-11416;22832;-11324;-11324
1671300;22648;-11356;-11356;22712
1671400;-11216;-11216;22432;-11212
1671500;-11212;22424;-11164;-11164
1671600;22328;-11188;-11188;22376
1671700;-11172;-11172;22344;-11112
1671800;-11112;22224;-11088;-11088
1671900;22176;-11088;-11088;22176
1672000;-10972;-10972;21944;-10880
1672100;-10880;21760;-10828;-10828
1672200;21656;-10856;-10856;21712
1672300;-10828;-10828;21656;-10788
1672400;-10788;21576;-10696;-10696
1672500;21392;-10724;-10724;21448
1672600;-10572;-10572;21144;-10576
1672700;-10576;21152;-10540;-10540
1672800;21080;-10460;-10460;20920
1672900;-10472;-10472;20944;-10420
1673000;-10420;20840;-10376;-10376
1673100;20752;-10124;-10124;20248
1673200;-10176;-10176;20352;-10160
1673300;-10160;20320;-10124;-10124
1673400;20248;-10116;-10116;20232
1673500;7736;7736;-15472;6880
1673600;6880;-13760;6260;6260
1673700;-12520;6040;6040;-12080
1673800;5972;5972;-11944;6012
1673900;6012;-12024;5972;5972
1674000;-11944;6064;6064;-12128
1674100;6076;6076;-12152;6136
1674200;6136;-12272;6092;6092
1674300;-12184;6276;6276;-12552
1674400;6256;6256;-12512;6324
1674500;6324;-12648;6296;6296
1674600;-12592;6364;6364;-12728
1674700;6416;6416;-12832;6512
1674800;6512;-13024;6572;6572
1674900;-13144;6620;6620;-13240
1675000;6656;6656;-13312;6748
1675100;6748;-13496;6860;6860
1675200;-13720;6820;6820;-13640
1675300;7040;7040;-14080;6884
1675400;6884;-13768;6988;6988
1675500;-13976;7064;7064;-14128
1675600;7236;7236;-14472;7116
1675700;7116;-14232;7268;7268
1675800;-14536;7272;7272;-14544
1675900;7444;7444;-14888;7480
1676000;7480;-14960;7508;7508
1676100;-15016;7628;7628;-15256
1676200;7532;7532;-15064;7780
1676300;7780;-15560;7736;7736
1676400;-15472;7840;7840;-15680
1676500;7528;7528;-15056;7956
1676600;7956;-15912;8060;8060
1676700;-16120;8108;8108;-16216
1676800;8248;8248;-16496;8324
1676900;8324;-16648;8324;8324
1677000;-16648;8368;8368;-16736
1677100;8376;8376;-16752;8528
1677200;8528;-17056;8548;8548
1677300;-17096;8640;8640;-17280
1677400;8712;8712;-17424;8776
1677500;8776;-17552;8776;8776
1677600;-17552;8936;8936;-17872
1677700;8836;8836;-17672;8860
1677800;8860;-17720;8944;8944
1677900;-17888;8836;8836;-17672
1678000;8892;8892;-17784;8800
1678100;8800;-17600;8860;8860
1678200;-17720;8868;8868;-17736
1678300;8940;8940;-17880;8864
1678400;8864;-17728;8924;8924
1678500;-17848;8900;8900;-17800
1678600;8884;8884;-17768;8964
1678700;8964;-17928;8796;8796
1678800;-17592;8912;8912;-17824
1678900;8912;8912;-17824;8904
1679000;8904;-17808;8848;8848
1679100;-17696;8884;8884;-17768
1679200;8796;8796;-17592;8868
1679300;8868;-17736;8876;8876
1679400;-17752;8884;8884;-17768
1679500;8904;8904;-17808;8916
1679600;8916;-17832;8844;8844
1679700;-17688;8924;8924;-17848
1679800;8920;8920;-17840;8940
1679900;8940;-17880;8976;8976
1680000;-17952;8892;8892;-17784
1680100;8928;8928;-17856;8844
1680200;8844;-17688;8900;8900
1680300;-17800;8940;8940;-17880
1680400;8824;8824;-17648;8924
1680500;8924;-17848;8964;8964
1680600;-17928;8860;8860;-17720
1680700;8940;8940;-17880;8936
1680800;8936;-17872;8924;8924
1680900;-17848;8944;8944;-17888
1681000;8952;8952;-17904;8956
1681100;8956;-17912;8936;8936
1681200;-17872;8996;8996;-17992
1681300;8988;8988;-17976;9028
1681400;9028;-18056;9044;9044
1681500;-18088;9032;9032;-18064
1681600;9096;9096;-18192;9088
1681700;9088;-18176;9248;9248
1681800;-18496;9144;9144;-18288
1681900;9172;9172;-18344;9240
1682000;9240;-18480;9268;9268
1682100;-18536;9376;9376;-18752
1682200;9440;9440;-18880;9472
1682300;9472;-18944;9512;9512
1682400;-19024;9524;9524;-19048
1682500;9608;9608;-19216;9700
1682600;9700;-19400;9740;9740
1682700;-19480;9636;9636;-19272
1682800;9912;9912;-19824;9816
1682900;9816;-19632;9924;9924
1683000;-19848;9868;9868;-19736
1683100;10016;10016;-20032;10032
1683200;10032;-20064;10088;10088
1683300;-20176;10080;10080;-20160
1683400;10120;10120;-20240;10208
1683500;10208;-20416;10304;10304
1683600;-20608;9748;9748;-19496
1683700;10328;10328;-20656;10412
1683800;10412;-20824;10448;10448
1683900;-20896;10504;10504;-21008
1684000;10560;10560;-21120;10588
1684100;10588;-21176;10564;10564
1684200;-21128;10620;10620;-21240
1684300;10792;10792;-21584;10712
1684400;10712;-21424;10772;10772
1684500;-21544;10760;10760;-21520
1684600;10960;10960;-21920;10844
1684700;10844;-21688;10956;10956
1684800;-21912;10968;10968;-21936
1684900;10836;10836;-21672;11072
1685000;11072;-22144;11088;11088
1685100;-22176;11160;11160;-22320
1685200;11184;11184;-22368;11356
1685300;11356;-22712;11308;11308
1685400;-22616;11360;11360;-22720
1685500;11432;11432;-22864;11516
1685600;11516;-23032;11648;11648
1685700;-23296;11596;11596;-23192
1685800;11636;11636;-23272;11720
1685900;11720;-23440;11736;11736
1686000;-23472;11720;11720;-23440
1686100;11848;11848;-23696;11844
1686200;11844;-23688;11916;11916
1686300;-23832;11984;11984;-23968
1686400;11808;11808;-23616;12188
1686500;12188;-24376;12148;12148
1686600;-24296;12264;12264;-24528
1686700;12252;12252;-24504;12316
1686800;12316;-24632;7344;7344
1686900;-14688;2872;2872;-5744
1687000;2908;2908;-5816;2916
1687100;2916;-5832;2912;2912
1687200;-5824;2920;2920;-5840
1687300;2920;2920;-5840;2884
1687400;2884;-5768;2920;2920
1687500;-5840;2892;2892;-5784
1687600;3004;3004;-6008;2908
1687700;2908;-5816;2952;2952
1687800;-5904;2932;2932;-5864
1687900;2980;2980;-5960;2908
1688000;2908;-5816;2940;2940
1688100;-5880;2936;2936;-5872
1688200;2956;2956;-5912;2944
1688300;2944;-5888;3020;3020
1688400;-6040;2916;2916;-5832
1688500;2940;2940;-5880;2912
1688600;2912;-5824;2880;2880
1688700;-5760;2800;2800;-5600
1688800;2992;2992;-5984;2780
1688900;2780;-5560;2820;2820
1689000;-5640;2788;2788;-5576
1689100;2748;2748;-5496;2776
1689200;2776;-5552;2744;2744
1689300;-5488;2724;2724;-5448
1689400;2728;2728;-5456;2692
1689500;2692;-5384;2652;2652
1689600;-5304;2696;2696;-5392
1689700;2636;2636;-5272;2600
1689800;2600;-5200;2596;2596
1689900;-5192;2600;2600;-5200
1690000;2628;2628;-5256;2512
1690100;2512;-5024;2584;2584
1690200;-5168;2640;2640;-5280
1690300;2664;2664;-5328;2676
1690400;2676;-5352;2672;2672
1690500;-5344;2764;2764;-5528
1690600;2824;2824;-5648;2888
1690700;2888;-5776;2844;2844
1690800;-5688;2908;2908;-5816
1690900;2940;2940;-5880;3056
1691000;3056;-6112;3020;3020
1691100;-6040;3076;3076;-6152
1691200;3172;3172;-6344;3204
1691300;3204;-6408;3220;3220
1691400;-6440;3280;3280;-6560
1691500;3216;3216;-6432;3216
1691600;3216;-6432;3248;3248
1691700;-6496;3272;3272;-6544
1691800;3364;3364;-6728;3256
1691900;3256;-6512;3272;3272
1692000;-6544;3272;3272;-6544
1692100;3292;3292;-6584;3272
1692200;3272;-6544;3296;3296
1692300;-6592;3352;3352;-6704
1692400;3340;3340;-6680;3368
1692500;3368;-6736;3392;3392
1692600;-6784;3528;3528;-7056
1692700;3436;3436;-6872;3576
1692800;3576;-7152;3656;3656
1692900;-7312;3656;3656;-7312
1693000;3696;3696;-7392;3760
1693100;3760;-7520;3784;3784
1693200;-7568;3792;3792;-7584
1693300;3840;3840;-7680;3888
1693400;3888;-7776;3952;3952
1693500;-7904;3968;3968;-7936
1693600;4064;4064;-8128;4088
1693700;4088;-8176;4096;4096
1693800;-8192;4164;4164;-8328
1693900;4192;4192;-8384;4228
1694000;4228;-8456;4196;4196
1694100;-8392;4284;4284;-8568
1694200;4340;4340;-8680;4412
1694300;4412;-8824;4372;4372
1694400;-8744;4428;4428;-8856
1694500;4468;4468;-8936;4412
1694600;4412;-8824;4432;4432
1694700;-8864;4564;4564;-9128
1694800;4604;4604;-9208;4580
1694900;4580;-9160;4596;4596
1695000;-9192;4652;4652;-9304
1695100;4664;4664;-9328;4676
1695200;4676;-9352;4748;4748
1695300;-9496;4764;4764;-9528
1695400;4828;4828;-9656;4920
1695500;4920;-9840;5092;5092
1695600;-10184;5008;5008;-10016
1695700;5080;5080;-10160;5164
1695800;5164;-10328;5208;5208
1695900;-10416;5232;5232;-10464
1696000;5276;5276;-10552;5344
1696100;5344;-10688;5400;5400
1696200;-10800;5476;5476;-10952
1696300;5548;5548;-11096;5580
1696400;5580;-11160;5604;5604
1696500;-11208;5652;5652;-11304
1696600;5704;5704;-11408;5780
1696700;5780;-11560;5676;5676
1696800;-11352;5732;5732;-11464
1696900;5772;5772;-11544;5796
1697000;5796;-11592;5772;5772
1697100;-11544;5800;5800;-11600
1697200;5856;5856;-11712;5856
1697300;5856;-11712;5904;5904
1697400;-11808;5896;5896;-11792
1697500;5940;5940;-11880;6032
1697600;6032;-12064;5936;5936
1697700;-11872;6044;6044;-12088
1697800;6072;6072;-12144;6060
1697900;6060;-12120;6128;6128
1698000;-12256;6192;6192;-12384
1698100;6228;6228;-12456;6288
1698200;6288;-12576;6376;6376
1698300;-12752;6384;6384;-12768
1698400;6404;6404;-12808;6432
1698500;6432;-12864;6516;6516
1698600;-13032;6524;6524;-13048
1698700;6632;6632;-13264;6712
1698800;6712;-13424;6712;6712
1698900;-13424;6808;6808;-13616
1699000;6836;6836;-13672;6924
1699100;6924;-13848;6872;6872
1699200;-13744;6944;6944;-13888
1699300;7008;7008;-14016;7020
1699400;7020;-14040;7116;7116
1699500;-14232;7136;7136;-14272
1699600;7192;7192;-14384;7296
1699700;7296;-14592;7232;7232
1699800;-14464;7284;7284;-14568
1699900;7352;7352;-14704;7376
1700000;7376;-14752;7372;7372
1700100;-14744;7440;7440;-14880
1700200;7436;7436;-14872;7468
1700300;7468;-14936;7352;7352
1700400;-14704;7668;7668;-15336
1700500;7360;7360;-14720;7464
1700600;7464;-14928;7452;7452
1700700;-14904;7476;7476;-14952
1700800;7392;7392;-14784;7420
1700900;7420;-14840;7412;7412
1701000;-14824;7432;7432;-14864
1701100;7396;7396;-14792;7368
1701200;7368;-14736;7364;7364
1701300;-14728;7304;7304;-14608
1701400;7412;7412;-14824;7288
1701500;7288;-14576;7240;7240
1701600;-14480;7196;7196;-14392
1701700;7160;7160;-14320;7204
1701800;7204;-14408;7108;7108
1701900;-14216;7092;7092;-14184
1702000;7096;7096;-14192;7064
1702100;7064;-14128;7084;7084
1702200;-14168;6956;6956;-13912
1702300;6972;6972;-13944;6928
1702400;6928;-13856;6888;6888
1702500;-13776;6860;6860;-13720
1702600;6872;6872;-13744;6756
1702700;6756;-13512;6732;6732
1702800;-13464;6728;6728;-13456
1702900;6684;6684;-13368;6616
1703000;6616;-13232;6612;6612
1703100;-13224;6592;6592;-13184
1703200;6516;6516;-13032;6444
1703300;6444;-12888;6464;6464
1703400;-12928;6432;6432;-12864
1703500;6336;6336;-12672;6356
1703600;6356;-12712;6288;6288
1703700;-12576;6276;6276;-12552
1703800;6328;6328;-12656;6232
1703900;6232;-12464;6196;6196
1704000;-12392;6124;6124;-12248
1704100;6136;6136;-12272;6080
1704200;6080;-12160;6016;6016
1704300;-12032;5984;5984;-11968
1704400;5980;5980;-11960;5920
1704500;5920;-11840;5868;5868
1704600;-11736;5824;5824;-11648
1704700;5776;5776;-11552;5728
1704800;5728;-11456;5696;5696
1704900;-11392;5660;5660;-11320
1705000;5596;5596;-11192;5920
1705100;5920;-11840;5536;5536
1705200;-11072;5484;5484;-10968
1705300;5508;5508;-11016;5388
1705400;5388;-10776;5360;5360
1705500;-10720;5328;5328;-10656
1705600;5276;5276;-10552;5196
1705700;5196;-10392;5180;5180
1705800;-10360;5136;5136;-10272
1705900;5136;5136;-10272;5068
1706000;5068;-10136;5020;5020
1706100;-10040;4996;4996;-9992
1706200;4944;4944;-9888;4836
1706300;4836;-9672;4868;4868
1706400;-9736;4816;4816;-9632
1706500;4820;4820;-9640;4768
1706600;4768;-9536;4732;4732
1706700;-9464;4684;4684;-9368
1706800;4768;4768;-9536;4700
1706900;4700;-9400;4776;4776
1707000;-9552;4732;4732;-9464
1707100;4704;4704;-9408;4688
1707200;4688;-9376;4708;4708
1707300;-9416;4684;4684;-9368
1707400;4696;4696;-9392;4800
1707500;4800;-9600;4704;4704
1707600;-9408;4672;4672;-9344
1707700;4628;4628;-9256;4664
1707800;4664;-9328;4640;4640
1707900;-9280;4612;4612;-9224
1708000;4632;4632;-9264;4616
1708100;4616;-9232;4680;4680
1708200;-9360;4556;4556;-9112
1708300;4564;4564;-9128;4536
1708400;4536;-9072;4464;4464
1708500;-8928;4516;4516;-9032
1708600;4476;4476;-8952;4472
1708700;4472;-8944;4436;4436
1708800;-8872;4396;4396;-8792
1708900;4500;4500;-9000;4368
1709000;4368;-8736;4384;4384
1709100;-8768;4380;4380;-8760
1709200;4536;4536;-9072;4364
1709300;4364;-8728;4364;4364
1709400;-8728;4516;4516;-9032
1709500;4388;4388;-8776;4360
1709600;4360;-8720;4356;4356
1709700;-8712;4288;4288;-8576
1709800;4312;4312;-8624;4236
1709900;4236;-8472;4176;4176
1710000;-8352;4232;4232;-8464
1710100;4200;4200;-8400;4180
1710200;4180;-8360;4172;4172
1710300;-8344;4116;4116;-8232
1710400;4116;4116;-8232;4116
1710500;4116;-8232;4092;4092
1710600;-8184;4028;4028;-8056
1710700;4032;4032;-8064;3996
1710800;3996;-7992;4084;4084
1710900;-8168;3960;3960;-7920
1711000;3960;3960;-7920;3820
1711100;3820;-7640;4292;4292
1711200;-8584;3832;3832;-7664
1711300;3832;3832;-7664;3828
1711400;3828;-7656;4396;4396
1711500;-8792;3744;3744;-7488
1711600;3716;3716;-7432;3664
1711700;3664;-7328;3636;3636
1711800;-7272;3648;3648;-7296
1711900;3532;3532;-7064;3540
1712000;3540;-7080;3508;3508
1712100;-7016;3476;3476;-6952
1712200;3356;3356;-6712;3324
1712300;3324;-6648;3348;3348
1712400;-6696;3368;3368;-6736
1712500;3224;3224;-6448;3208
1712600;3208;-6416;3172;3172
1712700;-6344;3156;3156;-6312
1712800;3096;3096;-6192;3076
1712900;3076;-6152;3060;3060
1713000;-6120;2992;2992;-5984
1713100;2940;2940;-5880;2868
1713200;2868;-5736;2832;2832
1713300;-5664;2824;2824;-5648
1713400;2772;2772;-5544;2804
1713500;2804;-5608;16176;16176
1713600;-32352;17956;17956;29624
1713700;18536;18536;28464;18660
1713800;18660;28216;18588;18588
1713900;28360;18652;18652;28232
1714000;18556;18556;28424;18476
1714100;18476;28584;18428;18428
1714200;28680;18464;18464;28608
1714300;18384;18384;28768;18364
1714400;18364;28808;18272;18272
1714500;28992;18208;18208;29120
1714600;18688;18688;28160;18212
1714700;18212;29112;18176;18176
1714800;29184;18152;18152;29232
1714900;18044;18044;29448;17984
1715000;17984;29568;17980;17980
1715100;29576;17900;17900;29736
1715200;17788;17788;29960;17852
1715300;17852;29832;17776;17776
1715400;29984;17780;17780;29976
1715500;17684;17684;30168;17676
1715600;17676;30184;17532;17532
1715700;30472;17568;17568;30400
1715800;17528;17528;30480;17524
1715900;17524;30488;17456;17456
1716000;30624;17416;17416;30704
1716100;17392;17392;30752;17384
1716200;17384;30768;17368;17368
1716300;30800;17348;17348;30840
1716400;17412;17412;30712;17280
1716500;17280;30976;17216;17216
1716600;31104;17196;17196;31144
1716700;17164;17164;31208;17108
1716800;17108;31320;17048;17048
1716900;31440;16980;16980;31576
1717000;16872;16872;31792;17444
1717100;17444;30648;16844;16844
1717200;31848;16812;16812;31912
1717300;16860;16860;31816;16856
1717400;16856;31824;16912;16912
1717500;31712;16896;16896;31744
1717600;16948;16948;31640;16912
1717700;16912;31712;16964;16964
1717800;31608;16904;16904;31728
1717900;16980;16980;31576;17012
1718000;17012;31512;16432;16432
1718100;32672;16992;16992;31552
1718200;17024;17024;31488;16980
1718300;16980;31576;17032;17032
1718400;31472;17048;17048;31440
1718500;17092;17092;31352;17144
1718600;17144;31248;17012;17012
1718700;31512;16992;16992;31552
1718800;16892;16892;31752;16988
1718900;16988;31560;16884;16884
1719000;31768;16828;16828;31880
1719100;16784;16784;31968;16668
1719200;16668;32200;16652;16652
1719300;32232;16568;16568;32400
1719400;16520;16520;32496;16444
1719500;16444;32648;16380;16380
1719600;-32760;16336;16336;-32672
1719700;16212;16212;-32424;16192
1719800;16192;-32384;16176;16176
1719900;-32352;16152;16152;-32304
1720000;16088;16088;-32176;16052
1720100;16052;-32104;15952;15952
1720200;-31904;15900;15900;-31800
1720300;15936;15936;-31872;15816
1720400;15816;-31632;15760;15760
1720500;-31520;15716;15716;-31432
1720600;15724;15724;-31448;15632
1720700;15632;-31264;15608;15608
1720800;-31216;15432;15432;-30864
1720900;15456;15456;-30912;15424
1721000;15424;-30848;15424;15424
1721100;-30848;15412;15412;-30824
1721200;15300;15300;-30600;15336
1721300;15336;-30672;15244;15244
1721400;-30488;15152;15152;-30304
1721500;15212;15212;-30424;15248
1721600;15248;-30496;15212;15212
1721700;-30424;15236;15236;-30472
1721800;15260;15260;-30520;15320
1721900;15320;-30640;15316;15316
1722000;-30632;15420;15420;-30840
1722100;15372;15372;-30744;15420
1722200;15420;-30840;15436;15436
1722300;-30872;15444;15444;-30888
1722400;15520;15520;-31040;15504
1722500;15504;-31008;15468;15468
1722600;-30936;15544;15544;-31088
1722700;15596;15596;-31192;15636
1722800;15636;-31272;15684;15684
1722900;-31368;15604;15604;-31208
1723000;15672;15672;-31344;15716
1723100;15716;-31432;15632;15632
1723200;-31264;15676;15676;-31352
1723300;15684;15684;-31368;15652
1723400;15652;-31304;15812;15812
1723500;-31624;15684;15684;-31368
1723600;15728;15728;-31456;15616
1723700;15616;-31232;15680;15680
1723800;-31360;15720;15720;-31440
1723900;15696;15696;-31392;15760
1724000;15760;-31520;15668;15668
1724100;-31336;15668;15668;-31336
1724200;15696;15696;-31392;15632
1724300;15632;-31264;15652;15652
1724400;-31304;15676;15676;-31352
1724500;16132;16132;-32264;15648
1724600;15648;-31296;15668;15668
1724700;-31336;15516;15516;-31032
1724800;15560;15560;-31120;15628
1724900;15628;-31256;15604;15604
1725000;-31208;15580;15580;-31160
1725100;15720;15720;-31440;15528
1725200;15528;-31056;15592;15592
1725300;-31184;15452;15452;-30904
1725400;15576;15576;-31152;15572
1725500;15572;-31144;15564;15564
1725600;-31128;15544;15544;-31088
1725700;15584;15584;-31168;15560
1725800;15560;-31120;15548;15548
1725900;-31096;15588;15588;-31176
1726000;15520;15520;-31040;15536
1726100;15536;-31072;15560;15560
1726200;-31120;15532;15532;-31064
1726300;15576;15576;-31152;15488
1726400;15488;-30976;15500;15500
1726500;-31000;15524;15524;-31048
1726600;15508;15508;-31016;15504
1726700;15504;-31008;15496;15496
1726800;-30992;-8352;-8352;16704
1726900;-5960;-5960;11920;-5844
1727000;-5844;11688;-5896;-5896
1727100;11792;-5780;-5780;11560
1727200;-5812;-5812;11624;-5820
1727300;-5820;11640;-5792;-5792
1727400;11584;-5844;-5844;11688
1727500;-5800;-5800;11600;-5804
1727600;-5804;11608;-5812;-5812
1727700;11624;-5796;-5796;11592
1727800;-5856;-5856;11712;-5764
1727900;-5764;11528;-5832;-5832
1728000;11664;-5780;-5780;11560
1728100;-5764;-5764;11528;-5800
1728200;-5800;11600;-5832;-5832
1728300;11664;-5740;-5740;11480
1728400;-5776;-5776;11552;-5800
1728500;-5800;11600;-5756;-5756
1728600;11512;-5760;-5760;11520
1728700;-5824;-5824;11648;-5708
1728800;-5708;11416;-5784;-5784
1728900;11568;-5744;-5744;11488
1729000;-5800;-5800;11600;-5824
1729100;-5824;11648;-5748;-5748
1729200;11496;-5752;-5752;11504
1729300;-5828;-5828;11656;-5796
1729400;-5796;11592;-5804;-5804
1729500;11608;-5780;-5780;11560
1729600;-5900;-5900;11800;-5756
1729700;-5756;11512;-5804;-5804
1729800;11608;-5808;-5808;11616
1729900;-5812;-5812;11624;-5852
1730000;-5852;11704;-5812;-5812
1730100;11624;-5852;-5852;11704
1730200;-5868;-5868;11736;-5884
1730300;-5884;11768;-5900;-5900
1730400;11800;-5888;-5888;11776
1730500;-5916;-5916;11832;-5916
1730600;-5916;11832;-5968;-5968
1730700;11936;-5996;-5996;11992
1730800;-5984;-5984;11968;-6064
1730900;-6064;12128;-6100;-6100
1731000;12200;-6120;-6120;12240
1731100;-6124;-6124;12248;-6188
1731200;-6188;12376;-6280;-6280
1731300;12560;-6252;-6252;12504
1731400;-6336;-6336;12672;-6380
1731500;-6380;12760;-6412;-6412
1731600;12824;-6464;-6464;12928
1731700;-6572;-6572;13144;-6504
1731800;-6504;13008;-6580;-6580
1731900;13160;-6616;-6616;13232
1732000;-6604;-6604;13208;-6976
1732100;-6976;13952;-6612;-6612
1732200;13224;-6672;-6672;13344
1732300;-6760;-6760;13520;-6736
1732400;-6736;13472;-6856;-6856
1732500;13712;-6748;-6748;13496
1732600;-6808;-6808;13616;-6856
1732700;-6856;13712;-6844;-6844
1732800;13688;-6876;-6876;13752
1732900;-6972;-6972;13944;-6948
1733000;-6948;13896;-6964;-6964
1733100;13928;-7032;-7032;14064
1733200;-7092;-7092;14184;-7020
1733300;-7020;14040;-7100;-7100
1733400;14200;-7100;-7100;14200
1733500;-7272;-7272;14544;-7204
1733600;-7204;14408;-7320;-7320
1733700;14640;-7336;-7336;14672
1733800;-7440;-7440;14880;-7344
1733900;-7344;14688;-7328;-7328
1734000;14656;-7364;-7364;14728
1734100;-7312;-7312;14624;-7384
1734200;-7384;14768;-7772;-7772
1734300;15544;-7340;-7340;14680
1734400;-7356;-7356;14712;-7356
1734500;-7356;14712;-7492;-7492
1734600;14984;-7500;-7500;15000
1734700;-7556;-7556;15112;-7648
1734800;-7648;15296;-7744;-7744
1734900;15488;-7732;-7732;15464
1735000;-7824;-7824;15648;-7892
1735100;-7892;15784;-7944;-7944
1735200;15888;-8016;-8016;16032
1735300;-8112;-8112;16224;-8176
1735400;-8176;16352;-8284;-8284
1735500;16568;-8364;-8364;16728
1735600;-8520;-8520;17040;-8552
1735700;-8552;17104;-8632;-8632
1735800;17264;-8704;-8704;17408
1735900;-8680;-8680;17360;-8736
1736000;-8736;17472;-8840;-8840
1736100;17680;-8900;-8900;17800
1736200;-8996;-8996;17992;-9028
1736300;-9028;18056;-9064;-9064
1736400;18128;-9160;-9160;18320
1736500;-9220;-9220;18440;-9248
1736600;-9248;18496;-9312;-9312
1736700;18624;-9320;-9320;18640
1736800;-9228;-9228;18456;-9300
1736900;-9300;18600;-9288;-9288
1737000;18576;-9344;-9344;18688
1737100;-9212;-9212;18424;-9236
1737200;-9236;18472;-9196;-9196
1737300;18392;-9120;-9120;18240
1737400;-9128;-9128;18256;-9076
1737500;-9076;18152;-9048;-9048
1737600;18096;-9048;-9048;18096
1737700;-9060;-9060;18120;-9120
1737800;-9120;18240;-9060;-9060
1737900;18120;-9060;-9060;18120
1738000;-9036;-9036;18072;-9064
1738100;-9064;18128;-9116;-9116
1738200;18232;-9116;-9116;18232
1738300;-9176;-9176;18352;-9272
1738400;-9272;18544;-9268;-9268
1738500;18536;-9380;-9380;18760
1738600;-9364;-9364;18728;-9392
1738700;-9392;18784;-9508;-9508
1738800;19016;-9436;-9436;18872
1738900;-9488;-9488;18976;-9560
1739000;-9560;19120;-9584;-9584
1739100;19168;-9652;-9652;19304
1739200;-9656;-9656;19312;-9716
1739300;-9716;19432;-9796;-9796
1739400;19592;-9832;-9832;19664
1739500;-9764;-9764;19528;-9776
1739600;-9776;19552;-9872;-9872
1739700;19744;-9948;-9948;19896
1739800;-9944;-9944;19888;-9952
1739900;-9952;19904;-9940;-9940
1740000;19880;-9984;-9984;19968
1740100;-10012;-10012;20024;-14860
1740200;-14860;29720;-13416;-13416
1740300;26832;-13692;-13692;27384
1740400;-13864;-13864;27728;-13908
1740500;-13908;27816;-13952;-13952
1740600;27904;-13948;-13948;27896
1740700;-14020;-14020;28040;-14012
1740800;-14012;28024;-14004;-14004
1740900;28008;-14040;-14040;28080
1741000;-13948;-13948;27896;-13976
1741100;-13976;27952;-13956;-13956
1741200;27912;-13888;-13888;27776
1741300;-13872;-13872;27744;-13876
1741400;-13876;27752;-13860;-13860
1741500;27720;-13856;-13856;27712
1741600;-13812;-13812;27624;-13844
1741700;-13844;27688;-13964;-13964
1741800;27928;-13732;-13732;27464
1741900;-13772;-13772;27544;-13728
1742000;-13728;27456;-13724;-13724
1742100;27448;-13672;-13672;27344
1742200;-13664;-13664;27328;-13616
1742300;-13616;27232;-13612;-13612
1742400;27224;-13608;-13608;27216
1742500;-13516;-13516;27032;-13440
1742600;-13440;26880;-13436;-13436
1742700;26872;-13416;-13416;26832
1742800;-13392;-13392;26784;-13372
1742900;-13372;26744;-13284;-13284
1743000;26568;-13236;-13236;26472
1743100;-13252;-13252;26504;-13240
1743200;-13240;26480;-13160;-13160
1743300;26320;-13204;-13204;26408
1743400;-13096;-13096;26192;-13092
1743500;-13092;26184;-13060;-13060
1743600;26120;-13032;-13032;26064
1743700;-13000;-13000;26000;-12976
1743800;-12976;25952;-12904;-12904
1743900;25808;-12904;-12904;25808
1744000;-12836;-12836;25672;-12872
1744100;-12872;25744;-12784;-12784
1744200;25568;-12720;-12720;25440
1744300;-12720;-12720;25440;-12700
1744400;-12700;25400;-12624;-12624
1744500;25248;-12608;-12608;25216
1744600;-12584;-12584;25168;-12592
1744700;-12592;25184;-12392;-12392
1744800;24784;-12424;-12424;24848
1744900;-12348;-12348;24696;-12384
1745000;-12384;24768;-12408;-12408
1745100;24816;-12220;-12220;24440
1745200;-12244;-12244;24488;-12228
1745300;-12228;24456;-12144;-12144
1745400;24288;-12168;-12168;24336
1745500;-12140;-12140;24280;-12144
1745600;-12144;24288;-12012;-12012
1745700;24024;-12072;-12072;24144
1745800;-12052;-12052;24104;-12016
1745900;-12016;24032;-12004;-12004
1746000;24008;-12056;-12056;24112
1746100;-12032;-12032;24064;-12052
1746200;-12052;24104;-11948;-11948
1746300;23896;-12024;-12024;24048
1746400;-12000;-12000;24000;-12112
1746500;-12112;24224;-11960;-11960
1746600;23920;-11964;-11964;23928
1746700;-12020;-12020;24040;-12004
1746800;-12004;24008;-11996;-11996
1746900;23992;-12000;-12000;24000
1747000;-12016;-12016;24032;-11992
1747100;-11992;23984;-11988;-11988
1747200;23976;-12044;-12044;24088
1747300;-12680;-12680;25360;-12024
1747400;-12024;24048;-12012;-12012
1747500;24024;-12568;-12568;25136
1747600;-11964;-11964;23928;-12024
1747700;-12024;24048;-11988;-11988
1747800;23976;-12056;-12056;24112
1747900;-12108;-12108;24216;-11996
1748000;-11996;23992;-12020;-12020
1748100;24040;-12040;-12040;24080
1748200;-11996;-11996;23992;-11980
1748300;-11980;23960;-11984;-11984
1748400;23968;-12008;-12008;24016
1748500;-12024;-12024;24048;-12020
1748600;-12020;24040;-11932;-11932
1748700;23864;-11972;-11972;23944
1748800;-12016;-12016;24032;-11908
1748900;-11908;23816;-11984;-11984
1749000;23968;-11920;-11920;23840
1749100;-11968;-11968;23936;-11940
1749200;-11940;23880;-11952;-11952
1749300;23904;-11888;-11888;23776
1749400;-11884;-11884;23768;-11852
1749500;-11852;23704;-11812;-11812
1749600;23624;-11820;-11820;23640
1749700;-11832;-11832;23664;-11788
1749800;-11788;23576;-11796;-11796
1749900;23592;-11804;-11804;23608
1750000;-11752;-11752;23504;-11752
1750100;-11752;23504;-11704;-11704
1750200;23408;-11700;-11700;23400
1750300;-11696;-11696;23392;-11728
1750400;-11728;23456;-11664;-11664
1750500;23328;-11676;-11676;23352
1750600;-11636;-11636;23272;-11584
1750700;-11584;23168;-11632;-11632
1750800;23264;-11648;-11648;23296
1750900;-11540;-11540;23080;-11532
1751000;-11532;23064;-11500;-11500
1751100;23000;-11440;-11440;22880
1751200;-11464;-11464;22928;-11408
1751300;-11408;22816;-11400;-11400
1751400;22800;-11308;-11308;22616
1751500;-11312;-11312;22624;-11252
1751600;-11252;22504;-11192;-11192
1751700;22384;-11172;-11172;22344
1751800;-11172;-11172;22344;-11092
1751900;-11092;22184;-11060;-11060
1752000;22120;-11076;-11076;22152
1752100;-10964;-10964;21928;-10944
1752200;-10944;21888;-10932;-10932
1752300;21864;-10900;-10900;21800
1752400;-10868;-10868;21736;-10808
1752500;-10808;21616;-10772;-10772
1752600;21544;-10744;-10744;21488
1752700;-10676;-10676;21352;-10572
1752800;-10572;21144;-10592;-10592
1752900;21184;-10492;-10492;20984
1753000;-10488;-10488;20976;-10812
1753100;-10812;21624;-10344;-10344
1753200;20688;-10376;-10376;20752
1753300;-10272;-10272;20544;-10600
1753400;-10600;21200;-10124;-10124
1753500;20248;-10128;-10128;20256
1753600;7816;7816;-15632;6792
1753700;6792;-13584;6320;6320
1753800;-12640;6100;6100;-12200
1753900;6016;6016;-12032;5904
1754000;5904;-11808;5932;5932
1754100;-11864;5916;5916;-11832
1754200;5992;5992;-11984;6108
1754300;6108;-12216;6096;6096
1754400;-12192;6152;6152;-12304
1754500;6216;6216;-12432;5668
1754600;5668;-11336;6292;6292
1754700;-12584;6356;6356;-12712
1754800;6420;6420;-12840;6000
1754900;6000;-12000;6516;6516
1755000;-13032;6544;6544;-13088
1755100;6660;6660;-13320;6692
1755200;6692;-13384;6792;6792
1755300;-13584;6808;6808;-13616
1755400;6812;6812;-13624;6928
1755500;6928;-13856;6984;6984
1755600;-13968;6980;6980;-13960
1755700;7160;7160;-14320;7144
1755800;7144;-14288;7208;7208
1755900;-14416;7284;7284;-14568
1756000;7300;7300;-14600;7340
1756100;7340;-14680;7460;7460
1756200;-14920;7520;7520;-15040
1756300;7556;7556;-15112;7640
1756400;7640;-15280;7624;7624
1756500;-15248;7768;7768;-15536
1756600;7808;7808;-15616;7836
1756700;7836;-15672;7956;7956
1756800;-15912;8064;8064;-16128
1756900;8056;8056;-16112;8260
1757000;8260;-16520;8216;8216
1757100;-16432;8344;8344;-16688
1757200;8368;8368;-16736;8528
1757300;8528;-17056;8608;8608
1757400;-17216;8672;8672;-17344
1757500;8584;8584;-17168;8716
1757600;8716;-17432;8748;8748
1757700;-17496;8464;8464;-16928
1757800;9128;9128;-18256;8844
1757900;8844;-17688;8856;8856
1758000;-17712;8900;8900;-17800
1758100;8808;8808;-17616;8852
1758200;8852;-17704;8840;8840
1758300;-17680;8864;8864;-17728
1758400;8908;8908;-17816;8908
1758500;8908;-17816;8828;8828
1758600;-17656;8848;8848;-17696
1758700;8864;8864;-17728;8748
1758800;8748;-17496;8940;8940
1758900;-17880;8908;8908;-17816
1759000;8912;8912;-17824;8896
1759100;8896;-17792;8892;8892
1759200;-17784;8900;8900;-17800
1759300;8860;8860;-17720;8900
1759400;8900;-17800;8920;8920
1759500;-17840;8888;8888;-17776
1759600;8892;8892;-17784;8880
1759700;8880;-17760;8300;8300
1759800;-16600;8880;8880;-17760
1759900;8912;8912;-17824;8932
1760000;8932;-17864;8968;8968
1760100;-17936;8868;8868;-17736
1760200;8900;8900;-17800;8848
1760300;8848;-17696;8948;8948
1760400;-17896;8948;8948;-17896
1760500;8884;8884;-17768;8916
1760600;8916;-17832;8988;8988
1760700;-17976;8868;8868;-17736
1760800;8924;8924;-17848;8872
1760900;8872;-17744;8980;8980
1761000;-17960;8952;8952;-17904
1761100;8940;8940;-17880;8960
1761200;8960;-17920;9000;9000
1761300;-18000;8956;8956;-17912
1761400;8912;8912;-17824;8964
1761500;8964;-17928;8976;8976
1761600;-17952;8976;8976;-17952
1761700;8468;8468;-16936;9000
1761800;9000;-18000;9088;9088
1761900;-18176;9076;9076;-18152
1762000;9504;9504;-19008;9188
1762100;9188;-18376;9268;9268
1762200;-18536;9248;9248;-18496
1762300;9316;9316;-18632;9388
1762400;9388;-18776;9428;9428
1762500;-18856;9580;9580;-19160
1762600;9560;9560;-19120;9672
1762700;9672;-19344;9704;9704
1762800;-19408;9672;9672;-19344
1762900;9772;9772;-19544;9776
1763000;9776;-19552;9860;9860
1763100;-19720;9880;9880;-19760
1763200;9440;9440;-18880;9940
1763300;9940;-19880;9992;9992
1763400;-19984;9840;9840;-19680
1763500;10084;10084;-20168;10072
1763600;10072;-20144;10188;10188
1763700;-20376;10184;10184;-20368
1763800;10264;10264;-20528;10416
1763900;10416;-20832;10340;10340
1764000;-20680;10396;10396;-20792
1764100;9820;9820;-19640;10528
1764200;10528;-21056;10600;10600
1764300;-21200;10576;10576;-21152
1764400;10656;10656;-21312;10668
1764500;10668;-21336;10772;10772
1764600;-21544;10740;10740;-21480
1764700;10832;10832;-21664;10844
1764800;10844;-21688;10944;10944
1764900;-21888;10936;10936;-21872
1765000;10928;10928;-21856;11024
1765100;11024;-22048;11008;11008
1765200;-22016;11116;11116;-22232
1765300;11224;11224;-22448;11252
1765400;11252;-22504;11192;11192
1765500;-22384;11280;11280;-22560
1765600;11452;11452;-22904;11424
1765700;11424;-22848;11424;11424
1765800;-22848;11480;11480;-22960
1765900;11624;11624;-23248;11636
1766000;11636;-23272;11652;11652
1766100;-23304;11840;11840;-23680
1766200;11776;11776;-23552;11804
1766300;11804;-23608;11828;11828
1766400;-23656;11916;11916;-23832
1766500;11904;11904;-23808;12008
1766600;12008;-24016;12180;12180
1766700;-24360;12184;12184;-24368
1766800;12240;12240;-24480;12236
1766900;12236;-24472;12340;12340
1767000;-24680;7348;7348;-14696
1767100;2912;2912;-5824;2912
1767200;2912;-5824;2860;2860
1767300;-5720;2880;2880;-5760
1767400;2908;2908;-5816;2836
1767500;2836;-5672;3008;3008
1767600;-6016;2888;2888;-5776
1767700;2924;2924;-5848;2944
1767800;2944;-5888;3016;3016
1767900;-6032;2916;2916;-5832
1768000;2944;2944;-5888;2908
1768100;2908;-5816;2924;2924
1768200;-5848;2984;2984;-5968
1768300;2932;2932;-5864;2944
1768400;2944;-5888;2976;2976
1768500;-5952;2980;2980;-5960
1768600;2936;2936;-5872;2948
1768700;2948;-5896;2948;2948
1768800;-5896;2924;2924;-5848
1768900;2864;2864;-5728;2836
1769000;2836;-5672;2848;2848
1769100;-5696;2780;2780;-5560
1769200;2728;2728;-5456;2732
1769300;2732;-5464;2752;2752
1769400;-5504;2748;2748;-5496
1769500;2728;2728;-5456;2596
1769600;2596;-5192;2716;2716
1769700;-5432;2632;2632;-5264
1769800;2664;2664;-5328;2596
1769900;2596;-5192;2592;2592
1770000;-5184;2492;2492;-4984
1770100;2524;2524;-5048;2556
1770200;2556;-5112;2548;2548
1770300;-5096;2564;2564;-5128
1770400;2604;2604;-5208;2648
1770500;2648;-5296;2680;2680
1770600;-5360;2736;2736;-5472
1770700;2740;2740;-5480;2824
1770800;2824;-5648;2912;2912
1770900;-5824;2860;2860;-5720
1771000;2868;2868;-5736;2940
1771100;2940;-5880;2984;2984
1771200;-5968;3060;3060;-6120
1771300;3064;3064;-6128;3232
1771400;3232;-6464;3212;3212
1771500;-6424;3180;3180;-6360
1771600;3296;3296;-6592;3312
1771700;3312;-6624;3252;3252
1771800;-6504;3264;3264;-6528
1771900;3272;3272;-6544;3252
1772000;3252;-6504;3248;3248
1772100;-6496;3260;3260;-6520
1772200;3348;3348;-6696;3216
1772300;3216;-6432;3264;3264
1772400;-6528;3300;3300;-6600
1772500;3236;3236;-6472;3300
1772600;3300;-6600;3360;3360
1772700;-6720;3372;3372;-6744
1772800;3356;3356;-6712;3476
1772900;3476;-6952;3544;3544
1773000;-7088;3564;3564;-7128
1773100;3688;3688;-7376;3776
1773200;3776;-7552;3676;3676
1773300;-7352;3780;3780;-7560
1773400;3832;3832;-7664;3836
1773500;3836;-7672;3904;3904
1773600;-7808;3936;3936;-7872
1773700;3968;3968;-7936;4576
1773800;4576;-9152;4056;4056
1773900;-8112;4084;4084;-8168
1774000;4148;4148;-8296;4208
1774100;4208;-8416;4200;4200
1774200;-8400;4228;4228;-8456
1774300;4272;4272;-8544;4320
1774400;4320;-8640;4356;4356
1774500;-8712;4388;4388;-8776
1774600;4404;4404;-8808;4440
1774700;4440;-8880;4536;4536
1774800;-9072;4464;4464;-8928
1774900;4512;4512;-9024;4548
1775000;4548;-9096;4596;4596
1775100;-9192;4576;4576;-9152
1775200;4612;4612;-9224;4620
1775300;4620;-9240;4656;4656
1775400;-9312;4744;4744;-9488
1775500;4820;4820;-9640;4836
1775600;4836;-9672;4868;4868
1775700;-9736;4984;4984;-9968
1775800;5012;5012;-10024;5072
1775900;5072;-10144;5104;5104
1776000;-10208;5224;5224;-10448
1776100;5220;5220;-10440;5276
1776200;5276;-10552;5368;5368
1776300;-10736;5444;5444;-10888
1776400;5460;5460;-10920;5528
1776500;5528;-11056;5588;5588
1776600;-11176;5648;5648;-11296
1776700;5636;5636;-11272;5684
1776800;5684;-11368;5684;5684
1776900;-11368;5760;5760;-11520
1777000;5740;5740;-11480;5768
1777100;5768;-11536;5744;5744
1777200;-11488;5796;5796;-11592
1777300;5900;5900;-11800;5828
1777400;5828;-11656;5912;5912
1777500;-11824;6256;6256;-12512
1777600;5880;5880;-11760;5940
1777700;5940;-11880;6024;6024
1777800;-12048;5952;5952;-11904
1777900;6052;6052;-12104;6052
1778000;6052;-12104;6168;6168
1778100;-12336;6120;6120;-12240
1778200;6176;6176;-12352;6244
1778300;6244;-12488;6276;6276
1778400;-12552;6300;6300;-12600
1778500;6348;6348;-12696;6456
1778600;6456;-12912;6520;6520
1778700;-13040;6548;6548;-13096
1778800;6504;6504;-13008;6596
1778900;6596;-13192;6636;6636
1779000;-13272;6704;6704;-13408
1779100;6748;6748;-13496;6836
1779200;6836;-13672;6860;6860
1779300;-13720;6904;6904;-13808
1779400;6956;6956;-13912;6992
1779500;6992;-13984;7656;7656
1779600;-15312;7080;7080;-14160
1779700;7160;7160;-14320;7156
1779800;7156;-14312;7192;7192
1779900;-14384;7228;7228;-14456
1780000;7292;7292;-14584;7336
1780100;7336;-14672;7392;7392
1780200;-14784;7400;7400;-14800
1780300;7428;7428;-14856;7524
1780400;7524;-15048;7268;7268
1780500;-14536;7364;7364;-14728
1780600;7380;7380;-14760;7444
1780700;7444;-14888;7444;7444
1780800;-14888;7492;7492;-14984
1780900;7528;7528;-15056;7448
1781000;7448;-14896;7496;7496
1781100;-14992;7436;7436;-14872
1781200;7372;7372;-14744;7372
1781300;7372;-14744;7368;7368
1781400;-14736;7344;7344;-14688
1781500;7324;7324;-14648;7356
1781600;7356;-14712;7228;7228
1781700;-14456;7216;7216;-14432
1781800;7184;7184;-14368;7244
1781900;7244;-14488;7092;7092
1782000;-14184;7108;7108;-14216
1782100;7084;7084;-14168;7084
1782200;7084;-14168;6980;6980
1782300;-13960;7000;7000;-14000
1782400;7012;7012;-14024;6992
1782500;6992;-13984;6884;6884
1782600;-13768;6876;6876;-13752
1782700;6832;6832;-13664;6820
1782800;6820;-13640;6856;6856
1782900;-13712;6728;6728;-13456
1783000;6736;6736;-13472;6684
1783100;6684;-13368;6640;6640
1783200;-13280;6516;6516;-13032
1783300;6556;6556;-13112;6536
1783400;6536;-13072;6496;6496
1783500;-12992;6448;6448;-12896
1783600;6420;6420;-12840;6360
1783700;6360;-12720;6324;6324
1783800;-12648;6284;6284;-12568
1783900;6272;6272;-12544;6288
1784000;6288;-12576;6284;6284
1784100;-12568;6196;6196;-12392
1784200;6128;6128;-12256;6104
1784300;6104;-12208;6056;6056
1784400;-12112;6116;6116;-12232
1784500;6104;6104;-12208;5956
1784600;5956;-11912;5916;5916
1784700;-11832;5888;5888;-11776
1784800;5824;5824;-11648;5812
1784900;5812;-11624;5724;5724
1785000;-11448;5708;5708;-11416
1785100;5660;5660;-11320;5600
1785200;5600;-11200;5596;5596
1785300;-11192;5520;5520;-11040
1785400;5492;5492;-10984;5460
1785500;5460;-10920;5432;5432
1785600;-10864;5360;5360;-10720
1785700;5340;5340;-10680;5252
1785800;5252;-10504;5208;5208
1785900;-10416;5192;5192;-10384
1786000;5180;5180;-10360;5108
1786100;5108;-10216;5036;5036
1786200;-10072;5032;5032;-10064
1786300;4984;4984;-9968;5024
1786400;5024;-10048;4864;4864
1786500;-9728;4844;4844;-9688
1786600;4788;4788;-9576;4844
1786700;4844;-9688;4756;4756
1786800;-9512;4748;4748;-9496
1786900;4756;4756;-9512;4800
1787000;4800;-9600;4724;4724
1787100;-9448;4724;4724;-9448
1787200;4708;4708;-9416;4712
1787300;4712;-9424;4740;4740
1787400;-9480;4688;4688;-9376
1787500;4724;4724;-9448;4720
1787600;4720;-9440;4744;4744
1787700;-9488;4732;4732;-9464
1787800;4672;4672;-9344;4668
1787900;4668;-9336;4712;4712
1788000;-9424;4608;4608;-9216
1788100;4624;4624;-9248;4648
1788200;4648;-9296;4628;4628
1788300;-9256;4576;4576;-9152
1788400;4620;4620;-9240;4552
1788500;4552;-9104;4528;4528
1788600;-9056;4580;4580;-9160
1788700;4464;4464;-8928;4504
1788800;4504;-9008;4456;4456
1788900;-8912;4468;4468;-8936
1789000;4444;4444;-8888;4452
1789100;4452;-8904;4396;4396
1789200;-8792;4492;4492;-8984
1789300;4400;4400;-8800;4408
1789400;4408;-8816;4376;4376
1789500;-8752;4388;4388;-8776
1789600;4348;4348;-8696;4376
1789700;4376;-8752;4320;4320
1789800;-8640;4292;4292;-8584
1789900;4324;4324;-8648;4288
1790000;4288;-8576;4256;4256
1790100;-8512;4288;4288;-8576
1790200;4280;4280;-8560;4156
1790300;4156;-8312;4172;4172
1790400;-8344;4140;4140;-8280
1790500;4152;4152;-8304;4076
1790600;4076;-8152;4052;4052
1790700;-8104;4052;4052;-8104
1790800;4004;4004;-8008;3988
1790900;3988;-7976;4024;4024
1791000;-8048;3984;3984;-7968
1791100;3940;3940;-7880;3896
1791200;3896;-7792;3844;3844
1791300;-7688;3860;3860;-7720
1791400;3880;3880;-7760;3824
1791500;3824;-7648;3824;3824
1791600;-7648;3836;3836;-7672
1791700;3744;3744;-7488;3736
1791800;3736;-7472;3704;3704
1791900;-7408;3680;3680;-7360
1792000;3624;3624;-7248;3608
1792100;3608;-7216;3532;3532
1792200;-7064;3528;3528;-7056
1792300;3480;3480;-6960;3448
1792400;3448;-6896;3852;3852
1792500;-7704;3320;3320;-6640
1792600;3264;3264;-6528;3288
1792700;3288;-6576;3204;3204
1792800;-6408;3128;3128;-6256
1792900;3148;3148;-6296;3040
1793000;3040;-6080;3004;3004
1793100;-6008;2992;2992;-5984
1793200;2968;2968;-5936;2904
1793300;2904;-5808;2856;2856
1793400;-5712;2832;2832;-5664
1793500;2904;2904;-5808;2728
1793600;2728;-5456;2672;2672
1793700;-5344;16088;16088;-32176
1793800;17912;17912;29712;18580
1793900;18580;28376;18632;18632
1794000;28272;18680;18680;28176
1794100;18568;18568;28400;18560
1794200;18560;28416;18520;18520
1794300;28496;18472;18472;28592
1794400;18380;18380;28776;18336
1794500;18336;28864;18356;18356
1794600;28824;18332;18332;28872
1794700;18212;18212;29112;18204
1794800;18204;29128;18228;18228
1794900;29080;18252;18252;29032
1795000;18088;18088;29360;18092
1795100;18092;29352;18056;18056
1795200;29424;17916;17916;29704
1795300;17960;17960;29616;17880
1795400;17880;29776;17912;17912
1795500;29712;17712;17712;30112
1795600;17696;17696;30144;17628
1795700;17628;30280;17672;17672
1795800;30192;17164;17164;31208
1795900;17544;17544;30448;17552
1796000;17552;30432;17484;17484
1796100;30568;17440;17440;30656
1796200;17436;17436;30664;17408
1796300;17408;30720;17384;17384
1796400;30768;17364;17364;30808
1796500;17268;17268;31000;17248
1796600;17248;31040;17240;17240
1796700;31056;17092;17092;31352
1796800;17284;17284;30968;17100
1796900;17100;31336;17072;17072
1797000;31392;17004;17004;31528
1797100;16948;16948;31640;16964
1797200;16964;31608;16884;16884
1797300;31768;16812;16812;31912
1797400;16880;16880;31776;16816
1797500;16816;31904;16840;16840
1797600;31856;16904;16904;31728
1797700;16916;16916;31704;16952
1797800;16952;31632;16940;16940
1797900;31656;17044;17044;31448
1798000;16964;16964;31608;16936
1798100;16936;31664;17028;17028
1798200;31480;17044;17044;31448
1798300;16996;16996;31544;17032
1798400;17032;31472;17004;17004
1798500;31528;17072;17072;31392
1798600;16984;16984;31568;16992
1798700;16992;31552;17040;17040
1798800;31456;17064;17064;31408
1798900;17244;17244;31048;16988
1799000;16988;31560;16956;16956
1799100;31624;16932;16932;31672
1799200;16836;16836;31864;16812
1799300;16812;31912;16280;16280
1799400;-32560;16704;16704;32128
1799500;16600;16600;32336;16496
1799600;16496;32544;16484;16484
1799700;32568;16412;16412;32712
1799800;16324;16324;-32648;16296
1799900;16296;-32592;16172;16172
1800000;-32344;16140;16140;-32280
1800100;16088;16088;-32176;16108
1800200;16108;-32216;16004;16004
1800300;-32008;16008;16008;-32016
1800400;15940;15940;-31880;15976
1800500;15976;-31952;15804;15804
1800600;-31608;15776;15776;-31552
1800700;15728;15728;-31456;15716
1800800;15716;-31432;15596;15596
1800900;-31192;15560;15560;-31120
1801000;15584;15584;-31168;15464
1801100;15464;-30928;15416;15416
1801200;-30832;15392;15392;-30784
1801300;15372;15372;-30744;15308
1801400;15308;-30616;15280;15280
1801500;-30560;15172;15172;-30344
1801600;15180;15180;-30360;15212
1801700;15212;-30424;15280;15280
1801800;-30560;15224;15224;-30448
1801900;15244;15244;-30488;15332
1802000;15332;-30664;15348;15348
1802100;-30696;15332;15332;-30664
1802200;15332;15332;-30664;15364
1802300;15364;-30728;15380;15380
1802400;-30760;15440;15440;-30880
1802500;15468;15468;-30936;15484
1802600;15484;-30968;15536;15536
1802700;-31072;15500;15500;-31000
1802800;15584;15584;-31168;14996
1802900;14996;-29992;15604;15604
1803000;-31208;15604;15604;-31208
1803100;15656;15656;-31312;15696
1803200;15696;-31392;15740;15740
1803300;-31480;15696;15696;-31392
1803400;15748;15748;-31496;15696
1803500;15696;-31392;15672;15672
1803600;-31344;15692;15692;-31384
1803700;15756;15756;-31512;15732
1803800;15732;-31464;15592;15592
1803900;-31184;15668;15668;-31336
1804000;15704;15704;-31408;15588
1804100;15588;-31176;15668;15668
1804200;-31336;15708;15708;-31416
1804300;15668;15668;-31336;15636
1804400;15636;-31272;15692;15692
1804500;-31384;15540;15540;-31080
1804600;15668;15668;-31336;15672
1804700;15672;-31344;15668;15668
1804800;-31336;15632;15632;-31264
1804900;15636;15636;-31272;15652
1805000;15652;-31304;15624;15624
1805100;-31248;15624;15624;-31248
1805200;15596;15596;-31192;15672
1805300;15672;-31344;15632;15632
1805400;-31264;15648;15648;-31296
1805500;15596;15596;-31192;15600
1805600;15600;-31200;15632;15632
1805700;-31264;15876;15876;-31752
1805800;15604;15604;-31208;15508
1805900;15508;-31016;15652;15652
1806000;-31304;15568;15568;-31136
1806100;15572;15572;-31144;15584
1806200;15584;-31168;15500;15500
1806300;-31000;15564;15564;-31128
1806400;15580;15580;-31160;15556
1806500;15556;-31112;15504;15504
1806600;-31008;15612;15612;-31224
1806700;15524;15524;-31048;15540
1806800;15540;-31080;15464;15464
1806900;-30928;15528;15528;-31056
1807000;-8332;-8332;16664;-5956
1807100;-5956;11912;-5840;-5840
1807200;11680;-5836;-5836;11672
1807300;-5848;-5848;11696;-5852
1807400;-5852;11704;-5772;-5772
1807500;11544;-5792;-5792;11584
1807600;-5844;-5844;11688;-5792
1807700;-5792;11584;-5800;-5800
1807800;11600;-5804;-5804;11608
1807900;-5804;-5804;11608;-5800
1808000;-5800;11600;-5744;-5744
1808100;11488;-5816;-5816;11632
1808200;-5776;-5776;11552;-5760
1808300;-5760;11520;-5768;-5768
1808400;11536;-5780;-5780;11560
1808500;-5816;-5816;11632;-5756
1808600;-5756;11512;-5816;-5816
1808700;11632;-5800;-5800;11600
1808800;-6148;-6148;12296;-5772
1808900;-5772;11544;-5816;-5816
1809000;11632;-5848;-5848;11696
1809100;-5784;-5784;11568;-5796
1809200;-5796;11592;-5800;-5800
1809300;11600;-5764;-5764;11528
1809400;-5804;-5804;11608;-5816
1809500;-5816;11632;-5832;-5832
1809600;11664;-5832;-5832;11664
1809700;-5800;-5800;11600;-5844
1809800;-5844;11688;-5828;-5828
1809900;11656;-5816;-5816;11632
1810000;-5788;-5788;11576;-5864
1810100;-5864;11728;-5820;-5820
1810200;11640;-5876;-5876;11752
1810300;-5840;-5840;11680;-5880
1810400;-5880;11760;-5896;-5896
1810500;11792;-5872;-5872;11744
1810600;-5924;-5924;11848;-5872
1810700;-5872;11744;-5968;-5968
1810800;11936;-5992;-5992;11984
1810900;-6032;-6032;12064;-6112
1811000;-6112;12224;-6040;-6040
1811100;12080;-6096;-6096;12192
1811200;-6128;-6128;12256;-6168
1811300;-6168;12336;-6184;-6184
1811400;12368;-6220;-6220;12440
1811500;-6340;-6340;12680;-6352
1811600;-6352;12704;-6424;-6424
1811700;12848;-6396;-6396;12792
1811800;-6464;-6464;12928;-6428
1811900;-6428;12856;-6524;-6524
1812000;13048;-6540;-6540;13080
1812100;-6556;-6556;13112;-6580
1812200;-6580;13160;-6640;-6640
1812300;13280;-6632;-6632;13264
1812400;-6696;-6696;13392;-6740
1812500;-6740;13480;-6780;-6780
1812600;13560;-7416;-7416;14832
1812700;-6768;-6768;13536;-6796
1812800;-6796;13592;-6836;-6836
1812900;13672;-6844;-6844;13688
1813000;-6856;-6856;13712;-6912
1813100;-6912;13824;-6960;-6960
1813200;13920;-6972;-6972;13944
1813300;-6956;-6956;13912;-7076
1813400;-7076;14152;-7032;-7032
1813500;14064;-7084;-7084;14168
1813600;-7116;-7116;14232;-7172
1813700;-7172;14344;-7232;-7232
1813800;14464;-7764;-7764;15528
1813900;-7300;-7300;14600;-7364
1814000;-7364;14728;-7308;-7308
1814100;14616;-7436;-7436;14872
1814200;-7308;-7308;14616;-7364
1814300;-7364;14728;-7400;-7400
1814400;14800;-7424;-7424;14848
1814500;-7312;-7312;14624;-7384
1814600;-7384;14768;-7448;-7448
1814700;14896;-7472;-7472;14944
1814800;-7568;-7568;15136;-7572
1814900;-7572;15144;-7600;-7600
1815000;15200;-7692;-7692;15384
1815100;-7692;-7692;15384;-8368
1815200;-8368;16736;-7896;-7896
1815300;15792;-7980;-7980;15960
1815400;-8016;-8016;16032;-8096
1815500;-8096;16192;-8140;-8140
1815600;16280;-8284;-8284;16568
1815700;-8400;-8400;16800;-8436
1815800;-8436;16872;-8540;-8540
1815900;17080;-8644;-8644;17288
1816000;-8704;-8704;17408;-8704
1816100;-8704;17408;-8796;-8796
1816200;17592;-8872;-8872;17744
1816300;-8900;-8900;17800;-8956
1816400;-8956;17912;-9064;-9064
1816500;18128;-9084;-9084;18168
1816600;-9192;-9192;18384;-9132
1816700;-9132;18264;-9232;-9232
1816800;18464;-9304;-9304;18608
1816900;-9316;-9316;18632;-9360
1817000;-9360;18720;-9304;-9304
1817100;18608;-9328;-9328;18656
1817200;-9300;-9300;18600;-9224
1817300;-9224;18448;-9220;-9220
1817400;18440;-9272;-9272;18544
1817500;-9152;-9152;18304;-9156
1817600;-9156;18312;-9128;-9128
1817700;18256;-9096;-9096;18192
1817800;-9036;-9036;18072;-9044
1817900;-9044;18088;-9080;-9080
1818000;18160;-9112;-9112;18224
1818100;-9048;-9048;18096;-9052
1818200;-9052;18104;-9120;-9120
1818300;18240;-9120;-9120;18240
1818400;-9152;-9152;18304;-9172
1818500;-9172;18344;-9700;-9700
1818600;19400;-9284;-9284;18568
1818700;-9320;-9320;18640;-9444
1818800;-9444;18888;-9412;-9412
1818900;18824;-9504;-9504;19008
1819000;-9452;-9452;18904;-9528
1819100;-9528;19056;-9616;-9616
1819200;19232;-9624;-9624;19248
1819300;-9632;-9632;19264;-9764
1819400;-9764;19528;-9740;-9740
1819500;19480;-9732;-9732;19464
1819600;-9848;-9848;19696;-9792
1819700;-9792;19584;-9892;-9892
1819800;19784;-9892;-9892;19784
1819900;-9912;-9912;19824;-9924
1820000;-9924;19848;-9924;-9924
1820100;19848;-9956;-9956;19912
1820200;-10028;-10028;20056;-10064
1820300;-10064;20128;-14844;-14844
1820400;29688;-13428;-13428;26856
1820500;-13668;-13668;27336;-13808
1820600;-13808;27616;-13948;-13948
1820700;27896;-14036;-14036;28072
1820800;-14000;-14000;28000;-14036
1820900;-14036;28072;-14016;-14016
1821000;28032;-14004;-14004;28008
1821100;-14036;-14036;28072;-14028
1821200;-14028;28056;-14000;-14000
1821300;28000;-13904;-13904;27808
1821400;-13960;-13960;27920;-13936
1821500;-13936;27872;-13808;-13808
1821600;27616;-13860;-13860;27720
1821700;-13876;-13876;27752;-13880
1821800;-13880;27760;-13840;-13840
1821900;27680;-13816;-13816;27632
1822000;-13780;-13780;27560;-13784
1822100;-13784;27568;-13764;-13764
1822200;27528;-13660;-13660;27320
1822300;-13704;-13704;27408;-13688
1822400;-13688;27376;-13664;-13664
1822500;27328;-13624;-13624;27248
1822600;-13592;-13592;27184;-13500
1822700;-13500;27000;-13832;-13832
1822800;27664;-13428;-13428;26856
1822900;-13400;-13400;26800;-13404
1823000;-13404;26808;-13356;-13356
1823100;26712;-13280;-13280;26560
1823200;-13256;-13256;26512;-13280
1823300;-13280;26560;-13216;-13216
1823400;26432;-13152;-13152;26304
1823500;-13120;-13120;26240;-13132
1823600;-13132;26264;-13084;-13084
1823700;26168;-13032;-13032;26064
1823800;-12996;-12996;25992;-12976
1823900;-12976;25952;-12960;-12960
1824000;25920;-13296;-13296;26592
1824100;-12888;-12888;25776;-12824
1824200;-12824;25648;-12824;-12824
1824300;25648;-12732;-12732;25464
1824400;-12808;-12808;25616;-12672
1824500;-12672;25344;-12728;-12728
1824600;25456;-12680;-12680;25360
1824700;-12696;-12696;25392;-12556
1824800;-12556;25112;-12548;-12548
1824900;25096;-12428;-12428;24856
1825000;-12352;-12352;24704;-12348
1825100;-12348;24696;-12352;-12352
1825200;24704;-12308;-12308;24616
1825300;-12320;-12320;24640;-12328
1825400;-12328;24656;-12180;-12180
1825500;24360;-12144;-12144;24288
1825600;-12200;-12200;24400;-12136
1825700;-12136;24272;-12060;-12060
1825800;24120;-12060;-12060;24120
1825900;-12112;-12112;24224;-12092
1826000;-12092;24184;-12112;-12112
1826100;24224;-12124;-12124;24248
1826200;-12048;-12048;24096;-11984
1826300;-11984;23968;-12020;-12020
1826400;24040;-12060;-12060;24120
1826500;-12048;-12048;24096;-12064
1826600;-12064;24128;-11892;-11892
1826700;23784;-12024;-12024;24048
1826800;-12008;-12008;24016;-12008
1826900;-12008;24016;-12000;-12000
1827000;24000;-11996;-11996;23992
1827100;-11984;-11984;23968;-12024
1827200;-12024;24048;-12000;-12000
1827300;24000;-11956;-11956;23912
1827400;-11956;-11956;23912;-11988
1827500;-11988;23976;-12000;-12000
1827600;24000;-12060;-12060;24120
1827700;-12088;-12088;24176;-11996
1827800;-11996;23992;-12020;-12020
1827900;24040;-12028;-12028;24056
1828000;-12048;-12048;24096;-12120
1828100;-12120;24240;-12016;-12016
1828200;24032;-12012;-12012;24024
1828300;-12028;-12028;24056;-12100
1828400;-12100;24200;-11984;-11984
1828500;23968;-12004;-12004;24008
1828600;-12008;-12008;24016;-12008
1828700;-12008;24016;-11892;-11892
1828800;23784;-11928;-11928;23856
1828900;-11988;-11988;23976;-11964
1829000;-11964;23928;-11980;-11980
1829100;23960;-11876;-11876;23752
1829200;-11924;-11924;23848;-11956
1829300;-11956;23912;-11872;-11872
1829400;23744;-11884;-11884;23768
1829500;-11900;-11900;23800;-11888
1829600;-11888;23776;-11876;-11876
1829700;23752;-11904;-11904;23808
1829800;-11892;-11892;23784;-11860
1829900;-11860;23720;-12212;-12212
1830000;24424;-11792;-11792;23584
1830100;-11796;-11796;23592;-11824
1830200;-11824;23648;-11724;-11724
1830300;23448;-11744;-11744;23488
1830400;-11764;-11764;23528;-11724
1830500;-11724;23448;-11648;-11648
1830600;23296;-11696;-11696;23392
1830700;-11664;-11664;23328;-11660
1830800;-11660;23320;-11608;-11608
1830900;23216;-11608;-11608;23216
1831000;-11580;-11580;23160;-12176
1831100;-12176;24352;-11516;-11516
1831200;23032;-11540;-11540;23080
1831300;-11560;-11560;23120;-11400
1831400;-11400;22800;-11416;-11416
1831500;22832;-11360;-11360;22720
1831600;-11332;-11332;22664;-11304
1831700;-11304;22608;-11272;-11272
1831800;22544;-11252;-11252;22504
1831900;-11228;-11228;22456;-11160
1832000;-11160;22320;-11116;-11116
1832100;22232;-11040;-11040;22080
1832200;-11040;-11040;22080;-11000
1832300;-11000;22000;-11024;-11024
1832400;22048;-10860;-10860;21720
1832500;-10852;-10852;21704;-11480
1832600;-11480;22960;-10812;-10812
1832700;21624;-10768;-10768;21536
1832800;-10652;-10652;21304;-10656
1832900;-10656;21312;-10592;-10592
1833000;21184;-10572;-10572;21144
1833100;-10500;-10500;21000;-10468
1833200;-10468;20936;-10404;-10404
1833300;20808;-10464;-10464;20928
1833400;-10360;-10360;20720;-10240
1833500;-10240;20480;-10224;-10224
1833600;20448;-10200;-10200;20400
1833700;-10148;-10148;20296;7720
1833800;7720;-15440;6852;6852
1833900;-13704;6352;6352;-12704
1834000;6072;6072;-12144;6028
1834100;6028;-12056;5856;5856
1834200;-11712;5944;5944;-11888
1834300;6032;6032;-12064;6036
1834400;6036;-12072;6048;6048
1834500;-12096;6128;6128;-12256
1834600;6148;6148;-12296;6260
1834700;6260;-12520;6208;6208
1834800;-12416;6252;6252;-12504
1834900;6308;6308;-12616;6416
1835000;6416;-12832;6440;6440
1835100;-12880;6564;6564;-13128
1835200;6612;6612;-13224;6660
1835300;6660;-13320;6668;6668
1835400;-13336;6640;6640;-13280
1835500;6820;6820;-13640;6872
1835600;6872;-13744;6932;6932
1835700;-13864;7056;7056;-14112
1835800;6984;6984;-13968;7140
1835900;7140;-14280;7240;7240
1836000;-14480;7064;7064;-14128
1836100;7228;7228;-14456;7348
1836200;7348;-14696;7400;7400
1836300;-14800;7480;7480;-14960
1836400;7480;7480;-14960;7596
1836500;7596;-15192;7640;7640
1836600;-15280;7620;7620;-15240
1836700;7236;7236;-14472;7752
1836800;7752;-15504;7920;7920
1836900;-15840;7888;7888;-15776
1837000;8004;8004;-16008;8136
1837100;8136;-16272;8216;8216
1837200;-16432;8236;8236;-16472
1837300;8312;8312;-16624;8436
1837400;8436;-16872;8480;8480
1837500;-16960;8568;8568;-17136
1837600;8644;8644;-17288;8748
1837700;8748;-17496;8812;8812
1837800;-17624;8800;8800;-17600
1837900;8780;8780;-17560;8836
1838000;8836;-17672;8840;8840
1838100;-17680;8840;8840;-17680
1838200;8844;8844;-17688;8892
1838300;8892;-17784;8900;8900
1838400;-17800;8884;8884;-17768
1838500;8836;8836;-17672;8884
1838600;8884;-17768;8912;8912
1838700;-17824;8900;8900;-17800
1838800;8932;8932;-17864;8864
1838900;8864;-17728;8916;8916
1839000;-17832;8928;8928;-17856
1839100;8872;8872;-17744;8860
1839200;8860;-17720;9356;9356
1839300;-18712;8892;8892;-17784
1839400;8904;8904;-17808;8964
1839500;8964;-17928;8864;8864
1839600;-17728;8844;8844;-17688
1839700;8912;8912;-17824;8952
1839800;8952;-17904;8996;8996
1839900;-17992;8888;8888;-17776
1840000;8948;8948;-17896;8924
1840100;8924;-17848;8908;8908
1840200;-17816;8992;8992;-17984
1840300;8876;8876;-17752;8928
1840400;8928;-17856;8924;8924
1840500;-17848;8912;8912;-17824
1840600;8916;8916;-17832;9124
1840700;9124;-18248;8896;8896
1840800;-17792;8956;8956;-17912
1840900;8928;8928;-17856;8792
1841000;8792;-17584;8892;8892
1841100;-17784;8916;8916;-17832
1841200;8984;8984;-17968;9004
1841300;9004;-18008;8968;8968
1841400;-17936;9032;9032;-18064
1841500;8980;8980;-17960;8956
1841600;8956;-17912;9016;9016
1841700;-18032;9036;9036;-18072
1841800;8952;8952;-17904;9036
1841900;9036;-18072;9036;9036
1842000;-18072;9112;9112;-18224
1842100;9084;9084;-18168;9020
1842200;9020;-18040;9696;9696
1842300;-19392;9220;9220;-18440
1842400;9332;9332;-18664;9408
1842500;9408;-18816;9452;9452
1842600;-18904;9444;9444;-18888
1842700;9588;9588;-19176;9620
1842800;9620;-19240;9700;9700
1842900;-19400;9728;9728;-19456
1843000;9744;9744;-19488;9808
1843100;9808;-19616;9944;9944
1843200;-19888;9864;9864;-19728
1843300;9896;9896;-19792;9960
1843400;9960;-19920;10016;10016
1843500;-20032;10052;10052;-20104
1843600;10048;10048;-20096;10124
1843700;10124;-20248;10092;10092
1843800;-20184;10508;10508;-21016
1843900;10280;10280;-20560;10308
1844000;10308;-20616;10404;10404
1844100;-20808;9824;9824;-19648
1844200;11032;11032;-22064;10528
1844300;10528;-21056;10572;10572
1844400;-21144;10592;10592;-21184
1844500;10936;10936;-21872;10672
1844600;10672;-21344;10728;10728
1844700;-21456;10820;10820;-21640
1844800;10812;10812;-21624;10820
1844900;10820;-21640;10840;10840
1845000;-21680;10932;10932;-21864
1845100;10940;10940;-21880;10952
1845200;10952;-21904;11108;11108
1845300;-22216;11076;11076;-22152
1845400;11116;11116;-22232;11200
1845500;11200;-22400;11248;11248
1845600;-22496;11284;11284;-22568
1845700;11352;11352;-22704;11360
1845800;11360;-22720;11452;11452
1845900;-22904;11484;11484;-22968
1846000;11592;11592;-23184;11624
1846100;11624;-23248;11648;11648
1846200;-23296;11812;11812;-23624
1846300;11748;11748;-23496;11864
1846400;11864;-23728;11940;11940
1846500;-23880;11940;11940;-23880
1846600;11968;11968;-23936;11360
1846700;11360;-22720;12028;12028
1846800;-24056;12128;12128;-24256
1846900;11800;11800;-23600;12212
1847000;12212;-24424;12304;12304
1847100;-24608;12280;12280;-24560
1847200;7384;7384;-14768;2916
1847300;2916;-5832;2888;2888
1847400;-5776;2876;2876;-5752
1847500;2892;2892;-5784;2932
1847600;2932;-5864;2916;2916
1847700;-5832;2896;2896;-5792
1847800;2876;2876;-5752;2916
1847900;2916;-5832;2940;2940
1848000;-5880;2952;2952;-5904
1848100;2928;2928;-5856;2944
1848200;2944;-5888;2928;2928
1848300;-5856;2924;2924;-5848
1848400;2964;2964;-5928;2956
1848500;2956;-5912;2940;2940
1848600;-5880;2908;2908;-5816
1848700;2976;2976;-5952;2968
1848800;2968;-5936;3080;3080
1848900;-6160;2948;2948;-5896
1849000;2916;2916;-5832;3104
1849100;3104;-6208;2876;2876
1849200;-5752;2832;2832;-5664
1849300;2844;2844;-5688;2808
1849400;2808;-5616;2808;2808
1849500;-5616;2736;2736;-5472
1849600;2784;2784;-5568;2660
1849700;2660;-5320;2684;2684
1849800;-5368;2724;2724;-5448
1849900;2640;2640;-5280;2648
1850000;2648;-5296;2592;2592
1850100;-5184;2568;2568;-5136
1850200;2620;2620;-5240;2568
1850300;2568;-5136;2564;2564
1850400;-5128;2572;2572;-5144
1850500;2588;2588;-5176;2600
1850600;2600;-5200;2628;2628
1850700;-5256;2660;2660;-5320
1850800;2652;2652;-5304;2732
1850900;2732;-5464;2784;2784
1851000;-5568;2828;2828;-5656
1851100;2860;2860;-5720;2916
1851200;2916;-5832;2964;2964
1851300;-5928;2980;2980;-5960
1851400;3040;3040;-6080;3152
1851500;3152;-6304;3096;3096
1851600;-6192;3168;3168;-6336
1851700;3260;3260;-6520;3228
1851800;3228;-6456;3396;3396
1851900;-6792;3240;3240;-6480
1852000;3256;3256;-6512;3268
1852100;3268;-6536;3296;3296
1852200;-6592;3248;3248;-6496
1852300;3232;3232;-6464;3204
1852400;3204;-6408;3256;3256
1852500;-6512;3260;3260;-6520
1852600;3224;3224;-6448;3300
1852700;3300;-6600;3308;3308
1852800;-6616;3308;3308;-6616
1852900;3384;3384;-6768;3408
1853000;3408;-6816;3476;3476
1853100;-6952;3488;3488;-6976
1853200;3552;3552;-7104;3568
1853300;3568;-7136;3700;3700
1853400;-7400;3736;3736;-7472
1853500;3788;3788;-7576;3808
1853600;3808;-7616;3924;3924
1853700;-7848;3904;3904;-7808
1853800;3940;3940;-7880;3976
1853900;3976;-7952;4056;4056
1854000;-8112;4084;4084;-8168
1854100;4160;4160;-8320;4136
1854200;4136;-8272;4192;4192
1854300;-8384;4228;4228;-8456
1854400;4240;4240;-8480;4204
1854500;4204;-8408;4340;4340
1854600;-8680;4324;4324;-8648
1854700;4348;4348;-8696;4432
1854800;4432;-8864;4416;4416
1854900;-8832;4476;4476;-8952
1855000;4620;4620;-9240;4512
1855100;4512;-9024;4568;4568
1855200;-9136;4576;4576;-9152
1855300;4628;4628;-9256;4676
1855400;4676;-9352;4628;4628
1855500;-9256;4684;4684;-9368
1855600;4716;4716;-9432;4840
1855700;4840;-9680;4920;4920
1855800;-9840;4868;4868;-9736
1855900;4940;4940;-9880;4996
1856000;4996;-9992;5088;5088
1856100;-10176;5116;5116;-10232
1856200;5148;5148;-10296;5228
1856300;5228;-10456;5304;5304
1856400;-10608;5392;5392;-10784
1856500;5448;5448;-10896;5456
1856600;5456;-10912;5528;5528
1856700;-11056;5548;5548;-11096
1856800;5512;5512;-11024;5596
1856900;5596;-11192;5680;5680
1857000;-11360;5728;5728;-11456
1857100;5728;5728;-11456;5824
1857200;5824;-11648;5788;5788
1857300;-11576;5820;5820;-11640
1857400;5832;5832;-11664;5824
1857500;5824;-11648;5872;5872
1857600;-11744;5868;5868;-11736
1857700;5932;5932;-11864;5912
1857800;5912;-11824;5936;5936
1857900;-11872;5964;5964;-11928
1858000;6004;6004;-12008;6076
1858100;6076;-12152;6032;6032
1858200;-12064;6104;6104;-12208
1858300;6092;6092;-12184;6232
1858400;6232;-12464;6244;6244
1858500;-12488;6236;6236;-12472
1858600;6336;6336;-12672;6364
1858700;6364;-12728;6500;6500
1858800;-13000;6476;6476;-12952
1858900;6544;6544;-13088;6588
1859000;6588;-13176;6604;6604
1859100;-13208;6688;6688;-13376
1859200;6792;6792;-13584;6752
1859300;6752;-13504;6868;6868
1859400;-13736;6952;6952;-13904
1859500;6884;6884;-13768;6972
1859600;6972;-13944;7032;7032
1859700;-14064;7016;7016;-14032
1859800;7112;7112;-14224;7152
1859900;7152;-14304;7220;7220
1860000;-14440;7256;7256;-14512
1860100;7296;7296;-14592;7404
1860200;7404;-14808;7344;7344
1860300;-14688;7356;7356;-14712
1860400;7476;7476;-14952;7448
1860500;7448;-14896;7480;7480
1860600;-14960;7336;7336;-14672
1860700;7352;7352;-14704;7380
1860800;7380;-14760;7444;7444
1860900;-14888;7440;7440;-14880
1861000;7476;7476;-14952;7492
1861100;7492;-14984;7464;7464
1861200;-14928;7468;7468;-14936
1861300;7448;7448;-14896;7376
1861400;7376;-14752;7416;7416
1861500;-14832;7368;7368;-14736
1861600;7340;7340;-14680;7344
1861700;7344;-14688;7304;7304
1861800;-14608;7296;7296;-14592
1861900;7252;7252;-14504;7204
1862000;7204;-14408;7252;7252
1862100;-14504;7144;7144;-14288
1862200;7100;7100;-14200;7124
1862300;7124;-14248;7044;7044
1862400;-14088;7012;7012;-14024
1862500;6932;6932;-13864;6912
1862600;6912;-13824;6952;6952
1862700;-13904;6936;6936;-13872
1862800;6844;6844;-13688;6860
1862900;6860;-13720;6796;6796
1863000;-13592;6768;6768;-13536
1863100;6704;6704;-13408;6728
1863200;6728;-13456;6692;6692
1863300;-13384;6608;6608;-13216
1863400;6608;6608;-13216;6560
1863500;6560;-13120;6516;6516
1863600;-13032;6476;6476;-12952
1863700;6468;6468;-12936;6404
1863800;6404;-12808;6404;6404
1863900;-12808;6356;6356;-12712
1864000;6324;6324;-12648;6308
1864100;6308;-12616;6232;6232
1864200;-12464;6176;6176;-12352
1864300;6200;6200;-12400;6160
1864400;6160;-12320;6068;6068
1864500;-12136;6060;6060;-12120
1864600;6048;6048;-12096;5968
1864700;5968;-11936;5916;5916
1864800;-11832;5924;5924;-11848
1864900;5900;5900;-11800;5824
1865000;5824;-11648;5800;5800
1865100;-11600;5756;5756;-11512
1865200;5744;5744;-11488;5700
1865300;5700;-11400;5600;5600
1865400;-11200;5608;5608;-11216
1865500;5516;5516;-11032;5532
1865600;5532;-11064;5420;5420
1865700;-10840;5408;5408;-10816
1865800;5380;5380;-10760;5292
1865900;5292;-10584;5344;5344
1866000;-10688;5184;5184;-10368
1866100;5152;5152;-10304;5104
1866200;5104;-10208;5112;5112
1866300;-10224;5048;5048;-10096
1866400;5032;5032;-10064;4976
1866500;4976;-9952;4908;4908
1866600;-9816;4976;4976;-9952
1866700;4832;4832;-9664;4788
1866800;4788;-9576;4824;4824
1866900;-9648;4720;4720;-9440
1867000;4744;4744;-9488;4776
1867100;4776;-9552;4756;4756
1867200;-9512;4764;4764;-9528
1867300;4748;4748;-9496;4736
1867400;4736;-9472;4684;4684
1867500;-9368;4744;4744;-9488
1867600;4716;4716;-9432;4756
1867700;4756;-9512;4756;4756
1867800;-9512;4760;4760;-9520
1867900;4716;4716;-9432;4724
1868000;4724;-9448;4712;4712
1868100;-9424;4716;4716;-9432
1868200;4732;4732;-9464;4744
1868300;4744;-9488;4620;4620
1868400;-9240;4640;4640;-9280
1868500;4608;4608;-9216;4620
1868600;4620;-9240;4560;4560
1868700;-9120;4552;4552;-9104
1868800;4568;4568;-9136;4516
1868900;4516;-9032;4476;4476
1869000;-8952;4564;4564;-9128
1869100;4428;4428;-8856;4468
1869200;4468;-8936;4464;4464
1869300;-8928;4436;4436;-8872
1869400;4384;4384;-8768;4484
1869500;4484;-8968;4564;4564
1869600;-9128;4376;4376;-8752
1869700;4336;4336;-8672;4300
1869800;4300;-8600;4356;4356
1869900;-8712;4256;4256;-8512
1870000;4280;4280;-8560;4272
1870100;4272;-8544;4268;4268
1870200;-8536;4284;4284;-8568
1870300;4256;4256;-8512;4200
1870400;4200;-8400;4176;4176
1870500;-8352;4152;4152;-8304
1870600;4204;4204;-8408;4100
1870700;4100;-8200;4084;4084
1870800;-8168;4052;4052;-8104
1870900;4120;4120;-8240;4052
1871000;4052;-8104;4060;4060
1871100;-8120;4000;4000;-8000
1871200;4028;4028;-8056;3984
1871300;3984;-7968;3888;3888
1871400;-7776;3876;3876;-7752
1871500;3888;3888;-7776;3796
1871600;3796;-7592;3808;3808
1871700;-7616;3852;3852;-7704
1871800;3796;3796;-7592;3800
1871900;3800;-7600;3700;3700
1872000;-7400;3708;3708;-7416
1872100;3720;3720;-7440;3668
1872200;3668;-7336;3608;3608
1872300;-7216;3532;3532;-7064
1872400;3536;3536;-7072;3432
1872500;3432;-6864;3380;3380
1872600;-6760;3384;3384;-6768
1872700;3336;3336;-6672;3268
1872800;3268;-6536;3180;3180
1872900;-6360;3156;3156;-6312
1873000;3092;3092;-6184;3080
1873100;3080;-6160;3064;3064
1873200;-6128;3052;3052;-6104
1873300;2936;2936;-5872;2912
1873400;2912;-5824;2836;2836
1873500;-5672;2964;2964;-5928
1873600;2836;2836;-5672;2824
1873700;2824;-5648;2752;2752
1873800;-5504;2760;2760;-5520
1873900;16168;16168;-32336;17988
1874000;17988;29560;18536;18536
1874100;28464;18584;18584;28368
1874200;18564;18564;28408;18648
1874300;18648;28240;18512;18512
1874400;28512;18548;18548;28440
1874500;18464;18464;28608;18420
1874600;18420;28696;18404;18404
1874700;28728;18344;18344;28848
1874800;18292;18292;28952;18544
1874900;18544;28448;18240;18240
1875000;29056;17996;17996;29544
1875100;18272;18272;28992;18048
1875200;18048;29440;17944;17944
1875300;29648;17984;17984;29568
1875400;17964;17964;29608;17920
1875500;17920;29696;17892;17892
1875600;29752;17824;17824;29888
1875700;17812;17812;29912;17728
1875800;17728;30080;17700;17700
1875900;30136;17672;17672;30192
1876000;17656;17656;30224;17596
1876100;17596;30344;17536;17536
1876200;30464;17552;17552;30432
1876300;17480;17480;30576;17488
1876400;17488;30560;17372;17372
1876500;30792;17376;17376;30784
1876600;17328;17328;30880;17360
1876700;17360;30816;17224;17224
1876800;31088;17228;17228;31080
1876900;17140;17140;31256;17072
1877000;17072;31392;17144;17144
1877100;31248;17092;17092;31352
1877200;17096;17096;31344;16976
1877300;16976;31584;16968;16968
1877400;31600;16868;16868;31800
1877500;16940;16940;31656;16840
1877600;16840;31856;16864;16864
1877700;31808;16924;16924;31688
1877800;16876;16876;31784;16904
1877900;16904;31728;16880;16880
1878000;31776;16996;16996;31544
1878100;17008;17008;31520;16980
1878200;16980;31576;16924;16924
1878300;31688;17016;17016;31504
1878400;16956;16956;31624;17496
1878500;17496;30544;17008;17008
1878600;31520;17040;17040;31456
1878700;17144;17144;31248;17048
1878800;17048;31440;17008;17008
1878900;31520;17044;17044;31448
1879000;17044;17044;31448;17000
1879100;17000;31536;16972;16972
1879200;31592;16880;16880;31776
1879300;16932;16932;31672;16808
1879400;16808;31920;16752;16752
1879500;32032;16712;16712;32112
1879600;16572;16572;32392;16576
1879700;16576;32384;16564;16564
1879800;32408;16396;16396;32744
1879900;16500;16500;32536;16300
1880000;16300;-32600;16244;16244
1880100;-32488;16180;16180;-32360
1880200;16152;16152;-32304;16052
1880300;16052;-32104;16096;16096
1880400;-32192;15932;15932;-31864
1880500;15956;15956;-31912;15920
1880600;15920;-31840;15896;15896
1880700;-31792;15656;15656;-31312
1880800;15792;15792;-31584;15708
1880900;15708;-31416;15696;15696
1881000;-31392;15604;15604;-31208
1881100;15496;15496;-30992;15560
1881200;15560;-31120;15516;15516
1881300;-31032;15372;15372;-30744
1881400;15452;15452;-30904;15348
1881500;15348;-30696;15276;15276
1881600;-30552;15252;15252;-30504
1881700;15160;15160;-30320;15176
1881800;15176;-30352;15304;15304
1881900;-30608;15196;15196;-30392
1882000;15300;15300;-30600;15316
1882100;15316;-30632;15364;15364
1882200;-30728;15364;15364;-30728
1882300;15380;15380;-30760;15324
1882400;15324;-30648;15360;15360
1882500;-30720;15436;15436;-30872
1882600;15300;15300;-30600;15456
1882700;15456;-30912;15472;15472
1882800;-30944;15496;15496;-30992
1882900;15464;15464;-30928;15596
1883000;15596;-31192;15548;15548
1883100;-31096;15568;15568;-31136
1883200;15640;15640;-31280;15652
1883300;15652;-31304;15640;15640
1883400;-31280;15788;15788;-31576
1883500;15696;15696;-31392;15660
1883600;15660;-31320;15740;15740
1883700;-31480;15644;15644;-31288
1883800;15768;15768;-31536;15660
1883900;15660;-31320;15716;15716
1884000;-31432;15688;15688;-31376
1884100;15624;15624;-31248;15708
1884200;15708;-31416;15676;15676
1884300;-31352;15700;15700;-31400
1884400;15688;15688;-31376;15180
1884500;15180;-30360;15624;15624
1884600;-31248;15668;15668;-31336
1884700;15636;15636;-31272;15676
1884800;15676;-31352;15616;15616
1884900;-31232;15628;15628;-31256
1885000;15656;15656;-31312;15608
1885100;15608;-31216;15604;15604
1885200;-31208;15616;15616;-31232
1885300;15564;15564;-31128;15600
1885400;15600;-31200;15596;15596
1885500;-31192;15012;15012;-30024
1885600;15624;15624;-31248;15508
1885700;15508;-31016;15564;15564
1885800;-31128;15536;15536;-31072
1885900;15536;15536;-31072;15556
1886000;15556;-31112;15600;15600
1886100;-31200;15564;15564;-31128
1886200;15540;15540;-31080;15584
1886300;15584;-31168;15476;15476
1886400;-30952;15556;15556;-31112
1886500;15576;15576;-31152;15464
1886600;15464;-30928;15600;15600
1886700;-31200;15540;15540;-31080
1886800;15560;15560;-31120;15412
1886900;15412;-30824;15516;15516
1887000;-31032;15512;15512;-31024
1887100;15452;15452;-30904;-8188
1887200;-8188;16376;-5900;-5900
1887300;11800;-5868;-5868;11736
1887400;-5872;-5872;11744;-5776
1887500;-5776;11552;-5848;-5848
1887600;11696;-5808;-5808;11616
1887700;-5848;-5848;11696;-5772
1887800;-5772;11544;-5792;-5792
1887900;11584;-5868;-5868;11736
1888000;-5764;-5764;11528;-5832
1888100;-5832;11664;-5804;-5804
1888200;11608;-5760;-5760;11520
1888300;-5756;-5756;11512;-5828
1888400;-5828;11656;-5728;-5728
1888500;11456;-5728;-5728;11456
1888600;-5800;-5800;11600;-5780
1888700;-5780;11560;-5772;-5772
1888800;11544;-5764;-5764;11528
1888900;-5696;-5696;11392;-5748
1889000;-5748;11496;-5760;-5760
1889100;11520;-5784;-5784;11568
1889200;-5776;-5776;11552;-5752
1889300;-5752;11504;-5768;-5768
1889400;11536;-5760;-5760;11520
1889500;-5764;-5764;11528;-5788
1889600;-5788;11576;-5796;-5796
1889700;11592;-5780;-5780;11560
1889800;-5800;-5800;11600;-5836
1889900;-5836;11672;-5820;-5820
1890000;11640;-5788;-5788;11576
1890100;-5788;-5788;11576;-5848
1890200;-5848;11696;-5860;-5860
1890300;11720;-5808;-5808;11616
1890400;-5848;-5848;11696;-5908
1890500;-5908;11816;-5848;-5848
1890600;11696;-5868;-5868;11736
1890700;-5876;-5876;11752;-5952
1890800;-5952;11904;-5936;-5936
1890900;11872;-5956;-5956;11912
1891000;-5980;-5980;11960;-5988
1891100;-5988;11976;-6052;-6052
1891200;12104;-6100;-6100;12200
1891300;-6096;-6096;12192;-6132
1891400;-6132;12264;-6152;-6152
1891500;12304;-6260;-6260;12520
1891600;-6224;-6224;12448;-6272
1891700;-6272;12544;-6356;-6356
1891800;12712;-6444;-6444;12888
1891900;-6424;-6424;12848;-6496
1892000;-6496;12992;-6512;-6512
1892100;13024;-6808;-6808;13616
1892200;-6532;-6532;13064;-6596
1892300;-6596;13192;-6632;-6632
1892400;13264;-6708;-6708;13416
1892500;-6608;-6608;13216;-6712
1892600;-6712;13424;-6728;-6728
1892700;13456;-6756;-6756;13512
1892800;-6804;-6804;13608;-6840
1892900;-6840;13680;-6872;-6872
1893000;13744;-6900;-6900;13800
1893100;-6856;-6856;13712;-6904
1893200;-6904;13808;-6872;-6872
1893300;13744;-6920;-6920;13840
1893400;-6940;-6940;13880;-6948
1893500;-6948;13896;-7064;-7064
1893600;14128;-7052;-7052;14104
1893700;-7080;-7080;14160;-7084
1893800;-7084;14168;-7132;-7132
1893900;14264;-7216;-7216;14432
1894000;-7276;-7276;14552;-7280
1894100;-7280;14560;-7324;-7324
1894200;14648;-7316;-7316;14632
1894300;-7360;-7360;14720;-7384
1894400;-7384;14768;-7296;-7296
1894500;14592;-7344;-7344;14688
1894600;-7400;-7400;14800;-7376
1894700;-7376;14752;-7344;-7344
1894800;14688;-7372;-7372;14744
1894900;-7480;-7480;14960;-7488
1895000;-7488;14976;-7560;-7560
1895100;15120;-7600;-7600;15200
1895200;-8288;-8288;16576;-7720
1895300;-7720;15440;-7864;-7864
1895400;15728;-7896;-7896;15792
1895500;-8012;-8012;16024;-7996
1895600;-7996;15992;-8104;-8104
1895700;16208;-8212;-8212;16424
1895800;-8312;-8312;16624;-8368
1895900;-8368;16736;-8404;-8404
1896000;16808;-8504;-8504;17008
1896100;-8596;-8596;17192;-8676
1896200;-8676;17352;-8772;-8772
1896300;17544;-8800;-8800;17600
1896400;-8880;-8880;17760;-9000
1896500;-9000;18000;-9040;-9040
1896600;18080;-9112;-9112;18224
1896700;-9132;-9132;18264;-9128
1896800;-9128;18256;-9220;-9220
1896900;18440;-9272;-9272;18544
1897000;-9292;-9292;18584;-9380
1897100;-9380;18760;-9416;-9416
1897200;18832;-9284;-9284;18568
1897300;-9252;-9252;18504;-9272
1897400;-9272;18544;-9272;-9272
1897500;18544;-9192;-9192;18384
1897600;-9164;-9164;18328;-9108
1897700;-9108;18216;-9104;-9104
1897800;18208;-9108;-9108;18216
1897900;-9112;-9112;18224;-9032
1898000;-9032;18064;-8980;-8980
1898100;17960;-9036;-9036;18072
1898200;-9044;-9044;18088;-9056
1898300;-9056;18112;-9040;-9040
1898400;18080;-9124;-9124;18248
1898500;-9116;-9116;18232;-9136
1898600;-9136;18272;-9288;-9288
1898700;18576;-9256;-9256;18512
1898800;-9244;-9244;18488;-9312
1898900;-9312;18624;-9360;-9360
1899000;18720;-9440;-9440;18880
1899100;-9388;-9388;18776;-9484
1899200;-9484;18968;-9544;-9544
1899300;19088;-9532;-9532;19064
1899400;-9548;-9548;19096;-9580
1899500;-9580;19160;-9704;-9704
1899600;19408;-9724;-9724;19448
1899700;-9744;-9744;19488;-9832
1899800;-9832;19664;-9864;-9864
1899900;19728;-9880;-9880;19760
1900000;-9916;-9916;19832;-9880
1900100;-9880;19760;-9936;-9936
1900200;19872;-10004;-10004;20008
1900300;-9976;-9976;19952;-10056
1900400;-10056;20112;-10008;-10008
1900500;20016;-14884;-14884;29768
1900600;-13356;-13356;26712;-13668
1900700;-13668;27336;-13844;-13844
1900800;27688;-13948;-13948;27896
1900900;-13972;-13972;27944;-14016
1901000;-14016;28032;-14020;-14020
1901100;28040;-13988;-13988;27976
1901200;-14028;-14028;28056;-14064
1901300;-14064;28128;-13976;-13976
1901400;27952;-13972;-13972;27944
1901500;-13948;-13948;27896;-13928
1901600;-13928;27856;-13872;-13872
1901700;27744;-13836;-13836;27672
1901800;-13896;-13896;27792;-13796
1901900;-13796;27592;-13800;-13800
1902000;27600;-13784;-13784;27568
1902100;-13784;-13784;27568;-13756
1902200;-13756;27512;-13760;-13760
1902300;27520;-13772;-13772;27544
1902400;-13668;-13668;27336;-13716
1902500;-13716;27432;-13580;-13580
1902600;27160;-13624;-13624;27248
1902700;-13624;-13624;27248;-13592
1902800;-13592;27184;-13544;-13544
1902900;27088;-13524;-13524;27048
1903000;-13464;-13464;26928;-13400
1903100;-13400;26800;-13356;-13356
1903200;26712;-13340;-13340;26680
1903300;-13276;-13276;26552;-13252
1903400;-13252;26504;-13204;-13204
1903500;26408;-13184;-13184;26368
1903600;-13188;-13188;26376;-13088
1903700;-13088;26176;-13108;-13108
1903800;26216;-13100;-13100;26200
1903900;-12944;-12944;25888;-13044
1904000;-13044;26088;-12968;-12968
1904100;25936;-12880;-12880;25760
1904200;-12848;-12848;25696;-12880
1904300;-12880;25760;-12824;-12824
1904400;25648;-12772;-12772;25544
1904500;-12772;-12772;25544;-12728
1904600;-12728;25456;-12704;-12704
1904700;25408;-12728;-12728;25456
1904800;-12612;-12612;25224;-12616
1904900;-12616;25232;-12556;-12556
1905000;25112;-12428;-12428;24856
1905100;-12420;-12420;24840;-12320
1905200;-12320;24640;-12336;-12336
1905300;24672;-12304;-12304;24608
1905400;-12296;-12296;24592;-12188
1905500;-12188;24376;-12192;-12192
1905600;24384;-12196;-12196;24392
1905700;-12168;-12168;24336;-12148
1905800;-12148;24296;-12124;-12124
1905900;24248;-12148;-12148;24296
1906000;-12056;-12056;24112;-12044
1906100;-12044;24088;-12084;-12084
1906200;24168;-12120;-12120;24240
1906300;-12004;-12004;24008;-12068
1906400;-12068;24136;-12076;-12076
1906500;24152;-12072;-12072;24144
1906600;-12020;-12020;24040;-11984
1906700;-11984;23968;-12052;-12052
1906800;24104;-12008;-12008;24016
1906900;-11984;-11984;23968;-12000
1907000;-12000;24000;-11996;-11996
1907100;23992;-11956;-11956;23912
1907200;-11916;-11916;23832;-11936
1907300;-11936;23872;-12000;-12000
1907400;24000;-11992;-11992;23984
1907500;-11932;-11932;23864;-11984
1907600;-11984;23968;-11996;-11996
1907700;23992;-12016;-12016;24032
1907800;-12068;-12068;24136;-11960
1907900;-11960;23920;-11996;-11996
1908000;23992;-12036;-12036;24072
1908100;-12036;-12036;24072;-11988
1908200;-11988;23976;-12004;-12004
1908300;24008;-12020;-12020;24040
1908400;-12024;-12024;24048;-11988
1908500;-11988;23976;-11984;-11984
1908600;23968;-11996;-11996;23992
1908700;-12020;-12020;24040;-11988
1908800;-11988;23976;-11976;-11976
1908900;23952;-12076;-12076;24152
1909000;-11956;-11956;23912;-11984
1909100;-11984;23968;-12020;-12020
1909200;24040;-11936;-11936;23872
1909300;-11964;-11964;23928;-11876
1909400;-11876;23752;-11896;-11896
1909500;23792;-11912;-11912;23824
1909600;-11868;-11868;23736;-11944
1909700;-11944;23888;-11952;-11952
1909800;23904;-11912;-11912;23824
1909900;-11836;-11836;23672;-11796
1910000;-11796;23592;-11792;-11792
1910100;23584;-11848;-11848;23696
1910200;-11800;-11800;23600;-11768
1910300;-11768;23536;-11784;-11784
1910400;23568;-11740;-11740;23480
1910500;-11768;-11768;23536;-11740
1910600;-11740;23480;-11736;-11736
1910700;23472;-11648;-11648;23296
1910800;-11612;-11612;23224;-11648
1910900;-11648;23296;-11628;-11628
1911000;23256;-11624;-11624;23248
1911100;-11648;-11648;23296;-11568
1911200;-11568;23136;-11536;-11536
1911300;23072;-11532;-11532;23064
1911400;-11532;-11532;23064;-11464
1911500;-11464;22928;-11472;-11472
1911600;22944;-11384;-11384;22768
1911700;-11324;-11324;22648;-11328
1911800;-11328;22656;-11280;-11280
1911900;22560;-11264;-11264;22528
1912000;-11204;-11204;22408;-11172
1912100;-11172;22344;-11132;-11132
1912200;22264;-11112;-11112;22224
1912300;-11032;-11032;22064;-10988
1912400;-10988;21976;-10976;-10976
1912500;21952;-10948;-10948;21896
1912600;-10840;-10840;21680;-10816
1912700;-10816;21632;-10848;-10848
1912800;21696;-10752;-10752;21504
1912900;-10740;-10740;21480;-10724
1913000;-10724;21448;-10644;-10644
1913100;21288;-10620;-10620;21240
1913200;-10544;-10544;21088;-10552
1913300;-10552;21104;-10528;-10528
1913400;21056;-10432;-10432;20864
1913500;-10336;-10336;20672;-10748
1913600;-10748;21496;-10260;-10260
1913700;20520;-10204;-10204;20408
1913800;-10208;-10208;20416;-10076
1913900;-10076;20152;7756;7756
1914000;-15512;6792;6792;-13584
1914100;6336;6336;-12672;6100
1914200;6100;-12200;5980;5980
1914300;-11960;5968;5968;-11936
1914400;5668;5668;-11336;6044
1914500;6044;-12088;6024;6024
1914600;-12048;6108;6108;-12216
1914700;6072;6072;-12144;6104
1914800;6104;-12208;6200;6200
1914900;-12400;6236;6236;-12472
1915000;6788;6788;-13576;6356
1915100;6356;-12712;6480;6480
1915200;-12960;6548;6548;-13096
1915300;6512;6512;-13024;6528
1915400;6528;-13056;6608;6608
1915500;-13216;6652;6652;-13304
1915600;6752;6752;-13504;6872
1915700;6872;-13744;6876;6876
1915800;-13752;6984;6984;-13968
1915900;6936;6936;-13872;7040
1916000;7040;-14080;7124;7124
1916100;-14248;7224;7224;-14448
1916200;7264;7264;-14528;7344
1916300;7344;-14688;7332;7332
1916400;-14664;7460;7460;-14920
1916500;7508;7508;-15016;7552
1916600;7552;-15104;7584;7584
1916700;-15168;7728;7728;-15456
1916800;7708;7708;-15416;7724
1916900;7724;-15448;7836;7836
1917000;-15672;7908;7908;-15816
1917100;7908;7908;-15816;8020
1917200;8020;-16040;8104;8104
1917300;-16208;8112;8112;-16224
1917400;8208;8208;-16416;8360
1917500;8360;-16720;8392;8392
1917600;-16784;8440;8440;-16880
1917700;8568;8568;-17136;8664
1917800;8664;-17328;8692;8692
1917900;-17384;8764;8764;-17528
1918000;8848;8848;-17696;8796
1918100;8796;-17592;8852;8852
1918200;-17704;8800;8800;-17600
1918300;8932;8932;-17864;8860
1918400;8860;-17720;8856;8856
1918500;-17712;8840;8840;-17680
1918600;8920;8920;-17840;8828
1918700;8828;-17656;8908;8908
1918800;-17816;8820;8820;-17640
1918900;8868;8868;-17736;8832
1919000;8832;-17664;8792;8792
1919100;-17584;9264;9264;-18528
1919200;8848;8848;-17696;8944
1919300;8944;-17888;8940;8940
1919400;-17880;8900;8900;-17800
1919500;8920;8920;-17840;8896
1919600;8896;-17792;8872;8872
1919700;-17744;8916;8916;-17832
1919800;8832;8832;-17664;8820
1919900;8820;-17640;8920;8920
1920000;-17840;8860;8860;-17720
1920100;8844;8844;-17688;8844
1920200;8844;-17688;8868;8868
1920300;-17736;8892;8892;-17784
1920400;8912;8912;-17824;8852
1920500;8852;-17704;8888;8888
1920600;-17776;8884;8884;-17768
1920700;8952;8952;-17904;8932
1920800;8932;-17864;8912;8912
1920900;-17824;8908;8908;-17816
1921000;8920;8920;-17840;9296
1921100;9296;-18592;8940;8940
1921200;-17880;8884;8884;-17768
1921300;8896;8896;-17792;8944
1921400;8944;-17888;8996;8996
1921500;-17992;8904;8904;-17808
1921600;8952;8952;-17904;8944
1921700;8944;-17888;8984;8984
1921800;-17968;9272;9272;-18544
1921900;8964;8964;-17928;9060
1922000;9060;-18120;9100;9100
1922100;-18200;9008;9008;-18016
1922200;9040;9040;-18080;9144
1922300;9144;-18288;9172;9172
1922400;-18344;9120;9120;-18240
1922500;9196;9196;-18392;9288
1922600;9288;-18576;9276;9276
1922700;-18552;9452;9452;-18904
1922800;9428;9428;-18856;9536
1922900;9536;-19072;9584;9584
1923000;-19168;9656;9656;-19312
1923100;9664;9664;-19328;9656
1923200;9656;-19312;9788;9788
1923300;-19576;9784;9784;-19568
1923400;9892;9892;-19784;9936
1923500;9936;-19872;9892;9892
1923600;-19784;10048;10048;-20096
1923700;9940;9940;-19880;10008
1923800;10008;-20016;10080;10080
1923900;-20160;10124;10124;-20248
1924000;10228;10228;-20456;10156
1924100;10156;-20312;10272;10272
1924200;-20544;10280;10280;-20560
1924300;10364;10364;-20728;10464
1924400;10464;-20928;10456;10456
1924500;-20912;9960;9960;-19920
1924600;10568;10568;-21136;10588
1924700;10588;-21176;10644;10644
1924800;-21288;10708;10708;-21416
1924900;10820;10820;-21640;10760
1925000;10760;-21520;10800;10800
1925100;-21600;10876;10876;-21752
1925200;10932;10932;-21864;10880
1925300;10880;-21760;10860;10860
1925400;-21720;11256;11256;-22512
1925500;11008;11008;-22016;11092
1925600;11092;-22184;11104;11104
1925700;-22208;11204;11204;-22408
1925800;11264;11264;-22528;11260
1925900;11260;-22520;11388;11388
1926000;-22776;11400;11400;-22800
1926100;11696;11696;-23392;11476
1926200;11476;-22952;11548;11548
1926300;-23096;11712;11712;-23424
1926400;11580;11580;-23160;11688
1926500;11688;-23376;11796;11796
1926600;-23592;11820;11820;-23640
1926700;11928;11928;-23856;11932
1926800;11932;-23864;12036;12036
1926900;-24072;12100;12100;-24200
1927000;12088;12088;-24176;12200
1927100;12200;-24400;12224;12224
1927200;-24448;12260;12260;-24520
1927300;12404;12404;-24808;7364
1927400;7364;-14728;2908;2908
1927500;-5816;2908;2908;-5816
1927600;2884;2884;-5768;2868
1927700;2868;-5736;2908;2908
1927800;-5816;2920;2920;-5840
1927900;2936;2936;-5872;2920
1928000;2920;-5840;2932;2932
1928100;-5864;2948;2948;-5896
1928200;2936;2936;-5872;2940
1928300;2940;-5880;2892;2892
1928400;-5784;2908;2908;-5816
1928500;2968;2968;-5936;2940
1928600;2940;-5880;2968;2968
1928700;-5936;2960;2960;-5920
1928800;2948;2948;-5896;2988
1928900;2988;-5976;2948;2948
1929000;-5896;2960;2960;-5920
1929100;2920;2920;-5840;2932
1929200;2932;-5864;2848;2848
1929300;-5696;2864;2864;-5728
1929400;2824;2824;-5648;2716
1929500;2716;-5432;2788;2788
1929600;-5576;2768;2768;-5536
1929700;2720;2720;-5440;2720
1929800;2720;-5440;2716;2716
1929900;-5432;2780;2780;-5560
1930000;2696;2696;-5392;2648
1930100;2648;-5296;2612;2612
1930200;-5224;2608;2608;-5216
1930300;2616;2616;-5232;2596
1930400;2596;-5192;2552;2552
1930500;-5104;2532;2532;-5064
1930600;2608;2608;-5216;2508
1930700;2508;-5016;2580;2580
1930800;-5160;2728;2728;-5456
1930900;2676;2676;-5352;2732
1931000;2732;-5464;2704;2704
1931100;-5408;2740;2740;-5480
1931200;2836;2836;-5672;2900
1931300;2900;-5800;2912;2912
1931400;-5824;2912;2912;-5824
1931500;3060;3060;-6120;3064
1931600;3064;-6128;3088;3088
1931700;-6176;3188;3188;-6376
1931800;3148;3148;-6296;3244
1931900;3244;-6488;3316;3316
1932000;-6632;3196;3196;-6392
1932100;3272;3272;-6544;3232
1932200;3232;-6464;3244;3244
1932300;-6488;3288;3288;-6576
1932400;3264;3264;-6528;3228
1932500;3228;-6456;3252;3252
1932600;-6504;3288;3288;-6576
1932700;3264;3264;-6528;3304
1932800;3304;-6608;3312;3312
1932900;-6624;3592;3592;-7184
1933000;3368;3368;-6736;3416
1933100;3416;-6832;3544;3544
1933200;-7088;4124;4124;-8248
1933300;3532;3532;-7064;3552
1933400;3552;-7104;3700;3700
1933500;-7400;3660;3660;-7320
1933600;3752;3752;-7504;3816
1933700;3816;-7632;3928;3928
1933800;-7856;3860;3860;-7720
1933900;3900;3900;-7800;3996
1934000;3996;-7992;4016;4016
1934100;-8032;4056;4056;-8112
1934200;4080;4080;-8160;4128
1934300;4128;-8256;4116;4116
1934400;-8232;4156;4156;-8312
1934500;4176;4176;-8352;4176
1934600;4176;-8352;4252;4252
1934700;-8504;4252;4252;-8504
1934800;4324;4324;-8648;4316
1934900;4316;-8632;4540;4540
1935000;-9080;4436;4436;-8872
1935100;4472;4472;-8944;4460
1935200;4460;-8920;4432;4432
1935300;-8864;4544;4544;-9088
1935400;4580;4580;-9160;4588
1935500;4588;-9176;4628;4628
1935600;-9256;4680;4680;-9360
1935700;4704;4704;-9408;4808
1935800;4808;-9616;4812;4812
1935900;-9624;4904;4904;-9808
1936000;4876;4876;-9752;4924
1936100;4924;-9848;4980;4980
1936200;-9960;5072;5072;-10144
1936300;5128;5128;-10256;5152
1936400;5152;-10304;5228;5228
1936500;-10456;5268;5268;-10536
1936600;5340;5340;-10680;5444
1936700;5444;-10888;5512;5512
1936800;-11024;5468;5468;-10936
1936900;5572;5572;-11144;5588
1937000;5588;-11176;5632;5632
1937100;-11264;5668;5668;-11336
1937200;5732;5732;-11464;5716
1937300;5716;-11432;5732;5732
1937400;-11464;5772;5772;-11544
1937500;5832;5832;-11664;5836
1937600;5836;-11672;5812;5812
1937700;-11624;5824;5824;-11648
1937800;5872;5872;-11744;5888
1937900;5888;-11776;5920;5920
1938000;-11840;6000;6000;-12000
1938100;5944;5944;-11888;5948
1938200;5948;-11896;6016;6016
1938300;-12032;6048;6048;-12096
1938400;6028;6028;-12056;6552
1938500;6552;-13104;6156;6156
1938600;-12312;6248;6248;-12496
1938700;6304;6304;-12608;6352
1938800;6352;-12704;6440;6440
1938900;-12880;6596;6596;-13192
1939000;6464;6464;-12928;6548
1939100;6548;-13096;6632;6632
1939200;-13264;6652;6652;-13304
1939300;6700;6700;-13400;6736
1939400;6736;-13472;6816;6816
1939500;-13632;6824;6824;-13648
1939600;6836;6836;-13672;6964
1939700;6964;-13928;7060;7060
1939800;-14120;6988;6988;-13976
1939900;7044;7044;-14088;7088
1940000;7088;-14176;7084;7084
1940100;-14168;7112;7112;-14224
1940200;7208;7208;-14416;7272
1940300;7272;-14544;7296;7296
1940400;-14592;7348;7348;-14696
1940500;7356;7356;-14712;7428
1940600;7428;-14856;7456;7456
1940700;-14912;7472;7472;-14944
1940800;7312;7312;-14624;7324
1940900;7324;-14648;7428;7428
1941000;-14856;7476;7476;-14952
1941100;7556;7556;-15112;7436
1941200;7436;-14872;7508;7508
1941300;-15016;7472;7472;-14944
1941400;7540;7540;-15080;7404
1941500;7404;-14808;7428;7428
1941600;-14856;7388;7388;-14776
1941700;7388;7388;-14776;7340
1941800;7340;-14680;7348;7348
1941900;-14696;7296;7296;-14592
1942000;7232;7232;-14464;7252
1942100;7252;-14504;7184;7184
1942200;-14368;7172;7172;-14344
1942300;7200;7200;-14400;7088
1942400;7088;-14176;7068;7068
1942500;-14136;7064;7064;-14128
1942600;7036;7036;-14072;6996
1942700;6996;-13992;6984;6984
1942800;-13968;6952;6952;-13904
1942900;6944;6944;-13888;7424
1943000;7424;-14848;6840;6840
1943100;-13680;6840;6840;-13680
1943200;6760;6760;-13520;6704
1943300;6704;-13408;6692;6692
1943400;-13384;6696;6696;-13392
1943500;6700;6700;-13400;6592
1943600;6592;-13184;6576;6576
1943700;-13152;6520;6520;-13040
1943800;6432;6432;-12864;6488
1943900;6488;-12976;6396;6396
1944000;-12792;6388;6388;-12776
1944100;6284;6284;-12568;6328
1944200;6328;-12656;6308;6308
1944300;-12616;6172;6172;-12344
1944400;6216;6216;-12432;6104
1944500;6104;-12208;6092;6092
1944600;-12184;6084;6084;-12168
1944700;6016;6016;-12032;6008
1944800;6008;-12016;5984;5984
1944900;-11968;5932;5932;-11864
1945000;5932;5932;-11864;5992
